task,country,lga,burden,burden_raw_uncalibrated,ci_lo,ci_hi,population
pw,Nigeria,Alimosho,1186636.7803587401,1155335.2401740353,870473.4620299211,1480698.5978203143,2057386.643183
pw,Nigeria,Abuja,959143.8621244249,927238.6068565454,849128.2332276206,1075435.7934063612,2588985.010097
pw,Nigeria,Surulere,587680.0822054491,588498.1468936332,243359.08570703518,975929.5597101122,1118969.468593
pw,Nigeria,AdoOdo/Ota,459171.70898031944,460059.74237270217,351280.11450951174,587675.9554143725,1013450.181367
pw,Nigeria,Oshodi/Isolo,457269.6499178718,469147.40788866143,302164.014372113,641308.3206469798,967778.714343
pw,Nigeria,Ningi,457154.55779547716,460317.31380789686,404122.35928518296,513531.32443142735,578502.758115
pw,Nigeria,Toro,418519.0378861135,425625.83208360506,376616.0640875304,462798.57087378943,521560.588248
pw,Nigeria,Nasarawa,405265.22231587913,386771.98538760445,199180.10716371657,720468.077511635,1007592.19559
pw,Nigeria,Bauchi,398966.33669922693,399092.8132898622,332963.70705718576,471791.3461413458,736838.001627
pw,Nigeria,Kosofe,398342.7241416233,389904.2640388559,243886.75505232648,551816.5523939669,900184.322142
pw,Nigeria,Akko,397016.31362968165,397409.2652940739,223684.62719720622,666851.3250836942,730893.777093
pw,Nigeria,Mushin,387338.13009129313,382636.90762485244,289263.3809748731,487723.2515854163,870391.628973
pw,Nigeria,Ifako/Ijaye,381086.85592310294,374707.19119189377,323509.3843639684,437178.83033033554,593164.159538
pw,Nigeria,Ojo,380205.7327185395,373560.991214402,247114.0181996353,553246.9886614676,849642.913908
pw,Nigeria,Igabi,374849.79576735955,370330.5975013784,311258.1092882382,441855.86587343656,688524.800438
pw,Nigeria,Bassa,369194.42917441454,373616.3618079047,321348.80009440717,422215.3446992679,478226.546185
pw,Nigeria,Ikeja,361822.7697297401,349857.85620707413,241839.19866865326,492922.8734830045,689020.8477129999
pw,Nigeria,Lere,361136.0407797282,367581.2266317716,314760.4025006422,410965.15435243683,478186.176756
pw,Nigeria,Maru,358892.14489804563,364203.4914057673,314620.0201506547,403921.8577589162,429148.851414
pw,Nigeria,ZangonKataf,357355.066435098,359719.5031138716,311666.7548885376,413440.73947148793,467445.253007
pw,Nigeria,Ifo,353130.61113908375,350283.07847339386,270237.8498413114,445423.3268930084,798394.852863
pw,Nigeria,Giwa,351856.4908618778,357382.54881566856,307719.6511129188,399596.2592484308,433506.016618
pw,Nigeria,Chikun,344024.31253352936,348056.10223577265,282298.01476846903,416142.8670352118,527816.287836
pw,Nigeria,Ajeromi/Ifelodun,341580.84192718484,336831.5405416511,305273.4034863097,370010.1707878792,787152.093061
pw,Nigeria,Ganjuwa,335612.2220440481,339327.3964068427,298376.0696682277,373748.1599032837,413073.692205
pw,Nigeria,Alkaleri,335548.72355809185,332687.3261152554,280287.6021544599,398204.2089414519,479251.89783
pw,Nigeria,BirninKudu,335133.6505613092,338575.39540354273,294718.36641243484,379391.29991351365,445183.058069
pw,Nigeria,Mangu,333987.2195028272,336552.39650855726,299412.2279196413,373700.0982833874,436193.623488
pw,Nigeria,Ikorodu,331341.22061911324,333987.53987896955,279144.00530960876,382847.042619687,806471.896434
pw,Nigeria,Zurmi,329567.12852528127,334053.42446399713,269657.42723551736,397763.62015728373,455669.761567
pw,Nigeria,Zaria,324896.40596945654,314503.1801487807,223725.94184847013,439764.42762939556,585204.666834
pw,Nigeria,Kubau,320920.2596463887,323299.1041038101,272665.3619122077,374957.0865524359,408205.458802
pw,Nigeria,PortHarcourt,319179.1438071201,321074.4688986808,196029.35609280955,448482.8589776053,750104.323748
pw,Nigeria,Yenagoa,319046.3806954909,311257.11271867924,223436.13269330907,434208.3232358552,546766.373963
pw,Nigeria,Gusau,318589.13711468905,318349.00760520156,245681.48069414814,392014.48343660706,541558.756387
pw,Nigeria,Soba,316282.28030287777,321597.46865443885,281509.71835967276,358548.063668594,405530.426387
pw,Nigeria,Bichi,315499.6950996774,320046.94649714016,277172.0834867249,359644.7873046981,417932.505535
pw,Nigeria,AmuwoOdofin,315324.842938457,313054.51030721125,158120.96796140177,498118.9694584661,747721.481207
pw,Nigeria,Gamawa,314332.17363604,316979.6391276395,277281.72577497276,359017.9141333226,422868.34116199997
pw,Nigeria,DankoWasagu,314225.8857075531,319215.465464451,270959.144809881,355429.81543777854,386069.964091
pw,Nigeria,BirninGwari,312647.15772117756,320210.5058134207,265235.44462706463,368135.3047282079,370565.432424
pw,Nigeria,KauraNamoda,307048.84443399525,308249.5904200858,255269.30670056515,354814.0950419161,417491.508069
pw,Nigeria,Kumbotso,305342.59214599425,294045.96754928626,230539.05322823362,391104.6813933373,505766.793043
pw,Nigeria,Bwari,303992.6183413507,307122.8194509093,240801.13999229824,363173.7942459768,737213.59461
pw,Nigeria,Ifelodun,302715.35402729886,306976.4022693666,244354.4351186575,380004.9892710198,432040.83539200004
pw,Nigeria,Kiru,299858.39763240755,299665.0845193505,257218.5886760949,338274.64521425357,391679.87587499997
pw,Nigeria,Kankara,298351.79242317786,301611.4814012518,254044.31136627521,349304.5289268786,358408.124229
pw,Nigeria,Gwagwalada,298115.65649314167,290731.54286274326,186476.31536909216,424302.7066696167,504279.67598400003
pw,Nigeria,Kwande,297492.48586829565,303630.61236748385,254185.70427333057,344519.0322546849,354019.039407
pw,Nigeria,Okene,297201.6132759956,302531.43336795847,45200.15145326928,742391.653352232,479668.32688400004
pw,Nigeria,Kachia,296660.2353129682,301095.48848705704,262264.25114602863,341613.43013422214,365528.420949
pw,Nigeria,Sumaila,296258.0023666629,300104.0298761146,261246.66487472953,342066.42637539783,371622.689019
pw,Nigeria,Fune,295088.1629826791,297448.11320520256,259320.2814703198,336135.9572389873,453498.01312200003
pw,Nigeria,Gboko,291929.0530682881,302060.2891074416,224572.08557582437,370959.5336186783,523648.683117
pw,Nigeria,Jema'a,291869.9447001818,292376.40102109086,238742.43080959393,348340.8603826225,376588.127207
pw,Nigeria,Ikpoba-Okha,291753.2753883432,284438.8984565634,220097.61367931604,366482.94891327363,583687.164124
pw,Nigeria,Shiroro,291518.2266421374,297687.1158839172,261758.62818696946,325785.1749152333,351172.944102
pw,Nigeria,Yamaltu/Deba,287066.5886706926,286104.39997647685,229844.65157403922,356557.79466327006,393611.81613500003
pw,Nigeria,JosNorth,285152.1149587802,280422.6489297573,217606.7563922383,364846.67370407825,606160.762695
pw,Nigeria,Bungudu,284392.26903694915,286710.03477561614,247958.91730617284,328201.3741792161,378116.949282
pw,Nigeria,Tsafe,283561.7745037325,285419.76991538965,242459.24936706666,333088.9091996116,376681.194874
pw,Nigeria,IjebuNorth,283291.1847147515,278668.2279528313,148000.21715911748,439146.17886796675,416259.29574499995
pw,Nigeria,VandeIkya,283153.69337227056,289552.74188272154,243296.00876505242,324051.74642475805,349838.168565
pw,Nigeria,Bama,282613.41935207474,284488.1506884618,205755.4224395587,390319.7437159874,360509.086536
pw,Nigeria,Gwaram,280087.27315168147,280753.9108574607,241876.9029890048,319058.10724911024,376733.687451
pw,Nigeria,Jakusko,277950.75467986276,278729.3854746241,222689.61596094765,349905.3493273933,362789.09996200004
pw,Nigeria,Katsina-Ala,277080.8366551294,284753.5495032095,251204.27825597994,305062.28172164893,334894.58276799996
pw,Nigeria,IdemiliNorth,275804.5531652601,271880.5571538029,189712.58461942343,375476.2954914872,505001.773345
pw,Nigeria,Tafawa-Balewa,275325.180132236,280256.82408925885,234409.74928588505,320449.81919558224,328938.826221
pw,Nigeria,Kagarko,274206.5436247657,276554.8158529977,232028.91319895213,323564.8864197269,337386.663225
pw,Nigeria,SakiWest,273979.4333562467,277478.2386103758,185694.74047800043,378584.696556676,370336.584151
pw,Nigeria,Damboa,273883.09917895944,275890.52684067277,191905.6138809277,389209.5324678231,354827.246041
pw,Nigeria,Rogo,272619.01224737667,275194.62895821966,233517.9648468458,316211.60310141876,354032.647319
pw,Nigeria,KafinHausa,270888.7631143847,270180.9900991544,229842.8296172031,321063.1781288395,382729.963002
pw,Nigeria,Kano,269371.7921393527,246280.41266045053,181684.12433648304,401004.8648336557,611628.4668010001
pw,Nigeria,Lafia,269024.1334543002,271233.34608227207,224701.91456006592,319748.88105171156,471762.083018
pw,Nigeria,Abua/Odual,268809.943432826,266616.1499725529,158198.83223647726,444076.0564255457,421281.735947
pw,Nigeria,Kauru,268272.4618284872,273911.5029597475,235646.55530237727,302814.7520403429,317212.948531
pw,Nigeria,Lavun,267941.6257318024,268745.4579294335,216328.62670679274,333817.38119858125,436305.097702
pw,Nigeria,Misau,267088.14119220513,266239.7485005057,231866.09503793647,306647.0823831385,386727.23837100004
pw,Nigeria,Obi,266433.59050533385,269052.45255327626,219359.751375543,323309.3028178868,350468.340874
pw,Nigeria,SouthernIjaw,265524.28437197837,261423.00545907483,213515.99446010738,326034.2180946279,439696.082578
pw,Nigeria,Ankpa,263689.6468951964,262673.4810566512,202395.7573502896,321773.32832842047,382930.18064800004
pw,Nigeria,DawakinTofa,262802.6985516361,264207.13800567796,220168.18389899016,319170.15865311946,359525.76879999996
pw,Nigeria,Ekeremor,262549.72461942787,259347.1434603569,207581.5847977521,321997.4203956407,399971.02711
pw,Nigeria,Ungogo,262376.205977966,259654.3545187829,187195.94647270718,353198.80591212114,743836.465426
pw,Nigeria,Mariga,262211.70950912096,268923.96749457007,237000.05241830667,291334.64669589937,303404.691229
pw,Nigeria,Darazo,261114.27470214537,259964.75446332298,219822.59501328724,308895.08912376035,376688.492096
pw,Nigeria,Konshisha,260701.13780641215,264640.05486774904,229607.5528518247,295355.9518112156,320150.386145
pw,Nigeria,Shira,259919.17078747822,260792.0718780525,224274.93721412166,302692.0676299886,350757.472159
pw,Nigeria,Bukkuyum,258014.0097029435,263419.5898265326,227356.2020643391,299205.6912633092,303109.142272
pw,Nigeria,Gwoza,255560.04675565637,259181.42234466103,140219.90139838823,381617.30931479577,404932.980782
pw,Nigeria,Mokwa,254921.4085971158,256336.70785398217,198253.7172507979,325011.94196099014,367161.228498
pw,Nigeria,Katagum,254824.26622724955,255523.63982833995,218515.55483529007,302496.007676125,438006.567414
pw,Nigeria,Izzi,254772.95425103442,256901.99692003633,229025.86743559013,283336.59061329893,323269.106304
pw,Nigeria,Ilaje,254651.36935649798,251554.66812699568,189211.0932299608,323312.91332218336,397812.12793099997
pw,Nigeria,Batsari,253696.3305839019,258247.73479791873,221096.85787235867,293357.27064784715,306378.81505000003
pw,Nigeria,Ihiala,253562.40384151516,241407.18404204055,197135.5115691377,312180.2202987261,413236.098212
pw,Nigeria,Ukum,253129.11802805384,258260.22005814404,221174.3962713869,288206.0542713449,313198.885875
pw,Nigeria,Iseyin,251057.15235933475,251492.62824974963,157889.0661574114,368409.40663726756,382177.687105
pw,Nigeria,Funakaye,250916.47044316304,247552.5329398573,170580.87459883816,363123.0923209676,354199.500071
pw,Nigeria,Mashegu,250866.79608879023,253109.64980883404,211646.85775573587,288275.6347379131,332451.722179
pw,Nigeria,OndoWest,250433.67038552804,242701.4271826881,132179.57486309274,432413.3998337744,407825.599379
pw,Nigeria,Dekina,250207.47675025582,246279.1020581963,209724.31834415966,289672.6589008792,380628.167659
pw,Nigeria,Akoko-Edo,249826.87745621134,245761.88737280128,186941.00091238815,323666.7530300527,370934.554238
pw,Nigeria,UghelliNorth,249566.48968082067,248110.9297349543,195717.54535783382,309354.55370614695,483912.22204799997
pw,Nigeria,Gwadabawa,249328.47471196554,247246.3638285424,200076.47042915263,314774.74876621214,349210.911741
pw,Nigeria,JosSouth,248641.79736916817,250753.71702180515,188048.1378699826,312756.589002886,439726.42273399996
pw,Nigeria,Gassol,246890.5126867626,247475.30243440092,187229.99373953755,322742.3032846055,348192.898212
pw,Nigeria,TudunWada,244566.95523246867,248175.45478774546,205723.4680927779,285990.4426312529,323427.41786
pw,Nigeria,Onicha,243274.43556594456,243506.18797551058,206578.35668114928,287289.4740697278,324624.219442
pw,Nigeria,Makoda,243008.10884915685,247426.9758679692,201966.72882762906,283039.6317880856,309901.588611
pw,Nigeria,AkureSouth,242595.06283715754,233771.77835427102,171639.9169144594,331680.6705817607,515891.31435
pw,Nigeria,Kuje,241896.6377940138,247558.41489470509,188690.24515044928,304138.1163046948,285755.948989
pw,Nigeria,Itas/Gadau,241349.864296857,243718.444752429,207362.2594162074,279743.11153344624,332072.201678
pw,Nigeria,Udi,240990.14198046998,235328.14621662287,179842.101522447,308217.9058472404,381887.097547
pw,Nigeria,Jahun,240601.07258711843,244088.96440644428,211950.06838645626,270724.4389394836,321467.561051
pw,Nigeria,Minjibir,240255.5828794429,241492.7618067488,194501.8007891513,289597.30838769145,308625.331993
pw,Nigeria,Takai,240161.53311165178,240480.6006628206,206038.76025998747,279840.03686645,315607.879311
pw,Nigeria,Yala,238411.7681900844,244935.99868273095,204481.94082138897,272612.51125743415,296401.763384
pw,Nigeria,Nsukka,237753.4528901749,229959.10441054078,167751.6977020798,330006.15028928913,437750.322249
pw,Nigeria,Wukari,236490.0407594981,242594.30760017456,190336.04322678637,293734.1484788294,336950.021915
pw,Nigeria,Ikwo,236017.26429103382,235264.88179640402,204005.91234262404,264882.5810177345,306862.062719
pw,Nigeria,Bagudo,235948.75941749307,236443.52857029834,199349.64347672835,277429.9774757529,315744.630301
pw,Nigeria,DawakinKudu,235624.65339496222,235286.96172189547,186518.52463471776,294395.55189278204,345565.48618999997
pw,Nigeria,Gaya,234019.7942698875,234448.93790323168,203864.55183538052,267184.36793941044,306530.988919
pw,Nigeria,Ikara,233963.13240234586,236063.1534382419,202025.92080606156,269145.78081830346,288748.675974
pw,Nigeria,Gabasawa,233405.4345295442,233459.54878209633,183462.59585349567,286159.8756315164,308109.685525
pw,Nigeria,Faskari,233380.15119708967,236655.03030981004,190480.6288863991,286062.1815157432,279849.587518
pw,Nigeria,Rafi,233331.43636634722,238198.34373208432,203010.76661605228,265183.37884458207,276649.850064
pw,Nigeria,Babura,232857.18000662906,234842.40036082643,200616.90217275269,276436.2464406243,292881.81607
pw,Nigeria,Bukuru,232341.1743127103,236769.5242841841,191735.33654611642,277524.481567113,290211.208183
pw,Nigeria,Ijero,231762.80886581395,228483.53814896502,113472.10291747093,359844.40152384026,330610.148221
pw,Nigeria,Dutse,231577.33181172045,230664.253432933,198151.6075287495,271542.1927441985,358348.721555
pw,Nigeria,Dambatta,230889.38947982952,228176.12578864186,185876.33030753405,281728.91319677955,325436.577736
pw,Nigeria,Egor,230703.7916068097,226559.6924599153,143808.63668708754,338716.6993937111,461129.074834
pw,Nigeria,Otukpo,230418.6193640454,231216.8308263732,170522.3795904826,294042.2021490259,364702.026158
pw,Nigeria,Gummi,229308.0438572877,229716.60284369107,183047.08226558537,287262.8105527447,303057.825333
pw,Nigeria,Khana,228832.98406500538,218028.3747173135,184990.33428407862,275926.9877736039,425422.61992
pw,Nigeria,AkokoSouth-West,228779.4032218219,222605.30080030917,139318.15860734278,341818.445594771,351788.414478
pw,Nigeria,Bali,227799.03240659685,227243.14232358753,174342.25676355028,299224.866799556,294749.511175
pw,Nigeria,Safana,227299.3104716216,232076.75111186222,190507.0245147285,269978.8581809836,251413.410764
pw,Nigeria,Tambuwal,227133.14450479057,226903.53778279424,192394.71103330358,268376.6863935626,321217.193408
pw,Nigeria,AhoadaWest,226716.77033254816,225138.6545069926,156985.69547805088,305088.3891683539,343266.824087
pw,Nigeria,Shomolu,226528.27302633467,201763.57822279065,194967.30033788516,247403.8978774656,386863.21951900003
pw,Nigeria,LagosIsland,225253.6551482484,217760.89413742704,82472.70352678945,411112.65876523097,426613.509105
pw,Nigeria,Irepodun,224992.0572212697,222364.7907256648,144540.13955126517,316394.91444565065,368105.760574
pw,Nigeria,Talata-Mafara,224163.40568122975,226379.85490993824,184941.97544856137,267713.3744669403,306173.90177399997
pw,Nigeria,Shendam,224113.8225101734,226485.78439226502,186509.1198139,272386.477931435,293415.582605
pw,Nigeria,Edu,223007.5749145707,222380.2339106555,168288.8185406968,284981.09416308935,287880.491543
pw,Nigeria,Kafur,222097.8666676581,224329.4200786507,197503.27220284202,250585.27037441748,285266.23091
pw,Nigeria,Mani,221684.5897727763,225595.35434424097,197500.43988689172,250650.04805116236,258868.92121
pw,Nigeria,IbadanSouth-East,221551.88032182565,219626.67412430272,123309.89603271971,308668.5150479298,398152.76826
pw,Nigeria,Gada,221187.1806528569,216468.76196607394,178973.36934690102,268994.51582918956,337129.630157
pw,Nigeria,Maiduguri,220672.22963203132,206483.7450133385,132545.92652963343,324765.847179697,777957.962592
pw,Nigeria,Fufore,219102.09315934053,221564.43250527774,190516.9220569738,250557.26941118448,276718.980844
pw,Nigeria,Qua'anPan,218076.58374143,220764.80994011395,181810.98588535492,257398.67629515624,278585.447227
pw,Nigeria,Ingawa,217858.46246862202,222079.59799670984,190343.9632239866,251582.97468228632,253655.810538
pw,Nigeria,Rijau,215938.02678615056,219204.2922550068,183692.94790428074,253021.45732036926,267793.040811
pw,Nigeria,Ohafia,215423.34057793705,211817.52080586113,142176.1216350858,311169.819830093,343246.313058
pw,Nigeria,Balanga,215077.0443572489,213298.26710787052,174053.1012009671,259332.23861371606,305401.012759
pw,Nigeria,Dukku,215022.2243459679,212807.58976770082,180546.15313617655,252635.8297629866,309958.927492
pw,Nigeria,AbaSouth,213839.82825976092,220215.50164936943,129581.56064049841,322500.5824325186,489216.91117
pw,Nigeria,Obio/Akpor,211979.92914467584,210406.21520687858,168605.19598937078,251417.27869404902,673489.794099
pw,Nigeria,IsokoSouth,211957.43792583933,208063.63022602213,155577.26396888113,271528.5495644905,361825.43074
pw,Nigeria,Ogba/Egbema/Ndoni,211939.0814249229,210051.8180402985,155644.79004898833,290557.8305600858,388678.004917
pw,Nigeria,Magama,211852.98635099208,213000.66530769298,180519.13753273338,254537.18054819584,273457.362575
pw,Nigeria,Owo,211849.4351578511,207401.6988917335,147744.65927154807,284457.66457644827,321474.791448
pw,Nigeria,Guma,211076.33796761103,215654.4368749436,175045.28356586993,256125.71248640772,276571.10025200003
pw,Nigeria,Kwali,209966.4124904683,213855.51981205106,164905.71586162568,257547.043718978,292636.042284
pw,Nigeria,Ofu,209168.29154152804,209731.3210413655,170534.68277955262,253350.18223713263,272183.98122
pw,Nigeria,Albasu,207528.92930385954,209633.05815325928,183262.23769694834,235784.18279701038,280794.308503
pw,Nigeria,Ado,207341.67783093543,210631.77225519865,168161.64661419045,256564.52012119882,253837.952163
pw,Nigeria,Pankshin,206702.67514910584,209245.9521569965,177717.89121847766,235635.59698335486,259082.458295
pw,Nigeria,Dala,206631.95546578453,208908.98377332717,137935.82961677935,273119.5287790223,480253.48640399997
pw,Nigeria,Billiri,206051.31454658613,205159.12577810112,132467.80011662823,303736.8115648823,296672.29553
pw,Nigeria,BirninKebbi,205834.17220083048,202814.05472538757,165662.63926426516,261563.45002147547,404733.336079
pw,Nigeria,Ohaukwu,204657.89896672277,203982.85099298498,166352.74249466477,244345.75162662944,270670.527803
pw,Nigeria,Aguata,204061.05464730103,203144.8307452333,160201.74621282637,249575.1923167866,520755.115868
pw,Nigeria,Kwami,203902.5284818183,203246.16528474764,153378.00673030605,256247.97468609497,286066.061592
pw,Nigeria,Oredo,203356.19693840708,199798.61265078583,128399.72072255396,285806.6014707961,463871.920146
pw,Nigeria,OgbomoshoNorth,203270.72882681797,206186.05746477508,136219.0105506019,283567.4987627129,341423.262501
pw,Nigeria,Gezawa,203008.70953029374,204766.5163994233,150916.0983864935,263854.7186780494,414942.121458
pw,Nigeria,Jada,202873.6395396222,207058.82943220052,174036.21188993365,236101.24278551116,231190.134336
pw,Nigeria,UghelliSouth,202282.82604511204,201706.86196355536,157738.94074432264,251459.01700318244,329414.925881
pw,Nigeria,Gwale,201713.27794061883,203732.8955716119,150071.65724933063,256812.45948069915,563114.01774
pw,Nigeria,Odigbo,201631.179191113,203559.73353464296,155812.5973528191,259011.91743170843,329117.49918
pw,Nigeria,Bebeji,201317.61367288494,202454.26280110938,168825.20738558078,238001.8419542642,291364.292162
pw,Nigeria,Song,201219.07963520984,203489.5795881957,168976.60580185713,236763.16046371427,268448.087771
pw,Nigeria,Dange-Shuni,201208.26294490625,201156.59889292225,152824.990544503,255664.25770844333,271188.555066
pw,Nigeria,Ushongo,200262.00958641304,204264.29234784792,176033.4694111393,230528.94935531772,259551.334913
pw,Nigeria,Maradun,199723.23178479564,197799.33158081572,159240.16878781185,243632.38000419558,284094.323617
pw,Nigeria,Paikoro,199645.57869721184,203102.2916533933,170313.60570196848,238716.9621830631,234599.19091200002
pw,Nigeria,GwerEast,199421.93943859456,202897.66355571648,166326.87722730916,232707.83501011974,251917.093173
pw,Nigeria,Andoni,199334.55890337995,196557.2980099992,112934.9502275404,305306.34036191774,325212.449944
pw,Nigeria,Baure,198831.4748447401,195636.1902700429,169572.4897480895,227451.30767344034,281689.663861
pw,Nigeria,BarkinLadi,198527.8425205219,201165.38100835265,175964.90285842572,223524.44637268505,256350.201716
pw,Nigeria,IbadanNorth-East,198481.6919219045,192995.8400137845,183961.56165728587,216098.19337939002,333290.27585
pw,Nigeria,AhoadaEast,196906.8636566616,192707.7328331736,145108.6671587917,243750.77438096347,286703.507463
pw,Nigeria,Eleme,196687.56624227075,192306.94045598106,118007.40579950537,283507.2116513844,362129.359537
pw,Nigeria,Borgu,196412.55414546386,200088.47050015954,166080.14427855646,236108.4493198809,261964.101647
pw,Nigeria,ArewaDandi,195560.67348780218,195420.98850759468,168068.06297460455,225882.41205229395,264187.100303
pw,Nigeria,Bokkos,195497.7466947129,197026.5768108473,172263.46412487765,224435.75671934427,254253.212282
pw,Nigeria,Musawa,195218.8282185394,198454.80664337846,170501.27408411235,223859.04020976464,241457.643524
pw,Nigeria,Ogbaru,195039.2591309697,190725.6456444089,136804.7438351602,258667.13038357065,301450.325211
pw,Nigeria,Maiyama,195027.6650000193,197241.86607976278,157364.41103558496,236006.3707295889,253919.108713
pw,Nigeria,IbadanSouth-West,194742.6159967832,190109.63395313756,106877.23588024691,304387.02536060655,437389.954699
pw,Nigeria,Kaita,194632.8078727972,196251.25324652257,165548.5819849525,222108.83383125006,259675.27113999997
pw,Nigeria,Okpokwu,194420.950239154,197278.99054240284,143107.93203260435,249313.41361422717,249109.30424199998
pw,Nigeria,Mainland,194215.12762377097,183591.88891881867,138909.59317966978,260959.49944106856,388454.738273
pw,Nigeria,Ajingi,193899.9172741326,194702.5822420936,163442.6648669909,226950.4436828929,259857.50324700002
pw,Nigeria,KarimLamido,193771.1143977047,195405.84273836119,165429.86262894314,230275.74256336523,272065.803421
pw,Nigeria,Baruten,192218.10576896195,196544.50448533558,162936.46398559876,221846.92479176942,226458.913083
pw,Nigeria,Zaki,192072.17053205572,191722.64413834724,164101.5154545811,222084.30740835,278432.851188
pw,Nigeria,Bunkure,191610.5801107611,190694.87845167998,163425.5097878194,227123.41574985674,255966.542485
pw,Nigeria,IbadanNorth,191590.25127902397,185362.69492790726,76068.94094818296,301609.67339901224,402140.027734
pw,Nigeria,Ringim,191545.83637563777,193063.64076728324,163161.5602517063,222756.06196254725,272020.251036
pw,Nigeria,Funtua,191511.85070380245,191549.1875891935,149726.4333651527,246773.46781836092,329469.13703700004
pw,Nigeria,Logo,191275.87119865374,194078.2075352704,145962.70251818423,240125.30366800056,236291.570869
pw,Nigeria,Edati,191206.21296970622,194338.24737650462,140513.62030957418,250799.71771895903,229081.18536
pw,Nigeria,Awgu,190169.08411421438,186291.07955321606,143135.55099880754,242108.99704082418,265503.60889699997
pw,Nigeria,Oju,189929.35196623663,194707.34112157725,150398.8291297113,227508.4327323898,245424.99233799998
pw,Nigeria,Biu,189927.94723413762,189086.38753495875,127512.90914503866,277949.95960645005,263541.433769
pw,Nigeria,OnaAra,189829.1055280225,194150.02091462872,78059.51345052001,313195.82975238963,490689.177753
pw,Nigeria,Igbo-ezeNorth,188168.9766202257,182738.49098584615,146408.1557296958,226942.08330252577,374679.727982
pw,Nigeria,AkokoNorth-West,188150.52774158656,183150.15338597406,117189.01320465597,281426.9635850797,294932.021288
pw,Nigeria,Bindawa,187666.88534492362,189049.16731427415,157571.10464579827,223287.94173176715,227307.93624
pw,Nigeria,Yakurr,187344.58443325912,184352.66762621,106894.8287277506,285428.2036200911,277718.589583
pw,Nigeria,Mbatoli,187285.94443095638,180412.79172451305,168773.71253503318,204093.5524183638,326085.19025600003
pw,Nigeria,Kaltungo,187252.91715981832,187643.91655579943,152103.06886046464,224541.5094067564,248400.440172
pw,Nigeria,Bakura,187063.8702670442,185296.633494318,140962.11818604486,256789.52430923664,275813.843698
pw,Nigeria,Kanam,186519.7249281129,189062.7220981173,156092.58173367346,221635.43303263214,232268.150458
pw,Nigeria,Tsanyawa,186248.48642929917,187554.21704828076,159528.83873851155,215168.87629118288,228805.741049
pw,Nigeria,Daura,186068.6747616787,174688.60912211053,134219.7127142835,242956.005933415,334189.996727
pw,Nigeria,NnewiSouth,185645.77744116198,179652.71054879235,160861.9937022756,206702.98433760894,313210.425504
pw,Nigeria,Kajola,185267.96679689107,183966.6604293874,99143.72201415367,288025.18299493863,295696.180626
pw,Nigeria,KiriKasama,185228.603397693,183296.65452956024,143892.4977075445,229208.76493252808,259179.66018500002
pw,Nigeria,Birnin-Magaji/Kiyaw,184770.66124419207,186714.49244725396,133520.9731660019,245225.41102225485,254356.906994
pw,Nigeria,Mashi,184522.4296250195,187846.85331380658,156552.13836172153,223361.25875075033,228776.93187899998
pw,Nigeria,Wase,183809.7524866499,185264.96520734564,151351.77814254866,218675.47036306522,233423.7394
pw,Nigeria,IsialaMbano,182781.20677658197,177592.6205756532,137552.4497772785,227756.58560625554,309024.25298
pw,Nigeria,Bagwai,182712.05728575765,183828.57064884686,155458.44069268365,209927.80026089237,240166.429445
pw,Nigeria,Bende,182295.03560152452,178935.19781405362,136183.22772659676,234180.09208582438,287008.202372
pw,Nigeria,IlorinWest,181977.20090806863,178120.98911873074,132981.58871882482,242937.10811220328,467218.585856
pw,Nigeria,Kiyawa,181358.46176924,180855.9822078967,154975.39532380542,210365.00975788178,249747.925826
pw,Nigeria,Burutu,181352.57394479922,180504.74939142595,148196.68774122457,218030.76896065523,264610.81528
pw,Nigeria,IkaNorth-East,181319.65299328603,181152.14527297046,128257.82491339408,233202.43804642637,272345.217871
pw,Nigeria,IbionoIbom,181241.31349776904,174160.1690736682,135007.08867077893,221594.16308118234,269821.420072
pw,Nigeria,Dutsinma,180701.38584117932,182585.33128223105,148495.38408370956,219184.4708969392,249614.200806
pw,Nigeria,Ganye,180585.05245165736,180499.3127404674,129232.2853998292,237340.0841886245,236027.697716
pw,Nigeria,Akpabuyo,180284.81180902367,177331.80074826776,134577.21363902066,227223.97007480473,321532.466114
pw,Nigeria,Sanga,180209.65757795214,181651.6322924186,148531.31435028886,214832.9243386507,231704.844161
pw,Nigeria,Ngala,179808.7646172672,185277.27621086425,58540.573770512194,355577.78483053786,347063.863265
pw,Nigeria,Orhionmwon,179115.385159125,177904.02646221087,135444.1802014507,218325.6485713912,253311.161598
pw,Nigeria,UmuahiaNorth,176583.03491982655,175638.50981646735,134357.10087148153,230050.93447081477,339791.103452
pw,Nigeria,Maigatari,176448.24506397094,176601.6430522061,142347.80740189,216975.24154819886,237567.21268
pw,Nigeria,EkitiSouth-West,176066.5589408049,172990.53671355732,75787.25081414712,312832.27033458883,226725.833622
pw,Nigeria,EnuguEast,175979.84369956973,172351.50909198198,102444.17071552412,261508.84210024858,367778.95282
pw,Nigeria,Ogoja,175701.77054204946,175550.85553503595,137378.08652929738,218905.224251856,244044.16114
pw,Nigeria,Etche,175429.84491328234,173404.26029115697,130169.52358295681,223398.79871986047,369813.050223
pw,Nigeria,Atiba,175335.49819170687,175791.17208055238,95423.25044103814,293191.29864275426,234779.41151499999
pw,Nigeria,Odukpani,175104.17342673673,172014.29115021377,141995.09078028632,206562.2988440336,255862.76502299999
pw,Nigeria,EthiopeEast,174639.89963341315,169552.09068012304,121781.62949182495,228102.85283945032,287564.534111
pw,Nigeria,Batagarawa,174262.83710864538,178527.58314625963,139438.54461598903,214422.52981924888,271070.232645
pw,Nigeria,Ezeagu,174078.8182823335,173308.42473827247,133101.17590921058,219181.1950711956,235909.000617
pw,Nigeria,IfeNorth,173742.43979897347,172856.5758492927,113404.48894416135,246103.84939022522,317820.234351
pw,Nigeria,Egbeda,173470.49956091837,163915.7699463184,43265.90534054707,344729.093276562,437683.948154
pw,Nigeria,Argungu,173406.50030453719,171924.4215049624,131691.90175314626,219630.49530255317,281841.004882
pw,Nigeria,Rimi,173051.88499916688,176629.0926004535,145162.55367411813,204105.59128477628,227800.540746
pw,Nigeria,Karaye,173025.65936264393,174967.05700204734,145725.8461272904,202376.94433146567,222073.945496
pw,Nigeria,SabonGari,172919.41788092087,179453.31658275594,123294.74423981442,230820.15265517854,413997.31115
pw,Nigeria,Badagry,172868.76333389472,168476.093201831,136463.42459182485,208224.50127274476,333178.917472
pw,Nigeria,Jega,172637.65736815485,172888.30259015164,109853.20755573078,241340.54510506496,283736.828878
pw,Nigeria,Emuoha,172543.6968963334,174710.62113086926,125992.71744167713,238300.43559335975,323144.239752
pw,Nigeria,Bodinga,172077.7854772641,172243.64861066523,146352.575640312,200798.42952508407,244029.286962
pw,Nigeria,Olamaboro,171955.239480373,172519.0254889514,146472.76065182113,196766.92548193954,227775.052868
pw,Nigeria,YolaSouth,171790.37713769104,166738.28637483405,92698.3122923844,286805.1714123253,283060.683584
pw,Nigeria,Makurdi,171435.87404853074,168257.10771428296,128500.7381237711,222474.0871714816,422046.251279
pw,Nigeria,Ori-Ire,171434.44519008082,172879.95650681877,136259.80268424394,214265.5201785916,224148.150708
pw,Nigeria,Shanono,170854.25828025056,173205.576143157,152341.86219490398,191741.6010784995,210499.726559
pw,Nigeria,Goronyo,170708.52646360968,168762.47809074196,136094.72304747778,206067.11039212576,256962.503846
pw,Nigeria,Kabo,170683.7154987705,171977.22597012785,149979.35974600495,196921.31739775377,235565.56793699999
pw,Nigeria,Jibia,170616.16275693028,171584.3301027664,142666.4292572264,198338.48305573533,227169.08745700002
pw,Nigeria,Udenu,170039.23845871657,166542.76741184833,125270.64178273181,216781.0174765282,247780.795286
pw,Nigeria,KadunaSouth,170014.06132917482,167599.49312829514,148918.34573417105,193269.91122770158,594215.336608
pw,Nigeria,Gwarzo,169935.41495979167,171067.06688726222,130361.04677901027,223473.89526016242,267142.002661
pw,Nigeria,Adavi,169522.6680107986,169884.7733628929,96301.91012556764,255771.8120941881,299661.063796
pw,Nigeria,Mayo-Belwa,169478.60920209571,172530.74356479463,146071.42739414246,197254.92011328004,221551.837916
pw,Nigeria,Ado-Ekiti,168987.667527116,171309.16855407078,106387.46877525088,236239.5357167371,434413.391124
pw,Nigeria,Shagamu,168548.53965874048,165269.96298817726,131378.99468558806,207371.31313157594,370317.135702
pw,Nigeria,Sabuwa,168544.76446128046,170810.682054966,130818.21784337643,221086.4998147333,203652.744977
pw,Nigeria,MkpatEnin,168321.3543168656,163084.39472532336,133943.57095404458,202584.36752680628,261313.624855
pw,Nigeria,Malumfashi,168298.67517412265,171696.0703811364,138051.71742130525,206902.90144533597,256178.076057
pw,Nigeria,CalabarSouth,168196.1923669697,170977.72252981135,61980.0347186999,299397.6405116816,277398.145243
pw,Nigeria,Uyo,167978.65584745834,155571.3834668897,123001.52045917949,215459.8112922046,449733.566185
pw,Nigeria,Obubra,167904.6931391547,166304.0510547945,130847.49364442258,202136.83331359184,248076.966673
pw,Nigeria,Wurno,167810.64673089172,167203.03952979852,125117.06204750555,214463.49038128502,236060.498066
pw,Nigeria,Ogbia,167780.03637083637,164345.2414883285,119810.75556217873,224689.24084283374,264009.214135
pw,Nigeria,Ile-Oluji/Okeigbo,167733.69963161572,165349.07509411417,82351.02405890037,317374.4401248782,230767.394046
pw,Nigeria,Rano,167682.20176602426,167549.68741764151,111859.79283414563,236313.89819547793,215445.94947
pw,Nigeria,Suleja,167277.66023391174,168117.00944154512,105249.03846158572,243043.1561206527,343712.83837
pw,Nigeria,Garki,167124.38914353756,168306.73564768196,142773.84895664966,191309.33082307695,208659.370056
pw,Nigeria,YewaNorth,166950.8178222411,166759.55883756038,131067.58749626625,204392.15667840597,262843.480674
pw,Nigeria,Giade,166650.9165560832,167450.95053055222,143133.15355494776,195496.92171760867,231841.68258
pw,Nigeria,Guyuk,166388.82180712384,166525.51289510305,119995.99658912934,226067.2493875904,245027.018447
pw,Nigeria,Doguwa,165987.4884488596,167739.16151485802,132654.54233219608,198943.69312877578,227902.484994
pw,Nigeria,Isi-Uzo,165579.2037077634,165896.79171234174,123578.168519443,203730.5637604205,212010.40370599998
pw,Nigeria,Kaura,165550.3573199422,165715.92779684823,130807.7795847619,209890.4009329524,258947.470973
pw,Nigeria,Ohaji/Egbema,165415.60787677002,162985.18435333553,125530.71707745241,210104.64478662476,271917.310809
pw,Nigeria,Ishielu,164041.00216557804,164505.9317819918,139807.91549870087,191039.63892798417,216677.986462
pw,Nigeria,Anaocha,163813.7816516709,169977.33608571862,126724.5427277706,196663.62357461636,454233.349693
pw,Nigeria,AnambraWest,163503.94952744676,163932.25689314067,126129.40946848839,207522.51836062648,213701.618653
pw,Nigeria,Karu,163422.08255738587,159282.31405372903,131924.07539860348,194134.31259015747,333936.184987
pw,Nigeria,Zuru,163347.04952542446,163954.12261442433,125795.29146691023,218529.53555141005,243389.326446
pw,Nigeria,OsisiomaNgwa,162813.1813598113,157533.91671600993,109028.99162644941,224188.76832489483,303451.196546
pw,Nigeria,Iwo,162601.763446031,163412.29734023305,95741.3989355423,247371.53699734222,281478.524108
pw,Nigeria,Kibiya,161548.25194527622,162499.2302591507,137794.83603513005,190970.39915078212,210142.591308
pw,Nigeria,MalamMaduri,161071.9119639461,158084.65158135735,108742.10333880995,224126.21926497103,227434.513706
pw,Nigeria,Rabah,160997.50130719744,162800.80051230633,122858.66562597587,207415.06368738823,214837.17152099998
pw,Nigeria,Kankia,160124.0311066466,161865.5015978419,128500.17673260985,199769.29685823232,201179.915993
pw,Nigeria,NkanuEast,159571.25151534195,159004.29947500626,122376.52399313546,197652.5539857598,219909.902494
pw,Nigeria,Anka,159528.6363859134,161679.3334545113,126236.45041151918,203504.32156083346,207263.500538
pw,Nigeria,Potiskum,159496.9728573412,163228.17105628335,93995.81336785076,238904.89835010024,320487.491118
pw,Nigeria,Charanchi,159466.29272234355,162762.07101533996,125969.78102034968,196036.90969282473,179299.898956
pw,Nigeria,Makarfi,159164.93283462425,160572.52964096953,132873.1713764727,191376.20411146304,204107.188234
pw,Nigeria,Obafemi-Owode,158814.5550535738,153283.3963138167,119147.37203523275,202157.01154116978,368573.19547700003
pw,Nigeria,Garko,158716.66618434922,158893.98731675796,137550.52931934598,182672.11914086525,239795.64528
pw,Nigeria,Okitipupa,158487.58432716745,157282.34303166546,106532.87957395424,223281.13484796218,337612.51602
pw,Nigeria,WarriSouth,157791.89055452848,163232.69141346257,80206.14380297135,258085.4670646344,362576.896928
pw,Nigeria,EtsakoWest,157614.75457406192,158891.82056518376,120720.33445577028,201965.40971900878,288702.32149
pw,Nigeria,Bakori,157465.93468415918,156840.3786622017,131898.40298722856,189993.99963564254,211833.58826
pw,Nigeria,Ikom,157436.5986931747,156525.6732355636,112081.72948064518,204385.35544231976,227582.794669
pw,Nigeria,Igalamela-Odolu,157250.80946506193,154072.37980864712,105641.74487750718,213055.5993340248,221082.88979699998
pw,Nigeria,Biase,157135.62030259677,155445.46520314494,119129.73146827299,194941.87616281174,240904.17044400002
pw,Nigeria,Gwiwa,156641.37612360975,159003.9371972378,132535.86221304964,185518.15058726573,190182.02915699998
pw,Nigeria,Koko/Besse,156267.8481169475,155739.9251669942,114876.11440360948,206887.30071655812,227363.183066
pw,Nigeria,Apapa,155884.71287117573,159702.49508921508,68251.20065727057,283875.0133671625,387506.440942
pw,Nigeria,Lokoja,155746.54376525668,153098.6888240069,110103.5063648567,204391.31717363658,287549.301189
pw,Nigeria,NkanuWest,155710.62246429463,153762.17876457373,120486.89975430493,196503.14336503876,228682.317782
pw,Nigeria,IfeEast,155682.792037401,158071.6189085605,121336.37471000965,190622.93970391428,214402.031907
pw,Nigeria,Akinyele,155550.27391263653,145790.01662256458,107938.69851485973,226738.11947895793,335175.21347
pw,Nigeria,EthiopeWest,155535.17839611857,151891.41493118144,100453.36320130486,224764.66459685974,278578.178174
pw,Nigeria,Zango,155188.5554160836,156043.83458321245,128170.95933382282,185128.29301643124,202958.668508
pw,Nigeria,Katcha,155003.8360900535,158067.91218912665,135924.91655274454,176984.91438518546,189389.998349
pw,Nigeria,Degema,154916.91712878665,153628.02618264724,98683.82154070765,219069.2514615659,240280.057767
pw,Nigeria,Agaie,154251.17174498943,156289.7166327169,116371.09926390667,205633.9265066232,191713.446531
pw,Nigeria,IfeSouth,154085.01933462016,152615.11995286893,88280.93117852254,227840.01949579638,229977.037874
pw,Nigeria,Gbako,154052.55641642414,156952.08762805123,127546.3695597298,180953.92461061946,186926.267917
pw,Nigeria,UmuNneochi,153349.8773256779,150655.27303861885,98086.28798722144,207582.47041045118,222044.468472
pw,Nigeria,NasarawaEggon,153116.00226785464,157686.96110170966,126323.00191928563,186178.38797481728,206436.075144
pw,Nigeria,Sagbama,153086.0944103851,148963.8658523274,107074.573698317,212950.04998948745,259749.63204300002
pw,Nigeria,Biriniwa,152958.60057356872,153389.3392862067,131837.35437112532,175552.44481394792,199481.001273
pw,Nigeria,Gwandu,152598.61238671563,151829.76164024093,114571.46950678008,195079.24449361532,219977.233209
pw,Nigeria,Kontagora,152477.86349375913,152590.4770033106,111777.68535920666,199986.28588211784,227927.482192
pw,Nigeria,Shelleng,152217.42761831352,153850.77081738235,126581.91148390566,179298.17730868876,208682.953053
pw,Nigeria,Itesiwaju,151647.803459034,153134.8414631404,106818.52910082442,203526.37466318067,191218.536578
pw,Nigeria,Hong,151545.53608930387,153999.44042206692,126547.21381047042,174283.2468558226,239878.770821
pw,Nigeria,OrumbaSouth,151338.0641095506,151815.86478557822,94937.10685770953,218004.08434313303,234940.811943
pw,Nigeria,Shagari,151147.87009850657,150040.8353315438,115209.35206308837,188496.1247004894,225586.078897
pw,Nigeria,Ikole,151090.8536323652,145197.64804390213,89452.0272198296,233273.76824924158,241567.179929
pw,Nigeria,Wudil,150991.26902207246,152063.49043370303,126111.70924861655,177834.5925324179,278870.629873
pw,Nigeria,Madobi,150631.2998079558,150622.87893624222,124882.94082549824,176951.34887570498,213185.172382
pw,Nigeria,Jaba,150562.65428214558,152256.9420700036,114536.03011773164,191635.3559181939,218341.592629
pw,Nigeria,Ifedore,150371.4454512885,150665.6794945264,87704.92859446642,246247.37508233817,224597.00417600002
pw,Nigeria,Ngor-Okpala,150365.43846612674,146850.41296234584,122393.36963960397,183348.50232754898,238812.557688
pw,Nigeria,Isa,150057.4202755529,148413.7874462235,102026.54298618229,213022.06242112868,219410.929662
pw,Nigeria,Ayamelum,150009.02857643607,151181.36735455546,91000.12010197656,238193.3125324884,212089.556721
pw,Nigeria,Aiyedade,149865.07923510094,144750.42702697145,47420.67867355753,294025.3203704091,218818.50095600003
pw,Nigeria,OrukAnam,149809.3855152357,145564.468433944,127452.9532521036,175358.01778833807,248991.066263
pw,Nigeria,EzzaNorth,149566.72479503258,150682.97043984494,126285.86428187082,175562.50792683227,193395.667091
pw,Nigeria,Sandamu,149496.82644747914,151684.23486041263,115319.23781254306,188158.06677544737,201165.749855
pw,Nigeria,Igbo-Etiti,149257.29199582897,149517.6147822862,117311.62414334243,183128.01920353825,285083.14067
pw,Nigeria,EtsakoEast,149005.44899813962,147769.7572500981,103159.35838154845,201926.2800589802,235787.624934
pw,Nigeria,Magumeri,148934.7631934818,150272.04086271505,126055.91421109696,176562.30344943027,189819.687676
pw,Nigeria,Odo-Otin,148483.10486403407,147098.48614574695,89430.2953822283,218477.98274311007,217261.864262
pw,Nigeria,Donga,148344.41249535387,150012.05071616656,120875.19516973615,177468.2148437126,191677.13817700002
pw,Nigeria,Suru,148255.70942010247,148714.65456482326,112321.63429301113,193877.8103553502,215878.204703
pw,Nigeria,Gubio,148214.6236335068,149320.17244703745,129606.9251536123,168082.04991781188,228365.239203
pw,Nigeria,YagbaWest,148024.56022690595,148991.0605247049,87425.58344872722,219959.41461281636,199485.626408
pw,Nigeria,Kaiama,147766.60594423363,151602.93138073315,126414.53303123935,172321.84825282975,174354.811347
pw,Nigeria,Agege,147703.80656209885,147433.06164820804,139641.85680081474,156689.80621678726,252247.409908
pw,Nigeria,Ibaji,147537.38850357584,148807.44266604012,125494.50788767841,170259.7081075417,191700.618328
pw,Nigeria,Dandi,147482.41638908748,150295.23213002115,115252.10997584704,189360.71899099194,219858.121468
pw,Nigeria,Damban,147323.70213237678,147883.6956231913,110837.60395746701,196269.86152189775,222919.993948
pw,Nigeria,YagbaEast,147020.6665060308,145713.18948760917,94335.39748789181,218321.22013580907,214686.373819
pw,Nigeria,Abaji,146908.12505619967,149840.06440673352,100416.5270066462,212138.7273189902,193754.27206
pw,Nigeria,Askira/Uba,146693.58468193584,148158.40628259425,122432.7612450083,176924.918889207,204773.274379
pw,Nigeria,Katsina,146315.08116568116,147334.33865583697,105645.10709172774,185431.59650232643,451996.778452
pw,Nigeria,Shanga,146177.06463274214,147740.30170760409,105095.70452842205,194697.4584063491,192458.852488
pw,Nigeria,KadunaNorth,146148.77649790948,144193.01809511095,104620.7670226402,191369.17438965227,447801.870438
pw,Nigeria,EzinihitteMbaise,145803.34817176018,138574.28009995463,101400.50521827962,191237.50472478018,265981.97042100003
pw,Nigeria,Okehi,145799.29114394862,145123.19051050014,84991.92956012374,216646.56926263063,306931.189356
pw,Nigeria,Obudu,145790.9836758546,142490.13496830128,101794.02061988477,209179.21945317593,218526.386168
pw,Nigeria,Bosso,145741.49442248774,149471.5165450428,122008.63924644655,175968.17271189473,256979.395541
pw,Nigeria,Ese-Odo,145706.80302051437,143287.355568835,92778.8140981757,209443.96370639186,213986.073987
pw,Nigeria,Shomgom,145369.20571555296,147324.12592604375,103355.58172160944,194448.83286006073,227094.046202
pw,Nigeria,EssienUdim,145351.85078507452,139295.39672804056,107281.48975310201,183735.1976552238,280835.399415
pw,Nigeria,Oriade,145281.71372887425,143300.9971658338,95510.81156576546,201784.60815852636,217137.077738
pw,Nigeria,Dandume,145260.57715431383,143266.92843878578,109888.37041022447,197758.07361189948,207066.761904
pw,Nigeria,Ogbadibo,144200.31262013325,143996.2602444505,114194.32523995574,170166.94822708893,198789.494164
pw,Nigeria,AbeokutaSouth,144187.9731406245,146280.77578789397,112744.90127350386,179947.25081815294,320998.829851
pw,Nigeria,Riyom,144164.07353792703,146759.85172990285,110497.72604535827,180779.3315099951,185678.362837
pw,Nigeria,Kware,143956.11039407857,142067.0218272336,119309.86962148365,169905.10996567566,202949.561729
pw,Nigeria,ObiNgwa,143870.54569383443,143052.48793877164,100424.87214926565,193987.52064412826,289800.916296
pw,Nigeria,Abakaliki,143868.54869015535,142720.76800991915,127935.6032158383,160225.86746038092,213905.562683
pw,Nigeria,SuleTankarkar,143609.78662584053,145700.13620027056,125976.67109379376,165631.1762159529,202713.628452
pw,Nigeria,OwanEast,143526.77746815083,141726.99426287878,98707.23685359475,200625.0854470405,207620.069646
pw,Nigeria,EsanSouth-East,143170.69342855256,140282.04834402702,109364.40695519364,179285.43299913354,214530.634181
pw,Nigeria,Oluyole,143052.26754734604,141733.97350172055,88871.0151733708,207004.71460578905,290456.16234
pw,Nigeria,AbeokutaNorth,142516.0729757249,141369.43639864033,97723.25612887206,204505.04740174385,316061.999224
pw,Nigeria,Dutsi,142474.67621180075,144411.82707200263,115844.17537814492,178248.08848127956,170516.481937
pw,Nigeria,Geidam,142235.21947436465,142191.71357953554,107311.42127701588,184258.43368492986,240017.478185
pw,Nigeria,EkitiWest,142142.14385807663,141339.27916929103,78815.2537719466,228146.98769265864,209835.47779
pw,Nigeria,Lapai,141970.78495299045,144534.00983121342,117405.63039087963,174502.8001841261,178660.722465
pw,Nigeria,Aninri,141936.54264621573,141921.63956875674,94407.65885408549,194385.42565384874,197656.24969
pw,Nigeria,Eti-Osa,141593.2407257214,138507.63576954824,111423.103443205,174062.49376896376,459687.890357
pw,Nigeria,Kurfi,141315.5366577585,144176.44843276675,120635.11111721135,167206.98161536024,161336.266158
pw,Nigeria,Kudan,141182.83686933768,143470.891826676,113951.49746722342,176710.3195580092,187657.113938
pw,Nigeria,Aboh-Mbaise,140817.96538598597,137065.06111598757,109173.78728752986,175786.40111151623,233465.602782
pw,Nigeria,Nafada,140506.62862014244,141977.31292774135,109303.16913964614,176836.1227494096,209344.128761
pw,Nigeria,Gujba,140470.1592117569,140664.0432736326,89405.06612862267,202448.61832703676,200754.193274
pw,Nigeria,Kirfi,140209.48058681228,139753.07476034624,120639.3769950536,161728.13319200266,214312.739675
pw,Nigeria,Mafa,140167.33642575075,137957.99466094104,65858.60503988105,250362.30635450938,202108.371606
pw,Nigeria,AfikpoSouth,140049.01358202146,136630.13021027722,83310.09978078547,206041.32531992564,214976.255206
pw,Nigeria,Zing,140018.04070237267,140019.36856838103,83443.91937589347,220208.11920013573,179041.869493
pw,Nigeria,Ose,139929.86374470027,138984.72342008734,104780.38982704455,183902.75105075492,210864.862285
pw,Nigeria,Danja,139483.026263329,141802.19790805975,109767.07807677877,175522.11200369569,185383.731024
pw,Nigeria,Kazaure,139455.7318751185,138742.37554589077,99715.97680643438,204649.9530660851,198617.382001
pw,Nigeria,Ohaozara,139401.32384392346,136087.52936654055,91713.85914102335,196371.42146353843,206541.950371
pw,Nigeria,IkaSouth,139004.382827865,137678.1162350505,102639.19603718056,178894.66115713093,239704.969297
pw,Nigeria,Matazu,138660.11109679713,140987.60224417574,106323.91474279681,171157.37957301014,159831.3246
pw,Nigeria,Oyi,138619.8627778554,136029.75675458225,86730.49997190956,211621.4662364696,309624.247011
pw,Nigeria,Uzo-Uwani,138593.7156723956,140258.03296037661,92673.62911840917,192876.96438828486,174861.2199
pw,Nigeria,Brass,138105.41616613726,136866.99918115078,102665.09967784466,177979.13558144495,223401.455737
pw,Nigeria,Nwangele,138033.69829864992,132102.37354262013,112239.25063117863,164798.52389784268,225967.839482
pw,Nigeria,SakiEast,137808.85453690434,136360.9982431881,82882.7157663622,201785.84762652646,206530.558257
pw,Nigeria,Ngaski,137780.3412004922,138648.06512142078,105410.43642383991,177812.1122819705,180405.20588
pw,Nigeria,OrumbaNorth,137503.57957871366,133787.7270611366,81207.09765597947,222461.67490036445,222526.69704600002
pw,Nigeria,Fakai,137157.44887727813,139864.96586754828,116181.88282689922,160638.3304964245,169535.526793
pw,Nigeria,AbaNorth,136728.4825451971,128925.0073001379,88944.38121603309,188515.14275807576,283532.831503
pw,Nigeria,Danmusa,136662.31702578688,138255.4821064035,111659.07999101374,162016.55127871368,160195.468329
pw,Nigeria,Kajuru,136585.95791124727,140113.85270737743,118576.49476601808,159865.1439912358,156464.03341
pw,Nigeria,Ido-Osi,136015.10694575985,135935.68217037804,88005.38528427182,196810.33669936287,244473.668383
pw,Nigeria,Ikere,135859.30549641929,133306.04376434235,61876.496488789555,238144.98302592,213647.821029
pw,Nigeria,IdeatoSouth,135671.57863611466,129497.15328121903,90087.99464281513,178183.66603601983,210213.821403
pw,Nigeria,Muya,135598.39762080862,139182.20189900498,120941.15716563215,152379.8498819459,155090.39642900001
pw,Nigeria,Gokana,135531.94094917917,131595.5366679183,59969.41412813169,202741.17884351817,302420.085779
pw,Nigeria,Agatu,135315.51106367024,135970.77181208684,106442.44965268363,168967.6965710673,166706.094961
pw,Nigeria,EkitiEast,135292.45983843057,132139.8229067308,61061.965244530824,217436.54037813412,211815.99965399998
pw,Nigeria,Bade,135076.23285836345,134587.5773172724,91989.98686283093,183985.59757113727,198826.071964
pw,Nigeria,OviaSouth-West,134847.3510084994,133565.05552616008,107135.1260605871,166092.32854259305,195304.235315
pw,Nigeria,AniochaSouth,134837.29944124023,135806.45291879648,91846.50799865226,178203.10248147754,214052.654823
pw,Nigeria,Gombi,134016.77937200345,134273.90525369122,96416.82847204033,181991.9577785687,209992.914542
pw,Nigeria,Toto,133999.11859494078,135876.09137466384,103602.65193022868,173698.86759298397,167570.577728
pw,Nigeria,EzzaSouth,133595.3510834773,133574.2644295686,115375.32733954079,152940.5221866482,181136.161782
pw,Nigeria,Okigwe,133384.8728784009,129547.76794622329,95079.97180575889,181378.50925255378,200575.203842
pw,Nigeria,LangtangNorth,133353.57486190298,133802.84525914516,101167.28558012655,169198.5906447125,202772.23774
pw,Nigeria,Akamkpa,133254.38381563564,131911.23793438502,102586.7428236815,168207.71262090025,209021.756295
pw,Nigeria,Kabba/Bunu,133214.6203778802,135328.04523355523,89812.44547228594,190939.30400708574,206702.459329
pw,Nigeria,Takum,133180.51313528445,138901.16265814967,108219.6879052779,158615.6508568546,186865.105177
pw,Nigeria,Kebbe,133166.6968152619,134149.59402634372,104242.39785406124,173311.5594565602,173190.53995
pw,Nigeria,Irepo,132979.3025032941,131951.27621185267,47668.4774032961,263623.4512224795,180782.37883400003
pw,Nigeria,Fika,132956.25754845556,132784.41283401937,104552.97913587907,169269.82985637838,198450.69298
pw,Nigeria,Auyo,132784.89364550269,132012.60086825697,102379.02148377232,168143.85702469014,183809.07127400002
pw,Nigeria,Doma,132579.90977849497,131455.50152660403,99366.06559276454,172308.55484730122,196836.933772
pw,Nigeria,Etinan,132544.72475587972,129656.58712210674,100356.60363742276,175635.95745296704,235112.795694
pw,Nigeria,Hawul,132231.99348926873,131443.5756027767,105548.83294481377,164969.18412370238,183297.812329
pw,Nigeria,Arochukwu,131985.57833783538,126023.4384862196,76797.74988027461,197427.24710089076,216291.682281
pw,Nigeria,Kogi,131917.7626137281,133365.82848463737,98546.23520125664,171178.46656741554,160822.261341
pw,Nigeria,Kunchi,131824.24378893446,133814.84318791216,118905.85090163068,146630.45505833637,166873.11301899998
pw,Nigeria,IsialaNgwaNorth,131745.78944581083,128193.10882316723,89148.6314673834,177203.7919983946,223526.21552599999
pw,Nigeria,Miga,131548.3066309781,131657.54754210648,110231.3982956618,159400.11576218109,182898.79551999999
pw,Nigeria,Nguru,131154.94441998965,130317.10425386233,98735.86354141058,172811.65332870214,231678.970405
pw,Nigeria,AfikpoNorth,130252.0994452331,129278.14410422693,62251.3120786538,221234.34106813604,238008.76698000001
pw,Nigeria,GarumMallam,130001.54282335045,131141.96679639106,90710.64255727887,172961.50254056478,187699.459302
pw,Nigeria,Kura,129603.98268732589,127649.16512538871,96819.35223118968,170029.98788219568,204712.678975
pw,Nigeria,Ipokia,129286.41828448373,123674.94650899249,98605.74179180339,157161.33490794952,220189.712518
pw,Nigeria,IbarapaEast,129276.60037831891,130074.36191999148,77006.42163677902,194301.45024051543,173579.167519
pw,Nigeria,Ikeduru,129146.74689692947,127051.06222945926,101832.90510392701,158162.3007630213,225497.324388
pw,Nigeria,Borsari,129000.18449635307,129547.9832695441,103476.88967526187,162361.6699009658,187154.278659
pw,Nigeria,Michika,128943.3651222613,128568.975466524,101663.92851050035,156793.912816102,180987.649026
pw,Nigeria,Ini,128206.93251464667,125042.31592303497,93628.43138505759,168636.74404027354,185690.425686
pw,Nigeria,GwerWest,128146.58909778936,129699.27123324962,83835.28722851405,183939.5832213184,170861.296026
pw,Nigeria,Kokona,128139.93393469998,128186.76210820994,97696.11276435675,162741.08136767475,159020.270084
pw,Nigeria,Girie,127886.61359259013,128367.8197590464,90545.61458904267,167264.68838828115,182965.932873
pw,Nigeria,Kaugama,127851.39033051665,128633.02256583625,102588.58887816663,158588.63348894764,186650.21501
pw,Nigeria,AwkaSouth,127741.9121716841,130452.12642902917,86605.91303680977,179298.2302690658,238169.95575800003
pw,Nigeria,Epe,127462.59817643912,123407.91883719752,95036.44079184106,165381.11342072187,268691.99447
pw,Nigeria,Abi,127170.16071605943,125181.87916653178,89288.06477565905,170120.38020123667,185842.526832
pw,Nigeria,Demsa,127114.97315971428,125471.63039299812,96372.33505935571,162600.24505099116,269398.585556
pw,Nigeria,Ejigbo,127038.29993756789,124576.32057013085,79214.90444167568,190476.14815925874,193164.466324
pw,Nigeria,Obokun,126794.40757018895,123720.04709708125,74644.10901439721,195351.38193613462,199479.571489
pw,Nigeria,Oji-River,126672.64826249874,123725.7539668664,85862.38236185024,172933.12318615074,179272.60621199998
pw,Nigeria,Isu,126432.28697596908,118428.68869320385,109102.56908944789,144121.98424928566,214967.292097
pw,Nigeria,NdokwaWest,125890.58882084712,124751.73074655159,91479.57865205908,169939.10864615932,214987.25621000002
pw,Nigeria,Jama'are,125881.37662655338,125703.42903548972,93216.23226574142,177860.06415890023,172219.042639
pw,Nigeria,Okrika,125787.1422836022,119362.73575587782,57727.32453738459,210527.9410987349,256099.271611
pw,Nigeria,ObotAkara,125488.06876232878,121359.11082420891,98463.74003326995,153440.92844036763,212203.309827
pw,Nigeria,Irele,125418.91980862065,122768.19342200489,78177.48253240385,195553.02724730992,203105.214916
pw,Nigeria,Ahiazu-Mbaise,125148.87248961619,120655.30688894681,97712.97591672657,150482.53339267313,246445.53273
pw,Nigeria,YewaSouth,125127.52160675504,122644.99386318658,90630.52241440935,165890.56727815967,233520.619381
pw,Nigeria,Warawa,124954.53840376351,123312.52046373373,95799.82817091308,156494.27587496844,197514.87247
pw,Nigeria,Kanke,124876.45352953795,125020.15839818989,101941.25920805358,151248.85292035423,177786.233832
pw,Nigeria,IdemiliSouth,124759.05611045116,122161.27517611253,87564.20906006375,159121.9427792249,254292.650883
pw,Nigeria,Boki,124737.49204423724,126446.77955935546,99509.01252774804,153568.426858827,244478.224878
pw,Nigeria,Jere,124571.6425982017,126100.30124671424,79555.60639974181,181146.93679559525,242512.91996799997
pw,Nigeria,Afijio,124503.0495352213,123128.99636971287,77284.06374980294,170886.9829447671,207796.603164
pw,Nigeria,Awe,124232.14167521281,125482.55536289146,100213.09088580306,153098.52112501915,155926.312879
pw,Nigeria,Eket,123837.58811192217,120112.55678093887,76502.62232554832,181612.82450115908,243035.179486
pw,Nigeria,IdeatoNorth,123605.9762749334,122805.22293032645,96294.82223374772,153435.46815422317,220147.886281
pw,Nigeria,IsokoNorth,123445.61543813565,120860.12255884489,88055.64554807014,168194.8012586917,203095.767885
pw,Nigeria,Oye,123120.4786050445,118519.72489044994,70266.61282649764,190205.74047682734,207789.206114
pw,Nigeria,Warji,123086.8981215508,122445.46238356404,92521.42075673406,173466.29527667633,163309.93100799999
pw,Nigeria,Konduga,123009.87918893628,118787.80558109214,80871.68982657915,180196.08862059878,349413.781194
pw,Nigeria,Augie,122752.47857167074,120716.97901042044,101250.50671824746,145363.4357823768,188991.559258
pw,Nigeria,Guri,122533.17314645414,121987.91939639574,92109.75234417105,163935.07811794392,171327.464137
pw,Nigeria,Illela,122096.92925231282,120128.1730463641,102277.98880615502,143863.93758767997,188564.302898
pw,Nigeria,SabonBirni,121747.1711581542,121148.3625699989,94379.45203590751,152655.19604425612,174179.155703
pw,Nigeria,SokotoNorth,121746.74075690162,114746.88825201108,83874.06069248932,154899.5463723675,340440.123442
pw,Nigeria,Kusada,121700.08311265925,124182.27704476641,108270.13656583356,134780.31868514192,146030.47733
pw,Nigeria,Yunusari,121467.26774779224,120911.31857518622,108235.50294494699,134360.0967547852,170565.296616
pw,Nigeria,Atisbo,121459.95225184293,121696.2661922982,78264.65890136607,175843.23894717297,154012.033258
pw,Nigeria,Pategi,120483.29716682034,122501.1231172998,86954.32158955433,153048.80825634248,157537.924189
pw,Nigeria,Sapele,120409.41014837351,120153.1592077689,76082.81336454187,169084.3680867388,280811.528957
pw,Nigeria,Irepodun/Ifelodun,120203.06218419666,114230.28450318536,75210.62311134652,167207.0085139462,221290.632171
pw,Nigeria,Mai'Adua,119548.810817064,122228.46241884098,95579.6236907071,149538.37641891974,179732.882229
pw,Nigeria,WarriNorth,119148.3227511824,116711.29934272019,76375.2369851661,180200.85335713418,174210.089602
pw,Nigeria,EnuguSouth,119066.19403948169,121514.91596449394,53196.47982257037,211887.52981666214,250960.161791
pw,Nigeria,Taura,118280.2186083117,117674.59758021578,94712.63135223296,144952.3289602281,173971.391274
pw,Nigeria,Yabo,118242.8791212148,117314.27282960888,87692.09730029038,160588.12229511252,180444.627696
pw,Nigeria,Uruan,118237.558887003,115171.14329790864,78729.41161056889,157575.8385791986,188460.882841
pw,Nigeria,Lagelu,118237.42419032264,113149.69593107072,47537.98173786627,211291.04151663676,256496.917336
pw,Nigeria,Njaba,117998.02993532925,116179.98804063733,96431.58099867229,139881.34090850464,223738.071163
pw,Nigeria,Oguta,117812.894051062,116742.92931204422,84190.0645351319,160270.4717290475,199560.785644
pw,Nigeria,Ikono,117787.62462402355,114608.42383858119,92075.3343340405,148927.54454482842,189294.367239
pw,Nigeria,IlorinEast,117720.84551613902,115370.9828810474,70677.48039279401,171334.94613675575,361764.127142
pw,Nigeria,IkotAbasi,117572.28127592982,115303.78990352344,82257.77917828131,150187.00203599368,200935.63909
pw,Nigeria,Shani,117489.42473646325,118420.25798531451,87979.57030623914,151074.46422565097,156143.91408299998
pw,Nigeria,Omala,117421.6529424899,117900.59173039728,75581.93813318136,171901.36462992942,146487.302462
pw,Nigeria,Idanre,117328.46744441974,115152.08218821052,82904.37995462451,155096.6051907003,187705.288692
pw,Nigeria,Bunza,117043.49528683578,117308.56704191303,82476.96090786136,155161.79348858946,176607.606486
pw,Nigeria,Marte,116814.85348663169,116855.07415160532,82079.0824431289,159723.4745097918,163543.23864
pw,Nigeria,RiminGado,116805.93593753791,117109.43795753989,103165.13142550366,132101.6196423493,160234.549302
pw,Nigeria,Ijumu,116701.28787157322,114495.92085820167,73459.72794047705,166387.60501877713,174835.77684900002
pw,Nigeria,OwerriNorth,115927.13343412138,115119.40590066867,84603.02981894178,150436.52818676076,262757.250228
pw,Nigeria,Tangaza,115904.20012141645,115175.94087837446,99136.55785713338,134362.9616748057,176165.838026
pw,Nigeria,Moro,115623.10142134485,117113.9818176368,85837.09272520755,150819.15059093072,154873.634418
pw,Nigeria,Dunukofia,115175.99194635318,113346.69434752865,74476.15435334317,158765.13648328173,166866.956875
pw,Nigeria,AkokoNorth-East,115116.86952651037,119836.44508747854,62936.4076871884,176734.46401615144,233628.744819
pw,Nigeria,Akuku-Toru,115001.1442389688,115308.73328414805,81199.18474249089,154374.14447235176,180913.965642
pw,Nigeria,Shinkafi,114895.43703163792,115244.54593636478,79919.57869230055,160426.41964961868,180597.731487
pw,Nigeria,Sardauna,114651.74664736859,116089.12304031732,100166.71672310954,131292.87499484041,148914.972704
pw,Nigeria,Yusufari,114268.53418946326,113356.19276964222,93683.20565216964,136956.18074139007,155093.97789500002
pw,Nigeria,Gulani,114051.91931839849,114268.27274842645,87372.27334383357,145285.13038777362,158173.5958
pw,Nigeria,NsitUbium,113682.60574803906,108703.86806233591,86937.63933527483,143553.15377780367,194332.861819
pw,Nigeria,Olorunda,113504.32791394199,113608.24489382251,54054.72042738555,183604.13216421483,226483.814599
pw,Nigeria,Wamako,112944.29592601907,104622.34839152718,83749.82705145345,145485.22638940116,318082.132498
pw,Nigeria,Onna,112831.50742606305,109102.71773334444,77068.593962497,159423.2885493296,183339.737865
pw,Nigeria,Nembe,112770.37417875516,109143.5642471999,58416.26255200165,193945.11078071874,178546.030565
pw,Nigeria,Bekwarra,112623.14418312703,114285.7655214073,84049.87031596669,150616.71901527382,140757.68835
pw,Nigeria,NdokwaEast,112199.41860453636,111957.19487697529,90313.68801668259,134476.22226664252,157318.837115
pw,Nigeria,LangtangSouth,112054.48649312345,112781.26679489613,79856.65659892227,150623.37478633874,145230.600416
pw,Nigeria,Ikwuano,111781.62638410914,108847.83412606295,85346.08662919799,141823.32364886426,178518.58818299999
pw,Nigeria,Binji,111781.57525493858,112283.31559985725,82091.11833199066,148654.4926961977,149859.040421
pw,Nigeria,Abak,111706.56712381469,106894.58190219926,80091.6066250065,154261.24752381016,225256.197669
pw,Nigeria,Orlu,111388.30823439943,107834.92846427095,86722.95982073783,134659.62394988534,225942.777625
pw,Nigeria,Akwanga,111198.66403584304,111807.19272158938,80992.0871490996,147164.10977211618,160401.327277
pw,Nigeria,Obanliku,111035.17813344844,110321.47012678084,86035.4209671035,141321.55033337293,157179.293092
pw,Nigeria,Uvwie,110953.59596405753,110960.63815562149,75062.07157076117,150644.63534562846,343847.060941
pw,Nigeria,AnambraEast,110830.33391767489,109195.0332142689,80640.67423391523,142143.7352806198,223286.518676
pw,Nigeria,Sakaba,110619.5147082109,112467.05232575165,94585.38534688443,127842.34256521583,131809.717833
pw,Nigeria,Tofa,110510.35820807656,111043.2345740503,93552.79698292694,129477.75146434718,149666.402154
pw,Nigeria,Ukanafun,110254.77600595397,106366.16940128616,91075.95711270887,134737.93417997245,199763.452661
pw,Nigeria,NnewiNorth,110070.47580198925,107967.47729432263,90977.32304372842,132039.2956176533,241081.780242
pw,Nigeria,Mobbar,109973.56018655162,110160.25009088362,98523.25782959785,124378.46094836069,173663.159916
pw,Nigeria,Boripe,109779.23920659423,107185.75964653346,38381.93884790414,197917.67728238352,162043.639743
pw,Nigeria,Ekwusigo,109662.21424978437,108863.46498998885,66328.35568707102,156687.4642408154,202478.76367400002
pw,Nigeria,Calabar,109634.79330422277,113696.23744569701,75774.7932565354,148559.6190411693,314329.956646
pw,Nigeria,Itu,109603.06477978248,104568.89967410546,70934.36520972158,153530.4165781071,210289.97619500002
pw,Nigeria,Irewole,109487.36272312935,106996.93788238314,56183.53698111357,174399.7282829983,208511.597127
pw,Nigeria,Mikang,109475.22742430697,110339.6866938829,83246.9018222543,141804.42655255873,134135.041276
pw,Nigeria,Obowo,109310.26222765737,108924.84517699762,90449.29072471801,129671.41393308766,183018.18693400003
pw,Nigeria,Yankwashi,108456.02520110205,107849.62985851696,80930.54877189876,150686.4425294754,156042.966899
pw,Nigeria,Ise/Orun,108265.8817782469,106568.79597799049,44288.17867788512,197325.33751512444,148577.615372
pw,Nigeria,IsialaNgwaSouth,108171.18577960046,105987.78587276135,92846.16721562909,124809.01742609606,190680.841782
pw,Nigeria,Ikwerre,108102.58296754274,106330.65805770307,79848.93935156194,138038.08213203124,245259.019308
pw,Nigeria,Lamurde,108062.6907859247,108294.01419352672,81376.32826597818,141560.2478134235,153366.272029
pw,Nigeria,Gurara,107907.35725679816,109017.67456018165,78776.94066562051,144653.77130916342,134150.923813
pw,Nigeria,Nganzai,107800.83063043006,109494.78997529559,83864.94103804215,139208.17773933578,170978.47244800001
pw,Nigeria,Gboyin,107762.21326739603,107506.73478811645,67819.2417568509,150614.0194814011,211534.08673
pw,Nigeria,IkotEkpene,107141.14009218391,104755.29379445182,71589.09978153156,143498.1962430821,212509.813914
pw,Nigeria,Ehime-Mbano,107115.18748594457,104111.72546059571,79920.05189603574,142996.89837591155,187698.805004
pw,Nigeria,AwkaNorth,107071.97018065918,103487.47612269838,71378.96640503491,144181.3217594406,197330.531333
pw,Nigeria,Ajaokuta,106561.27087519872,106780.50655129245,75156.2411887376,140863.29451855813,164428.670452
pw,Nigeria,UmuahiaSouth,106122.41313873332,100941.4519866454,64290.36401343007,149626.51268415584,167713.270314
pw,Nigeria,Monguno,105871.06313307813,105471.01119181604,90802.79004191645,122328.8607678059,145809.638151
pw,Nigeria,Apa,105707.97791988464,105771.904441571,81117.83729711885,135602.83909250132,135151.043312
pw,Nigeria,Omumma,105584.26542365055,104429.12385199132,79689.93809796091,131374.2916819017,157297.107616
pw,Nigeria,IbarapaNorth,105200.56060355093,105517.06230271953,63090.622101974615,164561.73725924268,148896.72784600002
pw,Nigeria,SokotoSouth,105153.01626945479,107214.64796479297,51598.41862395469,161871.53806002406,209128.399802
pw,Nigeria,Udu,105085.61627953377,101792.9204734213,78066.90892068768,139538.21937383123,202410.870834
pw,Nigeria,EnuguNorth,104959.47339160294,101997.73165756829,58159.903275218654,161202.93826349615,339764.074828
pw,Nigeria,Iwajowa,104745.13490119198,105159.63776834324,70782.71460757992,142662.29232817917,148926.805279
pw,Nigeria,Dass,104688.86448434289,105891.8977917278,72022.79813760254,148179.32619511095,133674.830454
pw,Nigeria,IbesikpoAsutan,104250.52362144733,98434.48967447579,75423.62619339032,133086.97839929513,188513.62656900001
pw,Nigeria,OviaNorth-East,103879.91197618695,102767.68203478768,76298.06280374089,133709.20391825173,217060.663769
pw,Nigeria,Isuikwuato,103875.78051884452,101496.00743362635,71812.07162741445,139859.50229138575,154431.270704
pw,Nigeria,Orsu,103786.09025609576,103653.86493649897,85436.62500719924,125271.46993971519,200685.12949
pw,Nigeria,Okobo,103685.09202218881,101824.28481747952,72371.10974430476,138540.8742355725,166139.546261
pw,Nigeria,Lau,103600.37716536896,103599.03321071663,82994.56570884738,128433.31020891947,136234.444554
pw,Nigeria,Ebonyi,103070.16931876079,103861.7267569883,82421.18811822051,134014.50445423066,189346.807375
pw,Nigeria,Isokan,102896.3084801178,102056.86090739892,63645.36277965231,157884.3430782956,149466.371558
pw,Nigeria,Ikenne,102234.18205637214,99759.39232152549,63053.50503071626,145549.90009506387,173493.514833
pw,Nigeria,Okpe,102013.85382750742,102262.24494062719,68188.4631589441,145659.3599311571,187868.02564100001
pw,Nigeria,OyoEast,101800.80047115659,102566.50890381061,38680.98948404087,178484.5566972726,173614.980615
pw,Nigeria,Yorro,101351.2177400721,102552.81746141119,78905.15944343683,124337.41162276921,124756.059064
pw,Nigeria,Bogoro,101148.07698221867,102611.94131559023,80962.00519716204,124512.6144316089,125481.592333
pw,Nigeria,OyoWest,100275.68861405263,98657.82625905664,57556.760342789945,163650.83767126873,216735.023242
pw,Nigeria,Ukwuani,99644.90700822433,100610.18310063967,54837.3279917671,151055.48463758337,178118.682287
pw,Nigeria,IleshaEast,99510.40903169522,95067.84586733424,42732.47091150121,165088.82252815555,161251.64164
pw,Nigeria,JosEast,99176.2206848406,100919.25849481192,76797.90848560791,123020.40850647911,125010.680894
pw,Nigeria,Madagali,99132.82432989916,98031.89730538064,62355.449155201066,146661.42128232092,151383.326285
pw,Nigeria,AkureNorth,98993.1354093292,96540.06936125584,65818.94923879234,138799.88595507614,199548.165774
pw,Nigeria,Ihitte/Uboma,98534.3084737428,96446.45531628023,65871.23210104692,137759.55062247653,161796.770014
pw,Nigeria,Buji,98193.42215037123,98494.92213800861,81588.0657481435,116640.78811826414,131571.475622
pw,Nigeria,YolaNorth,97841.58178163801,94685.70104259357,43598.36542007518,167453.6778065794,239351.109963
pw,Nigeria,IjebuEast,97768.16767984157,97247.57417169439,79889.20579089299,124763.05088250364,170904.370653
pw,Nigeria,EsanNorth-East,97504.02875000781,95789.52755169179,63548.818243148766,136876.6368490046,178039.506977
pw,Nigeria,Ohimini,97294.20424696676,98751.26299744537,73787.21041961107,121764.74603949656,120718.653866
pw,Nigeria,Oyigbo,97150.78692558639,99596.4771370733,63081.67996422522,137380.13609779792,216701.84756
pw,Nigeria,Igbo-ezeSouth,97024.8455663604,92338.65223684169,50248.82717575203,153123.90140112865,174475.80935300002
pw,Nigeria,MubiNorth,96928.55187124758,98117.30860184203,67637.18857453046,129814.90779307515,177185.238328
pw,Nigeria,Jalingo,96474.69542252255,96475.15041458813,57587.33312229892,139970.70508246263,190535.104728
pw,Nigeria,Ijebu-Ode,96301.43627785065,93268.95480535342,63892.580934343365,141815.27469687295,249533.620581
pw,Nigeria,Wushishi,95861.49666513446,97115.40583012206,75404.39355300162,118424.8290528289,122266.55645799999
pw,Nigeria,IleshaWest,95669.58615004651,94744.34428134796,39116.13837798668,150752.71810520874,140715.796038
pw,Nigeria,Odogbolu,95356.93797536413,95177.77930113429,68560.38949321606,131598.5345684835,179721.423869
pw,Nigeria,Tai,95323.50431979218,93730.26519172234,65465.629941623694,124381.12591775024,172383.152506
pw,Nigeria,Gudu,95132.66366412774,93926.97390808779,75315.54691215827,118016.01334594037,133495.727051
pw,Nigeria,Chanchaga,95116.43590315076,97580.23534967266,64811.67931588618,124999.22281382963,273917.837812
pw,Nigeria,Tarmuwa,94358.63375382332,94197.23265512363,73706.38730097403,123253.55785538071,121487.774091
pw,Nigeria,Oyun,93782.84232349586,93030.70193347725,63954.12894135338,132056.12490694504,137533.702094
pw,Nigeria,Ussa,93592.97372270255,94707.57559911968,74377.90954429252,115088.539582819,126691.841478
pw,Nigeria,Yauri,93339.12056746245,93139.76002289494,69964.77168841044,116821.48495948726,123543.14220700001
pw,Nigeria,Asa,93236.77582467282,90641.43035606634,68085.5263728011,124517.0577319112,194285.720113
pw,Nigeria,Keana,93148.2408951932,93402.44800972893,62017.45990549022,136342.91888564668,117487.434209
pw,Nigeria,IbarapaCentral,93124.87406439189,92069.70946375764,37728.66587556312,163990.47359049338,153151.221308
pw,Nigeria,Unuimo,93043.7149940593,89664.32588464447,59260.265410237946,139232.9429692777,138704.664441
pw,Nigeria,Olorunsogo,92708.85558128213,93145.82925999946,45732.062716944674,153506.51491848548,119448.863253
pw,Nigeria,OwanWest,92550.6623954464,90104.70611507878,51855.31576905568,137289.8740776237,136259.220032
pw,Nigeria,Tarka,92510.20059799611,94265.26152672198,63473.90027071544,127403.39489876389,110993.407901
pw,Nigeria,Kaga,92308.70725477085,94279.5381187214,50794.20952264444,157293.74290261613,135741.965508
pw,Nigeria,AniochaNorth,91635.07205048161,91715.64922423198,59579.142285331865,130510.23005970498,139160.696393
pw,Nigeria,Orelope,91309.29505080853,94401.72448559137,50676.85051560656,142585.47354377285,154708.478424
pw,Nigeria,IfeCentral,90842.70245809884,89646.74845533758,33300.274151335456,162570.44665382648,155796.098718
pw,Nigeria,Asari-Toru,90455.79303732632,84839.38593856087,38750.56794782951,156481.53638066817,213212.55925999998
pw,Nigeria,AtakumosaEast,90395.8850662294,87531.9338596572,45146.363372079206,143357.27310774464,137690.62708
pw,Nigeria,Gashaka,90343.76150608534,92326.83734378702,60411.14520779826,129845.4015653365,123716.78009
pw,Nigeria,Ivo,89779.63068783359,89172.31082325285,56536.06902777997,131068.17676480745,162849.314405
pw,Nigeria,Kalgo,89751.15780836307,89251.69720127736,66069.50101384753,117779.51780652294,129096.872078
pw,Nigeria,Bayo,89674.59664415072,89939.35568123542,63711.05546417548,126301.45174021278,117954.16689000001
pw,Nigeria,Orolu,89536.34286110866,85478.73048550462,25638.194583457454,162570.7464535671,147402.664622
pw,Nigeria,Moba,89050.09106400817,88660.18399892282,40653.533361682494,146690.04120584624,195195.53458099999
pw,Nigeria,Guzamala,88463.50733737086,86826.31686349686,56581.14682714237,142287.89630784045,140434.071237
pw,Nigeria,Karasuwa,88392.43197230384,89851.70425574339,57992.91167091687,123706.82524012163,151025.96729
pw,Nigeria,OnitshaSouth,88107.51753525567,89171.62576318039,26187.365697811947,147778.65749385266,165704.015817
pw,Nigeria,Uhunmwonde,87960.59657624026,87052.01456238166,64306.91747313421,117556.54021450487,171850.059653
pw,Nigeria,Silame,87916.3766672209,88349.18623239895,59194.02281113828,120163.6638537372,136753.063728
pw,Nigeria,EsanCentral,87561.32175395996,85054.46462440443,60130.14598870886,115182.30950669502,142146.07057
pw,Nigeria,Imeko-Afon,87170.55289813547,85117.41845542302,45098.00201355015,155467.79783794607,124559.05659600001
pw,Nigeria,Ibi,86994.36723263032,88100.02897876047,61378.08588245404,122261.6411664178,115162.43866399999
pw,Nigeria,Odeda,85326.98454413326,84019.18353487876,61060.056738317944,110443.86128150766,164960.415164
pw,Nigeria,AtakumosaWest,84792.89359974174,84755.8662895013,49096.10180995595,132353.12408320935,121982.295728
pw,Nigeria,EsanWest,84328.06300841803,82315.39649762854,52175.491747009044,123491.88546242677,174598.765573
pw,Nigeria,Wamba,84313.80754998716,86884.92556886276,65855.01048504442,105595.01780051306,102670.272536
pw,Nigeria,Dikwa,84191.67898808938,84072.59871135402,62470.62274055102,110734.92828302276,108365.306805
pw,Nigeria,OwerriWest,84120.79181220161,82362.84062369628,62310.06840466102,107422.22971683937,175296.723984
pw,Nigeria,OruEast,84011.20637452789,82630.47677457517,67996.81614308912,98278.4017449887,165341.969076
pw,Nigeria,IlorinSouth,83802.06755477049,79111.95953767688,36323.06958063772,139788.36510735092,258799.824389
pw,Nigeria,Opobo/Nkoro,83538.09921449238,79820.88820204337,51576.91750002706,123371.03959866431,161022.491049
pw,Nigeria,OruWest,83291.1671186632,80409.12516031697,68845.32768146029,97522.94411486069,146974.355429
pw,Nigeria,Chibok,82906.66189940323,83127.59901642782,60756.99826302035,108724.52874995957,105985.997168
pw,Nigeria,Kurmi,82740.80019771575,83776.99248876832,62669.37661434637,103803.24827763897,107665.909032
pw,Nigeria,OnitshaNorth,82675.72748329482,84140.08166773885,51957.399031728586,117820.53448445104,198377.468664
pw,Nigeria,Fagge,82510.18836731667,85621.71417589954,38929.74727440112,129948.58846107863,288969.456594
pw,Nigeria,Kukawa,82449.73150811048,79546.28716944664,50084.45251665657,119646.59682414916,143986.515054
pw,Nigeria,WarriSouth-West,81868.30628695729,81240.21055358845,59437.279572704196,109930.55523729009,134164.673864
pw,Nigeria,OshimiliNorth,81779.47008893694,81510.00010533177,59724.88256612752,107332.1364121432,182730.713326
pw,Nigeria,Gagarawa,80815.55424126331,81383.55220696944,69780.51592996003,92332.19841338588,110689.37755399999
pw,Nigeria,Nangere,80509.42570107266,79325.5184487312,61430.47835978288,103099.53562678293,138206.963555
pw,Nigeria,Tarauni,80389.01928825874,73708.79597306851,35517.71992370598,116179.08510712667,316435.744342
pw,Nigeria,Ido,80056.7457369959,80822.15504274407,56312.97636475113,107568.40502607219,229349.508771
pw,Nigeria,Offa,79348.34295830954,79026.56276808877,49680.74073923355,118689.41483250199,122978.833068
pw,Nigeria,Njikoka,79169.02990786014,78256.65935590361,57295.83647099886,99700.42989175965,170844.744102
pw,Nigeria,Ayedire,78999.14927749128,78046.43817847742,50698.598172502876,110076.13069340088,117385.266816
pw,Nigeria,Emure/Ise/Orun,78006.3976819301,75285.60664483135,32364.31699600569,139684.50094186133,121898.954757
pw,Nigeria,NsitIbom,77760.65322544324,73631.2889072241,57207.70187388995,96682.76247390188,142955.371643
pw,Nigeria,EtsakoCentral,77215.6853306083,75854.64637551499,42971.64312977669,113567.78049956018,112607.669829
pw,Nigeria,UkwaWest,76463.43471550393,74718.30110919877,59472.06944401387,95887.8509434832,118863.891483
pw,Nigeria,OshimiliSouth,76413.00276281366,73627.96433924379,41341.70632582251,113574.31516844696,229451.785122
pw,Nigeria,EtimEkpo,76166.0673494962,72613.39473079122,59539.61468050443,93779.18739895124,141312.452348
pw,Nigeria,UrueOffong,76032.87634859442,72982.40302168729,50972.57125775951,104753.63180477421,106476.018522
pw,Nigeria,Roni,75995.56420199355,76635.08366369958,59977.99685066665,91018.67309014969,97219.61352
pw,Nigeria,Ardo-Kola,75377.64878929591,75753.29770857151,47504.436768902364,108290.50067710836,134097.409976
pw,Nigeria,Boluwaduro,75369.7402156326,73499.79533287534,33226.516001069635,142128.3611067263,114773.41314599999
pw,Nigeria,Idah,73499.65462970003,70431.53861814224,29257.825877908286,122346.75298753443,94533.302515
pw,Nigeria,Nkwerre,72919.31729812137,70175.75789012254,62690.971863689825,85160.18649847765,108009.763407
pw,Nigeria,Ila,72595.49287512619,70259.2840981992,32234.85596267958,126580.26973651155,109591.605904
pw,Nigeria,Numan,72081.04186617903,72300.89702154197,42103.713738401806,107018.12937627872,128995.283792
pw,Nigeria,Machina,72006.4420405493,72351.86584101422,55538.980620817376,88610.91465552997,94526.101903
pw,Nigeria,Efon,71972.57620204175,71365.26715467901,31579.96268623665,120295.75891467743,124971.67372
pw,Nigeria,Gombe,71586.73975687334,70639.32434773023,63955.406416408776,78791.07367271133,160719.249062
pw,Nigeria,Maiha,71563.3598048582,72172.70677571371,51498.603539920594,94671.33161503034,96524.917674
pw,Nigeria,Osogbo,70901.29572143804,72862.39105611214,35585.122181945626,119446.6964361337,192313.352461
pw,Nigeria,Tureta,69772.02274570383,69016.57693140102,46212.64890244259,101077.16159549743,97807.142707
pw,Nigeria,KwayaKusar,69726.94383598579,70093.30333341745,56884.40053030164,83408.46204779897,91554.950772
pw,Nigeria,Gumel,69144.71652494943,68004.35520700882,36084.47785160646,109169.31183197103,150407.007157
pw,Nigeria,Bomadi,68400.94801663513,64637.33819955025,34623.16599804732,109561.47181995356,110497.057354
pw,Nigeria,Igueben,68233.0169771915,67559.76950030011,38585.03445528062,110520.26142866227,108927.56149200001
pw,Nigeria,OgoOluwa,67037.77747033173,66932.97476192584,47723.592962283605,85859.78333975302,92290.131242
pw,Nigeria,Etung,67027.7903962296,65956.21451482036,45693.70763152124,93304.95599491247,108485.814161
pw,Nigeria,IbadanNorth-West,66520.5117236221,64863.70343251275,9514.81332576056,140115.77579711127,204477.725822
pw,Nigeria,OgunWaterside,66419.87898154349,66540.80567966156,44731.7553732759,95610.77892279306,112156.637004
pw,Nigeria,OndoEast,66103.38190665226,64706.8087872531,37968.34348673836,106652.13029124068,108124.229073
pw,Nigeria,OlaOluwa,66020.95005290346,65093.6022227568,42916.16602000554,94183.30468720458,95967.23644200001
pw,Nigeria,Agwara,64758.74604825667,65238.186319897606,41301.61558178368,93154.71762769468,100416.34069400001
pw,Nigeria,Ugwunagbo,63871.19387361939,62605.89355567264,47798.9197797285,82438.75242524369,108391.230934
pw,Nigeria,EdeSouth,63237.047285786786,61996.24981749683,42599.495372572055,89850.36836089336,105075.228355
pw,Nigeria,Ibeju-Lekki,62230.21810269003,63115.90325111997,47279.15511446127,79517.49465327284,165320.602318
pw,Nigeria,Oke-Ero,62073.31170590094,60821.036833239974,34587.01295909664,98114.16240955258,94609.691255
pw,Nigeria,EdeNorth,61991.5259184581,61870.008535066576,32375.012332833005,92372.85931379875,119525.84812
pw,Nigeria,AkokoSouth-East,61124.433512150805,60508.45455637338,41830.62418864358,80542.46839922518,105966.861283
pw,Nigeria,Aleiro,60759.77616403182,59879.563007077166,38037.69770264787,88559.72772882896,92650.241473
pw,Nigeria,Patani,60641.55102479325,60420.04940614094,38963.78440296,84916.04955810703,96774.322046
pw,Nigeria,Abadam,60249.68999304802,60190.11529024751,46352.508259568494,74918.03402287347,83534.04362899999
pw,Nigeria,OgbomoshoSouth,59975.5652044839,59447.06938534341,24313.162091655307,105322.67242424432,111032.674054
pw,Nigeria,Kolokuma/Opokuma,59933.863094562235,58294.993333862505,33746.258825501835,91441.27507131736,104164.555571
pw,Nigeria,NsitAtai,58404.52495314002,57088.77840994193,44154.89747684205,76160.11062193014,112046.868892
pw,Nigeria,Keffi,57982.237462785786,58145.57656555274,31358.209488879755,90947.43134071189,118805.654228
pw,Nigeria,UkwaEast,57568.21326838809,57031.54733602672,37546.05504171896,88142.67584761717,92404.228676
pw,Nigeria,Ika,57555.07835510929,56524.9689371849,40198.59164910709,76494.68556987714,97748.511633
pw,Nigeria,Tafa,56697.6668786626,55416.75057963565,38649.37706040326,77729.45627199575,118007.323634
pw,Nigeria,UdungUko,56108.31932458206,54221.446464042,17643.491877401782,99203.23631175891,78362.444078
pw,Nigeria,Teungo,55792.52052601611,57556.213356742315,33685.71895624341,86289.5602047069,66909.779684
pw,Nigeria,Egbedore,54941.70925382301,54604.43931034226,35307.387771504094,74801.34353667976,123788.24638899999
pw,Nigeria,Hadejia,54286.035610523795,45306.511551470925,21637.461795782874,93206.67406140004,140821.834647
pw,Nigeria,Damaturu,53694.1105836289,52164.26292033471,33335.24239060081,80751.26414715037,132981.580015
pw,Nigeria,Ogu/Bolo,51791.950344212615,49883.89474574857,11312.958145457698,112006.12296063628,80989.14819400001
pw,Nigeria,IjebuNorth-East,51660.63884255487,50299.48455152022,36665.679376044965,68725.21440250952,84641.297488
pw,Nigeria,OwerriMunicipal,51001.98156621001,55183.39572001522,36192.57754512479,70445.67586897181,158299.348815
pw,Nigeria,Bida,49713.03419042303,60105.07468902943,20877.86469430011,81205.6906423951,165568.3498
pw,Nigeria,Remo-North,49259.744284387205,48134.91476698083,18310.63564560994,88053.2952211049,89064.554401
pw,Nigeria,EasternObolo,49128.36181747627,49531.193440626004,26789.899115874134,77721.95670361922,83239.11820000001
pw,Nigeria,Bonny,49105.78594065325,49853.99585185378,32634.014425697562,73654.03791345385,94267.383633
pw,Nigeria,Oron,46855.60821557399,44774.14025549136,18996.382209855034,79214.39267888885,106742.87055
pw,Nigeria,Ifedayo,46149.72851210781,44786.60253069977,14047.553822859894,83885.39681592818,70739.174147
pw,Nigeria,Ekiti,44505.30639343459,43893.56693689105,23124.91570747089,71753.67711354603,72068.471723
pw,Nigeria,EsitEket,43421.60975382682,43463.296569912236,26381.361901975048,61030.903782717825,88929.64477500001
pw,Nigeria,Ewekoro,42626.92835097504,42043.876148131974,30294.44984370249,56336.871252455276,78263.525046
pw,Nigeria,Isin,42166.05379529154,43243.49394647621,27973.359592137494,59563.72746386495,79212.116951
pw,Nigeria,Mopa-Muro,39703.374045485245,39420.69919419379,21793.863894095473,61842.94777640011,58913.759946000006
pw,Nigeria,Ogori/Magongo,39183.2764708469,38847.60589662932,19098.141634518794,59472.586304676195,50522.37408
pw,Nigeria,Ilejemeje,22446.687534846,22651.723169239078,11921.808726136576,33964.67983193113,48931.084999
pw,Nigeria,Mbo,19753.221236010137,19141.585631359663,7043.939550139434,35455.65183462405,29524.56414
pw,Nigeria,Kala/Balge,19643.621739310227,19336.684845255644,11516.107375555339,29719.771721066678,26546.755486
pw,Nigeria,LakeChad,4064.3060467881573,4192.598107283776,876.2806974270164,9679.088617044845,5229.976552
pw,Nigeria,Ibeno,493.51039961538464,467.10172594565506,448.0649116973232,520.0682147961066,712.8483550000001
pw,Nigeria,Bakassi,31.56859590528233,30.445252033199996,13.928657859696282,49.907060268138316,40.8484
sw,Nigeria,Abuja,1577385.8495244058,1452465.1778681723,1361403.1583143752,1795272.1018313554,2588985.010097
sw,Nigeria,Alimosho,729040.3756383224,676751.3497474393,553707.7116592214,876353.7210399216,2057386.643183
sw,Nigeria,Maiduguri,606130.250813006,552178.0590378904,342140.9888268752,849738.3199075207,777957.962592
sw,Nigeria,Akko,598128.0576312568,577418.282599431,320503.34891767433,1030080.0844597459,730893.777093
sw,Nigeria,Bauchi,578371.2174734888,553460.3161848224,454476.02005882794,700621.3137867062,736838.001627
sw,Nigeria,AdoOdo/Ota,508394.00342954055,450530.4602264922,417721.0012245775,627361.3813293237,1013450.181367
sw,Nigeria,Igabi,506825.0741002301,485979.89422327845,393459.6464392965,636153.3830894176,688524.800438
sw,Nigeria,Bwari,501071.2986226461,464631.57872218575,379390.32307775604,618854.2087249664,737213.59461
sw,Nigeria,Ningi,489116.5090944618,478264.4859239225,413445.6235833103,562467.240210492,578502.758115
sw,Nigeria,Toro,483748.96196428395,483591.22461473616,427424.70056908386,550196.9166330394,521560.588248
sw,Nigeria,Alkaleri,459751.259636782,460803.2178953853,371931.1507669604,568589.4164649717,479251.89783
sw,Nigeria,Chikun,457978.90631040797,450585.1268634263,358702.3922685408,567260.6728710918,527816.287836
sw,Nigeria,Ungogo,451908.8470653571,440356.3086966758,338722.7425796971,590980.0020627918,743836.465426
sw,Nigeria,PortHarcourt,445645.24729162245,387238.1010969481,271590.5960969915,646927.8941686202,750104.323748
sw,Nigeria,Okene,440860.75485626096,435182.3832515567,49183.87391089541,1124654.2566976317,479668.32688400004
sw,Nigeria,Fune,438748.6629361948,440268.11595723656,364960.38878355885,519708.41613076546,453498.01312200003
sw,Nigeria,Bassa,436941.853340271,436134.78683348227,374712.930985508,507103.1765403341,478226.546185
sw,Nigeria,JosNorth,434883.64007848926,405077.08068658196,342402.18035259197,527281.0795369942,606160.762695
sw,Nigeria,Nasarawa,433542.2681135424,410896.16531734855,253157.31671264334,669349.6695670417,1007592.19559
sw,Nigeria,Zurmi,433383.79897819285,432119.0733543888,353973.05497282743,522856.45841773757,455669.761567
sw,Nigeria,Lere,425215.2134051666,421252.9340098022,365351.49493840494,481998.0242889725,478186.176756
sw,Nigeria,Kano,420436.2135250092,392696.5622159632,293463.1483961145,559391.0151867738,611628.4668010001
sw,Nigeria,ZangonKataf,418978.9761798344,412105.9554223859,360398.23128524865,488641.65316839464,467445.253007
sw,Nigeria,Gusau,418890.39436586545,407014.0766717443,308308.55318208097,527478.2824458306,541558.756387
sw,Nigeria,Gboko,414926.21387818287,401466.09564296587,298553.26482795016,552770.6456625129,523648.683117
sw,Nigeria,Surulere,410497.77402763435,395232.6115038646,224366.7779486205,638525.3748835562,1118969.468593
sw,Nigeria,Maru,408906.39721751894,408191.06553324475,357590.64396895585,462067.7995047774,429148.851414
sw,Nigeria,Gamawa,406082.75750221964,407872.90114872414,348563.56630973646,473163.8718996173,422868.34116199997
sw,Nigeria,Mangu,399135.53697315895,397082.1835778839,351957.32220620464,452942.17343561817,436193.623488
sw,Nigeria,Yenagoa,398328.0897150838,381503.378599046,276453.9962214762,540969.4878150444,546766.373963
sw,Nigeria,Zaria,396817.240264701,388332.2899889523,262360.37849311874,546923.2610626405,585204.666834
sw,Nigeria,Kumbotso,393397.7331191988,380266.75554990245,298681.7472821578,501921.4765375966,505766.793043
sw,Nigeria,Oshodi/Isolo,393309.10627845017,357077.61071587907,341251.85753570485,439552.44581245043,967778.714343
sw,Nigeria,Giwa,391268.01247894845,388716.91743601445,341735.9073554688,444869.72051441675,433506.016618
sw,Nigeria,Aguata,387528.58124391484,347071.0697495288,306868.9729608933,460853.42205132206,520755.115868
sw,Nigeria,IdemiliNorth,387252.616033942,372305.07644462574,298900.2483607492,480852.93125196075,505001.773345
sw,Nigeria,Gwagwalada,385916.3056161852,379016.3399234242,224822.6040135571,568132.4214647245,504279.67598400003
sw,Nigeria,Ganjuwa,383115.27243235166,380439.9010560347,342127.6631718647,425664.0496858287,413073.692205
sw,Nigeria,Lafia,382944.9757800968,374595.1849023185,306407.19924106926,470409.95689088013,471762.083018
sw,Nigeria,AmuwoOdofin,380637.28651145566,340187.4810875382,213355.53482190464,596774.2028340618,747721.481207
sw,Nigeria,Ikorodu,380441.43174716533,335164.5239007888,317403.0041987605,443657.61752252176,806471.896434
sw,Nigeria,Kubau,376798.9178945059,374859.97329603095,322209.4769826307,444629.4037045269,408205.458802
sw,Nigeria,Lavun,373926.24657399557,364816.9114537032,268654.74583179224,513948.48249875754,436305.097702
sw,Nigeria,Soba,373872.96665505855,372475.3862521577,333622.3476399748,427025.1444816721,405530.426387
sw,Nigeria,BirninKudu,369451.25730968267,356792.59890433616,318568.3381385271,431317.398253729,445183.058069
sw,Nigeria,Yamaltu/Deba,366811.3873604394,366381.5910832518,291470.8250857144,452150.84251020546,393611.81613500003
sw,Nigeria,KauraNamoda,365655.69644622935,359445.43133624824,287392.2367915091,441236.54209001403,417491.508069
sw,Nigeria,DankoWasagu,365515.84065921855,364870.1526340297,318308.9954449645,414915.9470469964,386069.964091
sw,Nigeria,Ikpoba-Okha,365427.54991075577,325417.8863582017,276775.2138760539,467816.9455140445,583687.164124
sw,Nigeria,KafinHausa,364700.182481756,365850.25855537,308386.6862997585,429271.31392706884,382729.963002
sw,Nigeria,Gwoza,363642.2870473397,364365.7971440101,183373.9513128155,551215.7432887205,404932.980782
sw,Nigeria,JosSouth,360595.3408007253,353376.2800410213,263026.8068280707,457491.5128926337,439726.42273399996
sw,Nigeria,Darazo,356704.99959409476,354070.9492999905,293477.06619983044,427218.37798667623,376688.492096
sw,Nigeria,Jema'a,356602.7388020402,356728.3542498136,289139.7922860647,430148.15148946625,376588.127207
sw,Nigeria,BirninGwari,356052.38298720005,355862.53199945285,300383.0153227737,422615.0698484799,370565.432424
sw,Nigeria,Bungudu,353963.82689907885,354288.86935040564,304029.70018678735,414000.00559625245,378116.949282
sw,Nigeria,Ifo,353840.5302777936,318131.0347155292,273194.21585520584,425640.61398378015,798394.852863
sw,Nigeria,Tsafe,353676.9346119153,351233.87614326185,298258.0643024968,421232.77575157915,376681.194874
sw,Nigeria,Jakusko,351028.24757634505,352588.8618725965,285148.63350092084,431030.09052949166,362789.09996200004
sw,Nigeria,Gwaram,347453.3932447822,345948.5219295094,296676.44451726606,399363.7350503109,376733.687451
sw,Nigeria,BirninKebbi,345923.7852816463,336132.2946000867,257748.73602057085,446645.9243070243,404733.336079
sw,Nigeria,Nsukka,344636.4848400372,334160.59465979214,242620.73914096414,479277.9299887886,437750.322249
sw,Nigeria,Bama,344356.3404197194,345746.62811869726,241688.25782538892,488098.37283191615,360509.086536
sw,Nigeria,Katagum,342714.60461242776,332312.6595657619,279094.2506236241,422383.76750769943,438006.567414
sw,Nigeria,Kachia,339866.6887129202,339946.5018086884,297383.1068605466,390870.4037760227,365528.420949
sw,Nigeria,Damboa,338922.6852812873,339665.1556761554,242397.16500899123,479363.04019621835,354827.246041
sw,Nigeria,SakiWest,337531.3280648705,335389.0948121251,220166.41415393457,475746.0245176396,370336.584151
sw,Nigeria,Anaocha,337050.2289992163,304127.0265607869,267187.3890692747,401258.7973534866,454233.349693
sw,Nigeria,Gwadabawa,335839.704310231,337285.524098088,270580.6512281319,417655.3730068074,349210.911741
sw,Nigeria,Khana,335448.13277751685,314919.3481153794,264278.69638913084,414596.4668466037,425422.61992
sw,Nigeria,Mokwa,334420.5640410076,329583.4611490423,252543.76274286033,436593.65689589485,367161.228498
sw,Nigeria,Ihiala,333234.51681879006,325962.89649586275,257842.30826053623,411941.3962179599,413236.098212
sw,Nigeria,Shiroro,333224.7485818764,333814.95627187646,297560.52228367265,373304.63463902986,351172.944102
sw,Nigeria,Gwale,330811.68708961946,311161.43122431054,200341.88621579274,450383.6147825574,563114.01774
sw,Nigeria,Funakaye,328930.33448505995,327981.81205561874,230913.6977043568,463323.52771824156,354199.500071
sw,Nigeria,Kankara,328401.913021755,326502.0739397849,277181.00609185797,393266.4762100735,358408.124229
sw,Nigeria,Shira,326843.4780724501,326594.1799431135,271778.4642417992,397365.78662135074,350757.472159
sw,Nigeria,Kwande,326779.41396045836,327204.13738736644,281135.3755103875,379859.02937308827,354019.039407
sw,Nigeria,Dala,324627.3058238065,289879.54510961514,256175.4592198256,396684.6477310265,480253.48640399997
sw,Nigeria,Abua/Odual,324460.13050973945,307321.43581620743,195905.568819417,525875.077037017,421281.735947
sw,Nigeria,Gassol,323171.4781788454,322791.6436261041,251593.8671858655,416985.4774784291,348192.898212
sw,Nigeria,VandeIkya,321824.1429486014,320398.75899715186,270036.9675250805,377189.83317915257,349838.168565
sw,Nigeria,Misau,319950.80428211787,313765.3689303576,271878.9759341148,381727.27730482107,386727.23837100004
sw,Nigeria,Mashegu,319822.4053768497,321193.02888573677,271358.6796685184,367235.11846387543,332451.722179
sw,Nigeria,Katsina-Ala,319797.8023104949,320143.6769825418,284697.49455675174,357342.74723152095,334894.58276799996
sw,Nigeria,SouthernIjaw,318768.0311054662,305580.2382039264,260088.31495206984,383235.3416416753,439696.082578
sw,Nigeria,Gada,318318.5063059474,318675.4188481771,262538.4896963891,381906.04078265256,337129.630157
sw,Nigeria,Itas/Gadau,315555.3746858951,315659.7786426587,263472.1722880547,371144.5297341692,332072.201678
sw,Nigeria,Kagarko,315326.91077830794,315456.46449621255,266921.44288091833,375882.17918299546,337386.663225
sw,Nigeria,Ifelodun,314383.583692171,303825.81500634085,251474.78695601426,389053.90103056317,432040.83539200004
sw,Nigeria,Sumaila,313967.3554537722,303613.3116009107,269932.8880215539,368921.84490563045,371622.689019
sw,Nigeria,Ankpa,313098.3093879559,307991.8192490506,240524.06630965866,389795.6679455426,382930.18064800004
sw,Nigeria,Obio/Akpor,311677.79946281237,278767.2592703,252314.28556755884,383082.3519969807,673489.794099
sw,Nigeria,Obi,311088.4898073435,306967.79262800585,246494.1235264892,379997.23124506377,350468.340874
sw,Nigeria,Bichi,310981.2425886582,288586.5048235512,257902.82982569042,378377.84164094884,417932.505535
sw,Nigeria,Ilaje,310512.3839818297,299327.1294258924,238001.56499532255,387754.60967373603,397812.12793099997
sw,Nigeria,Tambuwal,308911.65353654994,310102.4748210668,261107.0854273468,362196.72438996524,321217.193408
sw,Nigeria,Dekina,307912.15361802746,298511.54136155226,254990.8550609375,363160.4491832799,380628.167659
sw,Nigeria,Kauru,303604.18407575745,304319.0956816382,266943.5863229545,342071.7471855002,317212.948531
sw,Nigeria,Makurdi,302508.9671775624,281695.95891244744,220915.762231619,393938.8225908756,422046.251279
sw,Nigeria,UghelliNorth,302361.0123688637,279649.7230829205,234807.7683124813,389551.9971223916,483912.22204799997
sw,Nigeria,Udi,302218.4087358816,291459.9377994734,221451.889235128,389487.46394385956,381887.097547
sw,Nigeria,Dukku,301112.75768068695,302239.30795396416,254100.07393878823,354810.5177276124,309958.927492
sw,Nigeria,Rogo,300547.92653101427,293764.5752456279,255688.97016664673,350312.65426017164,354032.647319
sw,Nigeria,Uyo,300486.5170596626,271370.16345911677,223873.77511727568,387219.76559733954,449733.566185
sw,Nigeria,Wukari,299849.7545846812,298631.2508790538,232519.56516384022,381538.8014622223,336950.021915
sw,Nigeria,Ukum,299038.4963120427,300382.17171402305,253127.60717148785,351519.239422972,313198.885875
sw,Nigeria,Konshisha,298983.880882035,298811.07055749756,260110.55921591652,338044.02730109514,320150.386145
sw,Nigeria,Egor,297554.7130484018,259630.6392272298,191919.82049957436,440570.6052904755,461129.074834
sw,Nigeria,Bagudo,296638.13132993924,295381.8644512711,248788.94523611246,349695.4044642466,315744.630301
sw,Nigeria,Mariga,296127.0883764191,297815.47366525914,267852.23199368594,329028.632048175,303404.691229
sw,Nigeria,Bukkuyum,295323.3859248867,296969.3857198572,260419.2960882053,342881.06457734137,303109.142272
sw,Nigeria,Tafawa-Balewa,294454.0267723776,291700.50924697425,248606.96004032937,344207.0496805079,328938.826221
sw,Nigeria,Ngala,293944.7635037763,295409.27476091555,75553.81381896567,605329.8089845348,347063.863265
sw,Nigeria,Otukpo,293388.1423873696,276967.62171047146,200656.48285086337,390862.593382725,364702.026158
sw,Nigeria,Jahun,292980.1351234449,292439.15636174526,252479.8598328588,347593.1612254977,321467.561051
sw,Nigeria,DawakinKudu,292953.26517534134,285474.640788413,220491.83927680668,378839.7134173761,345565.48618999997
sw,Nigeria,Oredo,292273.29037536524,257529.42785659796,183681.67111912192,422568.0364310089,463871.920146
sw,Nigeria,Igbo-ezeNorth,291847.09024567396,283300.3074416523,231744.62796250678,351923.74789498915,374679.727982
sw,Nigeria,Ekeremor,291799.37036985526,274643.61919575726,233447.49026150253,358079.05093749246,399971.02711
sw,Nigeria,Talata-Mafara,291275.7127719816,292487.61864274845,236135.50627410173,355916.97606654256,306173.90177399997
sw,Nigeria,Ajeromi/Ifelodun,287818.70602200483,267856.8137158111,107812.37729210888,537858.9955230312,787152.093061
sw,Nigeria,Kiru,287579.2652192685,263731.8847769682,244497.61148116406,335424.9046928553,391679.87587499997
sw,Nigeria,Izzi,287192.7060584625,286928.3852404304,257129.58551932682,318400.70078357944,323269.106304
sw,Nigeria,SabonGari,286944.1248446097,265780.86574249045,198878.33859921538,381251.4675684388,413997.31115
sw,Nigeria,Balanga,284986.11806630116,284657.6222078,225017.15497106232,353690.7800205042,305401.012759
sw,Nigeria,Gummi,281334.5698452784,276992.8610278004,222199.82943785356,354971.2682177438,303057.825333
sw,Nigeria,IlorinWest,280519.91545849806,255308.59043858357,227367.11759955075,340929.5410407533,467218.585856
sw,Nigeria,Akoko-Edo,279804.54283942387,267021.6889006774,221238.3789189071,350729.09430779953,370934.554238
sw,Nigeria,AbaSouth,279759.60854455415,247041.74693556718,184912.61069226204,379126.2936602534,489216.91117
sw,Nigeria,DawakinTofa,279245.13878369285,260990.23571576955,225365.90873265004,350489.18624750007,359525.76879999996
sw,Nigeria,TudunWada,279175.9742480472,270933.8944718906,224241.37716623402,340811.2802033085,323427.41786
sw,Nigeria,KadunaSouth,278737.56391205307,251488.70324589548,225697.66448487368,337950.9702104827,594215.336608
sw,Nigeria,Onicha,278248.73688288784,278245.5690468792,230755.37249745894,336910.33622593386,324624.219442
sw,Nigeria,Gabasawa,277544.98180347506,275933.5965847585,213840.73235454308,342069.279817124,308109.685525
sw,Nigeria,Konduga,275943.0016218431,261720.10225527067,158018.79380497153,425524.73906010395,349413.781194
sw,Nigeria,Katsina,275781.7253228349,242120.6282154597,180637.78754057363,364741.2062227949,451996.778452
sw,Nigeria,Baure,275496.06066103943,277173.6207710743,235202.33551473383,317931.76569619833,281689.663861
sw,Nigeria,Maradun,274895.8735157289,275900.09456293494,213436.49818996477,343612.75173319626,284094.323617
sw,Nigeria,Bali,274346.96882380743,274223.44358717056,205914.65489409346,367747.9511045595,294749.511175
sw,Nigeria,Babura,273681.59164163546,273124.3128982379,233681.60574655316,326608.12360059115,292881.81607
sw,Nigeria,Billiri,272968.45961473,270548.0828268106,187529.33392463246,378483.1464263822,296672.29553
sw,Nigeria,Bukuru,272757.93931573496,272842.10228567297,224816.71950713874,327538.22449155303,290211.208183
sw,Nigeria,Edu,272337.19367326825,273024.25010865444,208104.3395639448,347067.20060059486,287880.491543
sw,Nigeria,Kuje,272087.9735002435,272752.5476363281,211807.9985259621,344344.51481729094,285755.948989
sw,Nigeria,Ojo,271542.95346416265,244242.0938468871,186185.11477704032,385075.02649707923,849642.913908
sw,Nigeria,Kwami,271208.04649615963,271617.6263431107,205860.97503685002,343415.10548803135,286066.061592
sw,Nigeria,AhoadaWest,270914.82840053015,255457.37218551818,186957.6568126212,361681.3361640705,343266.824087
sw,Nigeria,Kwali,270028.9418114185,267165.7479373708,199746.993623091,343072.1491624944,292636.042284
sw,Nigeria,Ikwo,269956.9590620332,270158.55580599455,235170.45281799638,302117.15028013126,306862.062719
sw,Nigeria,Dutse,268734.9938185854,254167.75088162348,215452.23687983985,328952.55005693017,358348.721555
sw,Nigeria,Argungu,268316.58917715616,269139.14397037134,194966.8257735355,342941.7207105276,281841.004882
sw,Nigeria,Zaki,266641.46352631884,266712.4604875995,221788.44307532278,314463.66393728554,278432.851188
sw,Nigeria,Potiskum,266191.16560752934,247961.36857879997,135104.01669531656,422194.9604264018,320487.491118
sw,Nigeria,Shendam,265655.72325541213,264221.34532221814,216504.4967540964,325748.9208735171,293415.582605
sw,Nigeria,Rafi,265369.8263306011,265285.7629363022,229075.60991431907,302016.62058994564,276649.850064
sw,Nigeria,Yala,264444.58410238835,261440.76591623802,225398.42501542694,310018.1509174602,296401.763384
sw,Nigeria,Kosofe,261194.0162937221,241052.9791597972,188290.63208704934,329441.7280283088,900184.322142
sw,Nigeria,Guma,260374.3405303017,261207.2750687306,207751.49786895275,325086.14994132373,276571.10025200003
sw,Nigeria,Funtua,260227.39230985736,248506.79731926805,192143.07433324476,352533.62273131456,329469.13703700004
sw,Nigeria,Batsari,260160.38982372815,254711.56030383578,215426.53136336993,310792.5533814013,306378.81505000003
sw,Nigeria,Fufore,260062.89087367422,259769.08290666188,223445.82835899963,303567.12920079665,276718.980844
sw,Nigeria,Andoni,258594.59619873305,245791.14687344545,143659.38922791035,405962.4589894868,325212.449944
sw,Nigeria,Eleme,258384.36422315033,232549.28042466752,148030.44623879276,377621.10682810715,362129.359537
sw,Nigeria,Mushin,258181.39927075125,228485.36812322217,105449.60419649977,509528.4174783618,870391.628973
sw,Nigeria,Magama,257934.57063806456,258005.4549333923,218902.31623495527,310082.44117189123,273457.362575
sw,Nigeria,Ogbaru,256679.05601579798,249888.74192314953,177373.14080236986,347271.3429694203,301450.325211
sw,Nigeria,Karu,256517.54333545401,242257.77342014946,198557.64294356437,314535.93912876677,333936.184987
sw,Nigeria,Dange-Shuni,256498.81836750035,256546.17980673813,202285.8540383372,319274.28938707296,271188.555066
sw,Nigeria,NnewiSouth,256049.63465478513,254816.58808022784,221255.96960300123,286471.2873234801,313210.425504
sw,Nigeria,ArewaDandi,255781.04209359555,257136.9337400852,214433.13013808036,303716.9130609517,264187.100303
sw,Nigeria,Kafur,255549.05942882953,252132.4173464707,221692.60730387922,295283.21649232664,285266.23091
sw,Nigeria,Makoda,254287.51248890144,247952.3878868414,212994.6751069711,300378.8626714617,309901.588611
sw,Nigeria,Faskari,254142.54996712817,253345.61884509152,206268.62340926687,310557.2248643903,279849.587518
sw,Nigeria,Jega,253932.69064071428,245950.89335566084,148608.90485016743,393283.3439442916,283736.828878
sw,Nigeria,KarimLamido,252921.18991957468,253610.02263749653,210484.7260349831,305703.65225598007,272065.803421
sw,Nigeria,Dambatta,251982.50672988655,246292.8492891849,197751.17958674044,319552.0036746346,325436.577736
sw,Nigeria,Qua'anPan,251603.87511610222,248556.0055808561,207171.83043491826,303314.92182380566,278585.447227
sw,Nigeria,Rijau,251221.93227825622,250893.57491131083,211947.80314726804,290599.58199290547,267793.040811
sw,Nigeria,Gezawa,251073.49603709625,237903.84158327596,172030.34067161146,354227.44272918144,414942.121458
sw,Nigeria,Okehi,249493.85251120097,243034.94687778552,135344.8628258772,380145.25347202114,306931.189356
sw,Nigeria,Mbatoli,249047.8451665067,231623.12708264132,220864.6658978569,282506.7520253391,326085.19025600003
sw,Nigeria,KiriKasama,247869.73900535345,249228.25153355362,189866.3095498874,319007.76512105274,259179.66018500002
sw,Nigeria,KadunaNorth,247584.94366978997,230501.57377857354,193565.4101591437,314123.6612919641,447801.870438
sw,Nigeria,IlorinEast,246858.17107057586,225557.4118746042,140914.06296580553,364993.0699127054,361764.127142
sw,Nigeria,Song,246298.45708470064,244230.38729569165,202381.74956570912,294066.3882109267,268448.087771
sw,Nigeria,Birnin-Magaji/Kiyaw,245111.4921833384,246421.19419309564,180779.24197321894,324251.90437331033,254356.906994
sw,Nigeria,Ado-Ekiti,244547.68823366525,205732.4750566595,147201.6638125852,344413.4130440812,434413.391124
sw,Nigeria,Bakura,243782.7815443312,240065.7014767911,184396.85741619492,327486.39081434027,275813.843698
sw,Nigeria,Takai,243749.7689695199,225826.57261636877,204801.1382261625,292932.31969701033,315607.879311
sw,Nigeria,AkureSouth,242961.3196110562,212076.2418913693,169245.01748028447,318667.13336821034,515891.31435
sw,Nigeria,Ikara,242863.54801936512,237715.6874303971,204596.99649301163,285616.53529504186,288748.675974
sw,Nigeria,Maiyama,242646.93083524506,243497.52299672633,196499.04122618726,293532.53731549036,253919.108713
sw,Nigeria,Pankshin,242610.65375723387,243035.94630184947,207074.12176582916,282505.23346931004,259082.458295
sw,Nigeria,Borgu,241583.84495997825,241171.58443413486,199400.5276774776,299888.8404628968,261964.101647
sw,Nigeria,Goronyo,241257.99682211393,241787.14886427153,187482.69832490612,300565.9056852253,256962.503846
sw,Nigeria,IsialaMbano,240481.86285162167,232357.23740244962,182229.39939947028,301658.5888338399,309024.25298
sw,Nigeria,Odigbo,240422.95066292258,223408.2833996376,191581.54306248814,299216.7601024797,329117.49918
sw,Nigeria,Daura,240001.48260000045,224958.4877019864,140122.49437592897,355317.68294903624,334189.996727
sw,Nigeria,Ohafia,239879.03833519158,223227.05290040062,165848.5690514278,330115.8730393928,343246.313058
sw,Nigeria,EnuguEast,239443.40939949037,224576.7927442395,126056.44202835535,389238.65571452223,367778.95282
sw,Nigeria,Ofu,238931.00430531774,235277.968895483,193860.80698753093,287692.55133747624,272183.98122
sw,Nigeria,Akpabuyo,238680.31548156225,225056.35442457825,183499.0227071228,304675.1879896303,321532.466114
sw,Nigeria,Ushongo,237490.57399222726,236973.49545337647,202586.57335629239,283642.0502759427,259551.334913
sw,Nigeria,Ohaukwu,237252.00677454428,237919.6196606001,189777.57929928668,288043.00259710214,270670.527803
sw,Nigeria,IsokoSouth,236679.7394550471,219654.7767163405,176065.7278006116,300951.88378885126,361825.43074
sw,Nigeria,BarkinLadi,236468.71064151678,235370.25927342358,210012.79722429617,267815.1893027481,256350.201716
sw,Nigeria,Adavi,235233.14985384475,220966.4017910034,123969.661794685,365340.99198774714,299661.063796
sw,Nigeria,Safana,234551.25538708316,233589.77901514227,195263.30392815772,278491.8334393669,251413.410764
sw,Nigeria,Ringim,234096.29434147428,229868.21146076298,187599.58689571233,286687.32477196364,272020.251036
sw,Nigeria,Etche,233811.60060844052,214665.19172105668,167124.09354090618,308871.0159033369,369813.050223
sw,Nigeria,Kaura,233455.44939699225,229621.01366814072,178335.92758407292,303095.2510768101,258947.470973
sw,Nigeria,Bodinga,232503.33975149778,231793.80255863394,198210.04312133003,271000.35291704483,244029.286962
sw,Nigeria,Kaita,231941.75325841986,228633.23536139147,192976.34773355222,269917.64886822255,259675.27113999997
sw,Nigeria,SokotoNorth,231773.37924343668,222435.85927254747,135894.14745497677,369883.8430579315,340440.123442
sw,Nigeria,Kaltungo,231476.8865608802,231001.2108744985,191235.71655203,276451.932720791,248400.440172
sw,Nigeria,Maigatari,231116.82838981648,233217.69605406592,183180.4980185369,286375.47120615083,237567.21268
sw,Nigeria,Biu,230998.78440268827,225202.88432423642,154826.23645934105,339198.1707312389,263541.433769
sw,Nigeria,Bokkos,230774.20449344587,228284.7185282933,203627.9893367305,263728.6616946541,254253.212282
sw,Nigeria,UghelliSouth,230557.46106216457,212784.368446439,176126.10269510513,291422.03747724404,329414.925881
sw,Nigeria,OnaAra,230490.27721909145,195748.7053366497,95428.54669982445,379765.0111641549,490689.177753
sw,Nigeria,Iseyin,230206.36386776177,218411.54964672483,142220.29652313585,327805.01713890047,382177.687105
sw,Nigeria,Guyuk,230110.6141957501,230625.6663169239,166261.26829959542,302490.28993158974,245027.018447
sw,Nigeria,Lokoja,229637.6636712135,218912.52089866862,154865.9792737339,308982.1052801402,287549.301189
sw,Nigeria,Ikeja,229353.4886512487,218861.86840629406,146018.06045575868,319282.24130920874,689020.8477129999
sw,Nigeria,Okitipupa,229252.35791575786,207132.37335983408,145588.83766480716,323014.9233679563,337612.51602
sw,Nigeria,Igbo-Etiti,228258.9212750347,225257.96239865336,173583.86128350857,290855.5328872516,285083.14067
sw,Nigeria,GwerEast,228196.16082561613,227303.56816920792,180702.26195862712,275797.4994154799,251917.093173
sw,Nigeria,Eti-Osa,228152.83313956665,203931.89402181294,173323.51581874196,281445.0640462322,459687.890357
sw,Nigeria,Suleja,228086.4458317627,216841.67325445797,136647.1335131506,333140.4026924631,343712.83837
sw,Nigeria,Wurno,226901.4350796746,227439.8503358979,174491.25945262596,283323.05193194415,236060.498066
sw,Nigeria,Bebeji,226359.56214276637,214692.69839864655,185386.11430826515,281699.59893241,291364.292162
sw,Nigeria,Ogba/Egbema/Ndoni,226297.4608853051,204722.55581786775,169943.8732369738,290860.02063100674,388678.004917
sw,Nigeria,Logo,225194.98520431103,225093.33210486275,162281.40617402393,304805.3426997002,236291.570869
sw,Nigeria,Geidam,223365.53490461948,223848.57371557466,155553.56233450206,301765.6316546188,240017.478185
sw,Nigeria,Kiyawa,222847.77246182246,219158.54346374,188752.30228824128,262957.1583475538,249747.925826
sw,Nigeria,OndoWest,222705.21193134497,206797.95474335027,142708.2710706131,325236.9452871656,407825.599379
sw,Nigeria,YolaSouth,222049.16345005072,207662.91656496865,122030.27121014478,376288.8051958482,283060.683584
sw,Nigeria,Paikoro,221975.07392065122,222911.3711616702,188982.14919532454,265893.13497846614,234599.19091200002
sw,Nigeria,Jada,221911.73302373735,222816.07778944672,189130.54740559484,257833.0063140944,231190.134336
sw,Nigeria,Edati,221903.42182041606,222861.38873475604,163629.0057866427,293492.0463890919,229081.18536
sw,Nigeria,EnuguNorth,221389.99376139473,196241.4680638439,124412.29424133107,333875.8308422516,339764.074828
sw,Nigeria,EtsakoWest,221338.82021343498,208022.70942686236,157959.68109961573,298521.0421712302,288702.32149
sw,Nigeria,Ijero,221013.07452427075,195282.43214892468,130032.6637556157,319936.49245135824,330610.148221
sw,Nigeria,Gubio,220729.7457363446,222164.13900311347,179629.37609774416,276322.4725991698,228365.239203
sw,Nigeria,Ado,220295.6742493074,218588.9870421869,181609.44089175196,264864.477877494,253837.952163
sw,Nigeria,EssienUdim,219827.68957962142,214999.92960431447,162232.22385269956,272813.51972899743,280835.399415
sw,Nigeria,Oyi,219487.11122734554,211496.4172492359,137196.47310686557,337488.82228845113,309624.247011
sw,Nigeria,Gaya,217931.29432075284,195315.31874185105,187171.32915700396,251061.00180799945,306530.988919
sw,Nigeria,Minjibir,217893.75381230994,197449.95225240814,166604.44632734157,289130.80299534247,308625.331993
sw,Nigeria,EthiopeEast,217443.14292970952,200449.39072323788,152502.73092923596,288803.47614464647,287564.534111
sw,Nigeria,Wase,217422.78127532484,217880.31222704498,177995.60237861643,259585.144721694,233423.7394
sw,Nigeria,Obubra,217084.85397126098,213519.42038705587,168705.2676942988,263767.6161700713,248076.966673
sw,Nigeria,Sanga,216920.68574006806,217215.2874437121,174977.64374349004,259028.88522690104,231704.844161
sw,Nigeria,Awgu,216843.68335042815,211590.5573294537,166403.0204929748,278225.85950552695,265503.60889699997
sw,Nigeria,Shagari,216310.44101101143,217287.1199987165,169484.15025178296,266370.47243914334,225586.078897
sw,Nigeria,Kanam,216258.3320031364,215758.73902084253,180235.71288669537,257128.90356523418,232268.150458
sw,Nigeria,Wamako,216048.92943243642,202543.606348323,145559.1777561915,309245.14686536556,318082.132498
sw,Nigeria,IjebuNorth,216034.62961891736,202444.53436242574,134285.70113782756,310729.8655660906,416259.29574499995
sw,Nigeria,Gwarzo,215769.65506112063,205014.52561119903,157079.73893795058,296561.12709045754,267142.002661
sw,Nigeria,AkokoSouth-West,215258.94745598672,195920.16296258342,137391.39182439644,316586.3802450745,351788.414478
sw,Nigeria,Jere,215063.15044153715,212945.48916867012,115162.90257741636,357435.7586584817,242512.91996799997
sw,Nigeria,Egbeda,215007.58944141702,189064.87338647796,67834.4913922676,405365.3029685099,437683.948154
sw,Nigeria,IbionoIbom,215006.99675777456,211934.1066507081,160672.88020211042,265931.4055159801,269821.420072
sw,Nigeria,Irepodun,214743.78875833887,199128.86195427625,138149.45660318344,310759.2413669907,368105.760574
sw,Nigeria,Orhionmwon,214069.9872427016,207262.9826741158,163716.94991340666,259980.90724899698,253311.161598
sw,Nigeria,IbadanNorth,214006.41035204782,209151.15282252763,132632.6923757148,331098.6184673641,402140.027734
sw,Nigeria,Batagarawa,213717.70250510363,209140.52110115264,162255.30267167557,275688.3274379648,271070.232645
sw,Nigeria,Baruten,213709.7085512322,213063.78705844702,183879.48032710218,246203.63700713852,226458.913083
sw,Nigeria,Hong,213431.57384083327,211139.71289917926,168197.32776155838,258002.17472599773,239878.770821
sw,Nigeria,CalabarSouth,213100.2153878797,202068.08396686456,71560.78467350667,374520.26612520264,277398.145243
sw,Nigeria,Oju,211956.9769259251,208629.48944155007,162817.51637640863,264906.8725389986,245424.99233799998
sw,Nigeria,Kajola,211784.15919720716,188146.5099296483,108741.47333948807,343689.76198753226,295696.180626
sw,Nigeria,Giade,211645.59904411752,209865.5199517458,177390.7298801322,256702.73901003442,231841.68258
sw,Nigeria,IkaNorth-East,211270.3448005921,198695.8994057423,147138.9781399078,275387.1409635589,272345.217871
sw,Nigeria,YewaNorth,211107.16716648376,199726.72872146234,163668.71965484522,263829.721972232,262843.480674
sw,Nigeria,UmuahiaNorth,210234.84354364156,187429.544707088,157730.35202928647,278311.8856720463,339791.103452
sw,Nigeria,Ganye,209976.54736139826,207124.15514016728,145468.39484385907,280657.8448473605,236027.697716
sw,Nigeria,Gwandu,209976.4423825043,210750.36119622272,155509.4820283284,270331.24575247994,219977.233209
sw,Nigeria,Odukpani,209858.58601476025,205805.62050409245,171678.63982583274,246599.98153297455,255862.76502299999
sw,Nigeria,Zuru,209646.81497162784,204767.0509817539,144360.9422152115,302061.4788251562,243389.326446
sw,Nigeria,Doguwa,209570.82081387477,208234.48904529493,170524.69201287668,249456.624698417,227902.484994
sw,Nigeria,Bunkure,209331.36714402426,201824.61740767738,177272.83061909743,248419.64814539644,255966.542485
sw,Nigeria,MkpatEnin,208676.76487910672,206024.9060560766,171397.1446130014,247507.51898534634,261313.624855
sw,Nigeria,OsisiomaNgwa,208632.36550496877,191740.56124083773,146868.57422765385,274415.183458808,303451.196546
sw,Nigeria,Damban,208158.1409101871,208378.5566527366,155587.63489182325,277197.1684468156,222919.993948
sw,Nigeria,Koko/Besse,208060.64972963702,206588.4322665813,147465.35583337568,281983.95553095144,227363.183066
sw,Nigeria,Kirfi,207639.79059647326,208778.59201708986,177518.27987365177,236802.14890282636,214312.739675
sw,Nigeria,Ifako/Ijaye,207515.3616564556,184230.80667689565,109377.01960968594,318983.0667486907,593164.159538
sw,Nigeria,Okpokwu,207148.0981027777,198336.36111921608,149912.02945716365,261185.273809157,249109.30424199998
sw,Nigeria,Bosso,207127.67400261675,199974.43787394752,160709.7902534782,262225.0090069691,256979.395541
sw,Nigeria,Suru,207008.84470881947,207681.60922313554,151229.31793168635,272997.11862790043,215878.204703
sw,Nigeria,Owo,206603.0437358663,200284.36923569426,154012.69628390681,260265.72196776967,321474.791448
sw,Nigeria,Bende,206211.5786338245,190626.69989836676,155712.46805972923,262603.2021014954,287008.202372
sw,Nigeria,Albasu,206109.75647649536,189032.9985132491,180019.04232705722,237713.53328426045,280794.308503
sw,Nigeria,Oluyole,205894.2772368212,182887.19390180922,125623.85778610889,306415.04369082383,290456.16234
sw,Nigeria,EthiopeWest,205285.9131543444,192544.79059578927,135353.37718033482,290046.28164452227,278578.178174
sw,Nigeria,Gokana,205105.4299529907,184120.7014137022,93911.51420273569,300195.8834087573,302420.085779
sw,Nigeria,Dandi,204684.13858338405,203818.42316941885,154130.01923326837,270968.1389071184,219858.121468
sw,Nigeria,Badagry,204083.17875065104,182808.27302202806,164070.40215841949,244688.1981566362,333178.917472
sw,Nigeria,AhoadaEast,204025.8592605718,190289.14256345513,157013.49766880044,250490.4301727463,286703.507463
sw,Nigeria,EzinihitteMbaise,204023.46874463555,187741.18068866633,140883.37432714505,267795.6215394918,265981.97042100003
sw,Nigeria,Yakurr,203842.66621282903,196825.08006619217,133251.97760586234,278833.9310880078,277718.589583
sw,Nigeria,MalamMaduri,203803.99406465472,198270.64094805118,140116.8037772782,278601.07401902054,227434.513706
sw,Nigeria,OrukAnam,203655.85205347897,202982.7205884277,174231.10133026892,240155.75712770314,248991.066263
sw,Nigeria,AkokoNorth-West,203031.8540771214,189076.98697211884,128585.85426851406,296166.4664300257,294932.021288
sw,Nigeria,Shomgom,202203.94869160902,198441.88046190047,136032.36103135132,276662.6362529626,227094.046202
sw,Nigeria,Burutu,201822.15536982167,192803.04449047684,165475.05626843055,239172.08561201938,264610.81528
sw,Nigeria,Ezeagu,201766.52445344353,200652.2129853779,155926.5364238162,249753.58506664744,235909.000617
sw,Nigeria,Rimi,201251.46764941557,199006.81511601605,161772.84036369316,251213.18740854046,227800.540746
sw,Nigeria,Ogbia,201120.12383275206,184823.08634550573,140700.78541316642,268689.0804137902,264009.214135
sw,Nigeria,Garki,200627.54041679655,201026.38509518155,168734.23092107353,232535.464558079,208659.370056
sw,Nigeria,Malumfashi,200560.53317640832,193928.97870529248,153913.20937643218,258285.46152294666,256178.076057
sw,Nigeria,Jaba,200310.01258194927,197165.85572321393,149564.5917623001,266517.1571655248,218341.592629
sw,Nigeria,Ori-Ire,200269.18627801983,197406.04964887074,155802.39210189297,248683.0458091382,224148.150708
sw,Nigeria,Udenu,200180.0045927031,197890.04512802433,155378.045616366,251165.79316239548,247780.795286
sw,Nigeria,Apapa,199873.31364838016,175268.39774081245,139603.310963771,269351.32308981154,387506.440942
sw,Nigeria,Atiba,199640.50146941943,190921.22811555647,107028.74804656072,348426.0055991503,234779.41151499999
sw,Nigeria,Mayo-Belwa,199491.86883182274,196787.5456174225,164751.85498471334,241330.33036912564,221551.837916
sw,Nigeria,AnambraWest,198609.85493389802,198326.6440375276,153308.560590754,253620.20661280138,213701.618653
sw,Nigeria,Demsa,198420.69831175945,191113.0979745326,145246.44263321182,265112.3217300409,269398.585556
sw,Nigeria,Wudil,198242.9884448376,184794.29850402172,150521.47298213484,262951.8987743853,278870.629873
sw,Nigeria,AbeokutaNorth,197440.55210765803,174738.74694700472,131755.06055095958,287288.2820622281,316061.999224
sw,Nigeria,Biase,197332.03822306302,190699.6695542133,152368.79078694375,238771.97941998838,240904.17044400002
sw,Nigeria,ObiNgwa,196991.74806975372,180140.31409375125,139695.64567684475,264282.8935467189,289800.916296
sw,Nigeria,Shelleng,196759.74414096665,196441.89887148258,160408.7703835511,237157.46338341606,208682.953053
sw,Nigeria,Kware,196027.79161314515,196926.12448272345,162317.51475110347,230781.9516393999,202949.561729
sw,Nigeria,Rabah,195785.1475247531,194602.88515292766,153938.6414395712,243241.63398071038,214837.17152099998
sw,Nigeria,Kontagora,195627.27186209083,195396.49887208018,141939.594712886,251776.5162501493,227927.482192
sw,Nigeria,Boki,195402.15195508787,185191.05535271481,155779.7109401282,242042.0160182889,244478.224878
sw,Nigeria,Nafada,194732.9901923422,194041.89404119755,146062.04372706648,246391.4487747685,209344.128761
sw,Nigeria,SuleTankarkar,194593.97990174097,195031.74217339957,161116.2746947169,237342.26267474447,202713.628452
sw,Nigeria,Sabuwa,194497.93165686892,195984.62157427086,149352.72698541053,257684.01937277263,203652.744977
sw,Nigeria,Biriniwa,194422.9929831791,195622.88364563903,164040.06475375828,228071.25595172634,199481.001273
sw,Nigeria,Bade,192028.2065696327,192480.71621768543,125702.95132363803,268350.6716306096,198826.071964
sw,Nigeria,Nguru,191375.99941025258,187845.14000020156,129469.2664094658,273251.08071025636,231678.970405
sw,Nigeria,Mashi,190553.06984530206,186419.65702676892,163870.96285328947,225762.1202569708,228776.93187899998
sw,Nigeria,Dutsinma,190162.04762366536,181105.13963899575,135288.3481322596,268036.16033573257,249614.200806
sw,Nigeria,Shagamu,189866.41696936183,172659.36713198267,149460.1260043148,239506.09071747572,370317.135702
sw,Nigeria,Degema,189729.49827162773,180009.29258490764,119934.75898877681,269469.310956918,240280.057767
sw,Nigeria,Isa,189384.4237505323,188447.5885360098,133209.57158978318,260235.8031934473,219410.929662
sw,Nigeria,IdemiliSouth,189383.19986332586,170069.41890414013,127821.06518810213,248395.0028661003,254292.650883
sw,Nigeria,Ayamelum,189331.96716603104,188991.27235699384,108501.89244969278,303732.8824581225,212089.556721
sw,Nigeria,Garko,189084.00584747258,181595.56594243067,149720.83748898545,244695.13651366063,239795.64528
sw,Nigeria,OrumbaSouth,188731.94841451355,186010.74476418897,110130.84415057348,277409.1700233023,234940.811943
sw,Nigeria,AwkaSouth,188645.39200615627,181783.88770574972,122396.05010141946,265755.8234346618,238169.95575800003
sw,Nigeria,Obafemi-Owode,188528.99356399692,171986.39257281442,144804.90194896518,238381.39112189133,368573.19547700003
sw,Nigeria,Gujba,187988.69425617892,189482.4094570757,119536.85238967121,268666.43369849835,200754.193274
sw,Nigeria,Ahiazu-Mbaise,187825.47529705364,170471.48994204638,147636.33646032805,231174.5677020307,246445.53273
sw,Nigeria,Etinan,187604.72556218735,185453.01801507993,145777.2911910975,241713.8424718502,235112.795694
sw,Nigeria,Uvwie,187437.00527325142,163147.9400498851,122621.0175395126,252838.4637121671,343847.060941
sw,Nigeria,Askira/Uba,187110.04648105148,186423.80019582636,153654.60763508847,226600.483457862,204773.274379
sw,Nigeria,EtsakoEast,187069.14116502093,177579.2275858631,126684.39480983498,258736.9860211624,235787.624934
sw,Nigeria,Ogoja,186918.822045808,183691.18633640796,152486.39851216206,226757.89827293254,244044.16114
sw,Nigeria,Ohaji/Egbema,186665.66664838363,176224.03941557917,144231.30882626245,238137.12449444283,271917.310809
sw,Nigeria,NasarawaEggon,186602.4139391693,186096.74770499766,140367.25510826617,246190.1048347451,206436.075144
sw,Nigeria,Fika,186492.78083993116,187452.35289040479,147762.4046769575,237382.63523060957,198450.69298
sw,Nigeria,Makarfi,186218.70775939233,184522.75692665606,154739.5227855968,220584.3980207148,204107.188234
sw,Nigeria,Olamaboro,185698.61607976374,181711.61086636706,156816.70120214776,214400.39678375935,227775.052868
sw,Nigeria,Ngor-Okpala,185484.3656834483,176742.4381365087,151283.34694271837,229454.8960083412,238812.557688
sw,Nigeria,Aboh-Mbaise,185339.94381998468,180058.80818065707,142211.7075465457,235835.07478414758,233465.602782
sw,Nigeria,Abakaliki,185305.89647409588,184156.52261337623,161465.59761325424,209429.20568389155,213905.562683
sw,Nigeria,Magumeri,184682.0121033321,185596.81012376698,153940.6064156525,225129.94069481545,189819.687676
sw,Nigeria,Igalamela-Odolu,184405.18596704755,179695.57766729145,119111.03466883041,248236.93197778732,221082.88979699998
sw,Nigeria,Emuoha,184329.78189634037,173835.3426509697,136267.99497325928,247822.89003851352,323144.239752
sw,Nigeria,Kazaure,184089.13493387017,183864.1179290559,127588.65702614796,276024.6842580142,198617.382001
sw,Nigeria,Shanga,183956.76006377922,183658.66272064432,125788.16232831668,249551.44387933676,192458.852488
sw,Nigeria,Ohaozara,183672.40185394505,182685.4313250952,119095.66930614265,264870.03121092456,206541.950371
sw,Nigeria,Ajingi,183566.31703487353,174292.12470492919,144488.52014483075,220203.44998173387,259857.50324700002
sw,Nigeria,Anka,183472.92378865127,183109.36131084283,146523.43351379153,230021.7423889185,207263.500538
sw,Nigeria,Mafa,183442.17998660682,185400.96613855133,81444.72029692221,338279.1182300488,202108.371606
sw,Nigeria,Rano,182949.54335538144,177812.1952323211,118902.38697311046,263435.9418023155,215445.94947
sw,Nigeria,IfeSouth,182945.62348968018,173223.86497472873,113841.99773996836,261721.5701104942,229977.037874
sw,Nigeria,IfeEast,182840.91395860357,180565.36156595655,137491.42387652834,226835.25736066108,214402.031907
sw,Nigeria,YagbaEast,182634.66268279112,180598.31491368287,115319.0691640753,272997.8677762765,214686.373819
sw,Nigeria,Ishielu,182398.46225136225,181961.34943685264,154913.77285094443,215145.72731041128,216677.986462
sw,Nigeria,Karaye,181950.8689197972,174743.0366623487,148798.82089694953,216702.32274260145,222073.945496
sw,Nigeria,Katcha,181735.16104293003,182659.10743994065,158591.6656881474,208992.39331210952,189389.998349
sw,Nigeria,WarriSouth,181471.5333617096,173687.79292479253,101202.36825959451,293000.69395133253,362576.896928
sw,Nigeria,NkanuWest,181295.87814190207,175740.7596304733,135486.99594523353,230869.75091193937,228682.317782
sw,Nigeria,Illela,181282.19623691673,182153.95118972156,151758.2643776534,217371.84059952846,188564.302898
sw,Nigeria,Musawa,181144.12523567432,172402.49327745297,153895.23230321778,213538.86484401717,241457.643524
sw,Nigeria,Dandume,181057.34799407265,175794.47792116713,123196.40446979496,268104.8569158949,207066.761904
sw,Nigeria,Jibia,180597.7632111556,179196.44414326482,151271.2291235417,208644.34512517837,227169.08745700002
sw,Nigeria,IsialaNgwaNorth,180378.67967090564,178990.7546165301,121430.15140033193,239773.9453334356,223526.21552599999
sw,Nigeria,Gbako,180266.63113804295,181145.46691277836,149605.15755228992,212076.30226765972,186926.267917
sw,Nigeria,AfikpoNorth,180256.7672251615,161324.52744269677,82117.29190426537,322637.18981035793,238008.76698000001
sw,Nigeria,Gombi,180245.0045035468,177792.51387050177,119048.88999402936,258188.23218823248,209992.914542
sw,Nigeria,Ingawa,180228.03680900304,170224.64142862,153040.57971354297,212326.18504599383,253655.810538
sw,Nigeria,Bakori,180116.00991060905,173956.96606318263,146379.7740210257,222505.45945737354,211833.58826
sw,Nigeria,NkanuEast,179886.20055208475,177572.26669587445,134799.28090736122,225440.49506136696,219909.902494
sw,Nigeria,Eket,179841.89571492866,160551.39916610406,114939.58466909346,255955.2125283412,243035.179486
sw,Nigeria,Ile-Oluji/Okeigbo,179804.10001220478,165798.1228202741,95515.4792008007,318554.19854912476,230767.394046
sw,Nigeria,Sagbama,179715.87976895392,161261.08487491455,128525.07547935427,249985.04924004566,259749.63204300002
sw,Nigeria,Akinyele,179709.48873977596,160821.59360467625,133646.82881922103,230864.49228915086,335175.21347
sw,Nigeria,LangtangNorth,179707.4562000972,179147.07931333865,129223.53533892069,238423.80918671688,202772.23774
sw,Nigeria,Ikom,179628.69369814842,169976.0226945614,134833.53223173766,226071.5525692283,227582.794669
sw,Nigeria,Donga,179624.77920351445,179974.561674395,141488.17851853181,221620.3899829516,191677.13817700002
sw,Nigeria,Kibiya,179191.72482580045,173097.49594286777,144940.3224850472,222954.30078218173,210142.591308
sw,Nigeria,Mani,178768.4726242544,165031.58621894813,157729.374892804,203740.37632436323,258868.92121
sw,Nigeria,SokotoSouth,178504.51474671764,176937.7974839603,86422.74310833919,281107.96393176133,209128.399802
sw,Nigeria,Agaie,178440.3704141664,178825.49794831942,132906.2852419266,242202.71360790505,191713.446531
sw,Nigeria,NnewiNorth,178274.3339607149,169679.976173263,145312.71032796864,209787.61588325992,241081.780242
sw,Nigeria,Brass,177860.4584226284,171631.8300227679,125686.78709770813,239258.68281647863,223401.455737
sw,Nigeria,UmuNneochi,177438.46812069716,173085.39765745946,113337.91939450242,245310.33621711825,222044.468472
sw,Nigeria,Fagge,176699.8676817285,169793.7164936942,122411.59410620507,230817.12634147698,288969.456594
sw,Nigeria,OwerriNorth,176587.01470308303,158891.87373698008,118156.97943670757,254672.55652324305,262757.250228
sw,Nigeria,Kaugama,176444.22553707866,176570.53082022956,137866.1177629233,221153.36676150214,186650.21501
sw,Nigeria,Ibaji,175886.95068950742,175754.96526360032,145226.30800515637,204617.48178294933,191700.618328
sw,Nigeria,Borsari,175631.81723691206,176284.2165306958,141017.6454245756,221380.52625086217,187154.278659
sw,Nigeria,Kabo,175402.7831759088,162412.73316591964,148176.2733665451,216190.8598901106,235565.56793699999
sw,Nigeria,Auyo,175234.89019013764,175968.59018651256,132047.50250249114,226083.63006026336,183809.07127400002
sw,Nigeria,Nwangele,175212.02285058738,166890.65736525218,147116.68012974458,206219.89141833372,225967.839482
sw,Nigeria,Isi-Uzo,174855.08121674665,172965.97738193118,130978.54205190636,218286.38723530274,212010.40370599998
sw,Nigeria,Ikeduru,174714.83083791548,167509.34460201676,134982.61235922,216194.59040902747,225497.324388
sw,Nigeria,AfikpoSouth,174465.18338538305,163998.89515580173,100580.21520092599,255018.5268613375,214976.255206
sw,Nigeria,IlorinSouth,174453.17653443484,167030.28617165665,51929.12479817608,350657.8463867506,258799.824389
sw,Nigeria,Orlu,174327.8203992635,161477.15745255785,132685.53818405577,211095.77850282053,225942.777625
sw,Nigeria,Riyom,174185.96580438103,174562.39889206286,133133.66366640865,218401.36027983256,185678.362837
sw,Nigeria,Yabo,173931.46963105063,174120.9018747231,128448.88116239049,226637.46450267528,180444.627696
sw,Nigeria,Abaji,173688.7281202305,173700.31939989005,115373.79450567465,258081.288569322,193754.27206
sw,Nigeria,Zango,173363.78748725867,169958.4050220012,137993.8770487132,212086.71593378682,202958.668508
sw,Nigeria,Madobi,173311.88979657815,166543.66455337228,144640.89392854454,204656.22386108362,213185.172382
sw,Nigeria,Miga,173249.07585894453,173074.19703755746,143337.58410643958,212405.58787619675,182898.79551999999
sw,Nigeria,EzzaNorth,173092.03398045647,172905.7974337023,145424.12840753054,205695.86798316357,193395.667091
sw,Nigeria,IkaSouth,172737.8157644108,158441.36669604701,122769.20946478879,231912.08156878134,239704.969297
sw,Nigeria,ObotAkara,172582.0820233911,173264.7426353431,135604.59447427164,212343.05736216906,212203.309827
sw,Nigeria,OrumbaNorth,172129.2641479537,163644.6796729833,101974.76581100858,276937.74813365104,222526.69704600002
sw,Nigeria,Njaba,171897.3666937662,158497.94254470814,135571.50512751972,209184.5031782665,223738.071163
sw,Nigeria,LagosIsland,171360.43463091162,148630.15057034418,90269.3648541971,257870.91559434493,426613.509105
sw,Nigeria,Itesiwaju,171279.663500172,165054.67808062793,120605.0432383966,226989.63086473147,191218.536578
sw,Nigeria,Doma,170999.29286160655,170157.038525932,126033.63839281183,229249.0258036748,196836.933772
sw,Nigeria,Abak,170952.5764964572,160462.8521008443,122649.16648110842,228720.1216133968,225256.197669
sw,Nigeria,Kudan,170870.23140436682,169649.5962168819,141199.89534278584,208812.03292000838,187657.113938
sw,Nigeria,Kura,170566.9682454735,169616.4817635183,127999.16124677239,219573.14109027252,204712.678975
sw,Nigeria,Tangaza,170450.74413858767,171125.49793055328,143399.2429631875,202233.91086863555,176165.838026
sw,Nigeria,Takum,170279.06292052148,168680.326513106,132028.01766097135,219818.22581555598,186865.105177
sw,Nigeria,Augie,170203.72687775642,169242.53107004662,136015.20236126494,205119.9124372636,188991.559258
sw,Nigeria,Obudu,169875.80059107332,161224.5431510263,120844.25204009165,244240.20705157702,218526.386168
sw,Nigeria,Danja,169728.00863915062,167029.58629117647,132044.6254276877,212533.3482925924,185383.731024
sw,Nigeria,IdeatoNorth,169231.43928207553,160736.6969989168,127832.37817585812,210240.58608260372,220147.886281
sw,Nigeria,Aninri,168966.18175085998,166745.18130679685,110166.51608111814,234486.13747382312,197656.24969
sw,Nigeria,EsanSouth-East,168728.14856982103,164274.8631086912,124736.73692007558,214781.032732343,214530.634181
sw,Nigeria,Akamkpa,168680.14050676976,161590.5086314564,135250.34326764883,206438.6067753944,209021.756295
sw,Nigeria,SabonBirni,168445.535350611,169159.36861492012,130317.48397694564,209876.45878210582,174179.155703
sw,Nigeria,Kaiama,167954.8065844532,168159.85881100452,142733.32788231678,197758.98547015837,174354.811347
sw,Nigeria,Bagwai,167845.35353411123,153851.70983678743,137912.446933631,202375.74249048988,240166.429445
sw,Nigeria,Lapai,167643.41860664636,166938.60257358427,137363.31541809856,205946.2072145387,178660.722465
sw,Nigeria,Ngaski,167545.89014354153,167726.58885957758,127494.00745898217,220097.70498275867,180405.20588
sw,Nigeria,Isu,167469.58579672372,160535.49902859487,145214.98160187426,189822.44395210122,214967.292097
sw,Nigeria,Mobbar,167201.2086048199,168298.16957682295,145720.9423598522,199540.57588486164,173663.159916
sw,Nigeria,Bunza,166957.58938923737,167097.72204962102,107540.87251957305,234787.52428704707,176607.606486
sw,Nigeria,IdeatoSouth,166166.83763445338,163070.69508296574,109831.12761832433,219843.2628282399,210213.821403
sw,Nigeria,Ekwusigo,166156.2468683316,165687.2101140311,107120.5613965866,233531.4769442792,202478.76367400002
sw,Nigeria,Yunusari,165533.285865349,166492.69975524608,146853.5397397962,183930.90666127333,170565.296616
sw,Nigeria,Shinkafi,165230.0265722694,163087.75983285287,110430.11076218335,233900.12897527876,180597.731487
sw,Nigeria,AniochaSouth,165138.246937529,157777.7092481463,110437.15351095432,224099.97186510032,214052.654823
sw,Nigeria,IbadanSouth-West,164993.60036965134,151918.10312242265,120182.38516689799,217736.12077573533,437389.954699
sw,Nigeria,Ukanafun,164861.60022291073,164376.49896107265,137542.26961511446,194318.6952745891,199763.452661
sw,Nigeria,Nganzai,164789.40606375254,165618.79839733176,105467.94866758946,255126.58209531725,170978.47244800001
sw,Nigeria,Taura,164598.03688839532,164411.96163683117,126837.59016792776,205626.01558537353,173971.391274
sw,Nigeria,IfeNorth,164447.8087563197,149901.2946018598,80919.5626000877,292842.7676598387,317820.234351
sw,Nigeria,Michika,164441.5101060659,164120.41869941505,127166.99242682982,206589.55146304154,180987.649026
sw,Nigeria,YolaNorth,164163.5660527662,155294.99788663935,81006.98765597735,275038.11661269696,239351.109963
sw,Nigeria,OshimiliSouth,163876.08679858843,146737.45869570415,80225.11020044476,256947.0232154035,229451.785122
sw,Nigeria,Asari-Toru,163792.0438454433,152435.0621862436,51622.29192703153,339681.27603616624,213212.55925999998
sw,Nigeria,Guri,163646.0330518113,163994.01821149123,124806.03030404296,213563.3106607075,171327.464137
sw,Nigeria,Ese-Odo,162953.88081973663,154012.21932933605,103065.83237610185,235708.6214582002,213986.073987
sw,Nigeria,Hawul,162498.622326584,161008.63776624267,128193.16791572455,204219.6258888911,183297.812329
sw,Nigeria,Ogbadibo,161888.61015141493,160341.58920016355,128765.46159277478,192253.54737528565,198789.494164
sw,Nigeria,SakiEast,161488.86237839577,156301.87036682732,98133.83089968242,233309.3193643008,206530.558257
sw,Nigeria,Kebbe,161122.37814557904,159593.97008886866,126935.65171272938,201583.33595939117,173190.53995
sw,Nigeria,GwerWest,160452.49288169015,159845.38546905975,93561.52650326455,250151.7196410338,170861.296026
sw,Nigeria,YagbaWest,160282.15330673457,155893.5464041326,94865.86970090734,238692.45822233128,199485.626408
sw,Nigeria,Ose,160049.57710510926,153741.06581768987,124690.36312020582,203008.5273547008,210864.862285
sw,Nigeria,IkotEkpene,159871.30368213684,143424.88490816535,100300.05338836688,225346.54384083892,212509.813914
sw,Nigeria,Girie,159861.62277738415,155005.6032882083,109330.73342729108,217048.87861913198,182965.932873
sw,Nigeria,NdokwaWest,159310.96104554756,151080.3748785028,112504.82052332564,221839.65678273892,214987.25621000002
sw,Nigeria,Calabar,159049.53851554994,146353.84385854384,105721.37226809024,217322.04420709805,314329.956646
sw,Nigeria,Kanke,158966.48587423906,157669.88425539288,123364.86415821877,205079.724655273,177786.233832
sw,Nigeria,Itu,158958.215306167,150363.22331859358,85986.67635623364,243638.1572940843,210289.97619500002
sw,Nigeria,GarumMallam,158539.79752711815,151871.76873472307,105788.1273209935,211962.16220756253,187699.459302
sw,Nigeria,Fakai,157926.11519971085,158018.1365469827,133029.9092326684,185431.59941631948,169535.526793
sw,Nigeria,Okrika,157871.995693956,146972.35621505982,71552.81731557289,265805.7288610738,256099.271611
sw,Nigeria,Uzo-Uwani,157464.6217657546,157398.90886433676,103729.93136469764,216132.3172857821,174861.2199
sw,Nigeria,Oguta,157420.03101374267,150434.0510642654,110240.63112484013,221150.8515325129,199560.785644
sw,Nigeria,EzzaSouth,157367.67820000308,157591.92025851348,136128.55816884976,180095.00196175324,181136.161782
sw,Nigeria,IkotAbasi,156968.3142080133,148008.09794916122,107170.07013911875,207243.13262292754,200935.63909
sw,Nigeria,Irele,156730.4478358302,143921.70542934816,87929.70378921859,259283.4738333386,203105.214916
sw,Nigeria,Toto,155779.39046092943,156164.51785767108,119372.05297382583,202483.40266846726,167570.577728
sw,Nigeria,Zing,155700.691049196,150616.74089363366,96425.72394978363,235498.62079323162,179041.869493
sw,Nigeria,Abi,155566.743452694,155673.67404073902,110791.78406772952,210759.6033033399,185842.526832
sw,Nigeria,Chanchaga,155442.05638588133,140108.87478657026,109700.00335560295,201144.5838288787,273917.837812
sw,Nigeria,YewaSouth,155290.25776004413,141984.44285381536,113359.53738310363,207870.61242223406,233520.619381
sw,Nigeria,Agatu,154916.37428987178,154464.08352085002,119860.38947632363,194573.29259316318,166706.094961
sw,Nigeria,IsialaNgwaSouth,154577.67242557957,154306.52024983926,130948.50485936076,176818.33065003232,190680.841782
sw,Nigeria,NsitUbium,154200.0110004133,152678.13640314946,121064.32053933668,192832.72454145318,194332.861819
sw,Nigeria,Marte,154056.35452129095,153849.7009668413,108794.14763696068,209785.4950165875,163543.23864
sw,Nigeria,OviaNorth-East,153163.9493995604,141461.5534740801,99587.11478455871,211003.0836879783,217060.663769
sw,Nigeria,Bindawa,153060.87135920595,141467.48325278325,114516.51574018691,195381.11981108368,227307.93624
sw,Nigeria,OviaSouth-West,152905.69192749847,147199.72530208077,120780.67425843311,192112.9214363406,195304.235315
sw,Nigeria,Ikono,152591.42935621907,150333.52904614763,119297.39575442889,190107.81114089733,189294.367239
sw,Nigeria,Charanchi,152313.4292098093,148417.53855352756,115722.41808195287,192228.04449007366,179299.898956
sw,Nigeria,Kogi,152233.9791408681,152235.55082717907,112360.68014244088,199827.97412378542,160822.261341
sw,Nigeria,Uruan,151891.07904666135,149246.23535237703,96770.86812883281,212980.432739054,188460.882841
sw,Nigeria,Jama'are,151783.79042330303,147191.59290833946,115546.75985935527,203120.34421190753,172219.042639
sw,Nigeria,Ini,151762.93158592348,146473.91572288275,110577.43920200263,199407.52427603153,185690.425686
sw,Nigeria,Gulani,151738.42110583145,152224.50831474471,116583.34909824423,189547.33289239588,158173.5958
sw,Nigeria,Sandamu,151686.53513089227,145871.4132046154,112476.3374894958,196010.52680335994,201165.749855
sw,Nigeria,AwkaNorth,151635.6471330863,143784.2522968737,89483.72113062757,217369.95216499874,197330.531333
sw,Nigeria,Kabba/Bunu,151594.377290062,147431.3876980345,96040.89257867412,219380.73370420933,206702.459329
sw,Nigeria,EkitiSouth-West,151357.411858373,134830.0926989756,71609.74602582662,252221.16064957815,226725.833622
sw,Nigeria,Muya,151339.78371003218,152234.45366580682,135127.7929238008,169822.5733295224,155090.39642900001
sw,Nigeria,Yusufari,151328.31640260224,152124.76622952262,123348.86954204872,183170.0750996594,155093.97789500002
sw,Nigeria,Kajuru,150606.35857602162,151054.83485077502,129923.58263163504,176747.7762952914,156464.03341
sw,Nigeria,Tsanyawa,150539.83816248534,141576.57824230893,120769.97242588032,185049.61642772332,228805.741049
sw,Nigeria,EkitiWest,150500.09790755884,137556.93383507,94378.09688747754,232840.8217643317,209835.47779
sw,Nigeria,Epe,150421.92841969986,136294.59858064618,113555.67075567786,190832.19711421162,268691.99447
sw,Nigeria,Akuku-Toru,150254.1090512491,149535.0558186756,93947.67940762205,218295.49409830963,180913.965642
sw,Nigeria,Gombe,150072.2325626246,149053.1209303366,146673.7655417132,152516.5664312698,160719.249062
sw,Nigeria,IbesikpoAsutan,149363.3642218143,147485.52678247093,113381.57864473852,188490.11213183493,188513.62656900001
sw,Nigeria,Awe,149037.24371265978,149616.06479978943,117015.56670030036,188842.85353762124,155926.312879
sw,Nigeria,Warawa,148796.06267654637,137562.69552905796,106007.70090172661,203976.24201936123,197514.87247
sw,Nigeria,OgbomoshoNorth,148782.70629586474,131371.0021879587,104198.5471931151,198034.45334609138,341423.262501
sw,Nigeria,Ipokia,148494.97161613422,142002.56020832108,116735.44926009308,180682.83169252018,220189.712518
sw,Nigeria,Warji,147972.30698202932,148061.33919927274,108070.0628728736,214655.77719409112,163309.93100799999
sw,Nigeria,Arochukwu,147683.32212185964,133719.37056355138,88078.27513763739,232066.67252107707,216291.682281
sw,Nigeria,Asa,146770.37817350373,138498.88925948576,103013.84292703828,203644.04098334632,194285.720113
sw,Nigeria,Kokona,146486.9084196086,143260.99304541558,110975.2973778031,190801.93469984646,159020.270084
sw,Nigeria,Binji,146316.49550970367,147306.85264381632,112104.33079824595,185863.24064832527,149859.040421
sw,Nigeria,Shani,146234.65880147726,146596.73568748648,108279.09003224401,188068.89425336238,156143.91408299998
sw,Nigeria,Afijio,145203.22305563098,142218.7196322638,91045.0107813881,199913.8811696394,207796.603164
sw,Nigeria,Ehime-Mbano,145185.34256766344,138814.89506957284,105799.49922448635,192733.72516405376,187698.805004
sw,Nigeria,Irepo,145071.66808624548,134528.53719090647,51528.5950813391,280700.76654878573,180782.37883400003
sw,Nigeria,Gwiwa,144798.00994286907,138519.73101184756,117296.38567239833,178574.95204538302,190182.02915699998
sw,Nigeria,Onna,144203.16743352968,140186.8717370353,98977.80545990643,196259.75891291443,183339.737865
sw,Nigeria,Okigwe,144066.08359575315,136762.2685909999,106351.96680812878,197755.9687214766,200575.203842
sw,Nigeria,MubiNorth,143809.54430169682,140231.45068911964,91087.77007841712,202147.09857490766,177185.238328
sw,Nigeria,Yankwashi,143729.88494855596,143042.8607902301,99816.41785686446,206550.97123730392,156042.966899
sw,Nigeria,Jalingo,143635.29337616422,132002.59247126943,87809.53253190883,208090.42143807773,190535.104728
sw,Nigeria,Madagali,143579.99828217938,143429.95441189516,83952.64296019614,223907.94265637454,151383.326285
sw,Nigeria,Pategi,143509.2672180404,141450.39134994082,100226.07106097564,187935.23762174835,157537.924189
sw,Nigeria,Ido-Osi,143430.59204431227,132436.01739639792,102579.60687383857,189513.60438649624,244473.668383
sw,Nigeria,OwanEast,143427.33871298595,135548.25073770605,103542.16898046384,188208.4975519753,207620.069646
sw,Nigeria,Oyigbo,143426.61516241168,134340.2230754119,89965.54125457515,203293.50508756074,216701.84756
sw,Nigeria,Ebonyi,143255.28134101556,138177.1195165605,110668.74395165335,180234.50671080832,189346.807375
sw,Nigeria,Obowo,142989.33283644056,138327.79658271305,116564.97046349509,171426.6742997005,183018.18693400003
sw,Nigeria,AnambraEast,142914.6867837868,134247.69233984465,97076.3867019285,190491.79332848292,223286.518676
sw,Nigeria,Oji-River,142187.8681781991,139342.1432032922,96546.67745351602,194184.6551688683,179272.60621199998
sw,Nigeria,Ifedore,142182.8110198944,127218.74497483358,94702.09636270392,223832.2927249242,224597.00417600002
sw,Nigeria,Orsu,142092.40795520914,130095.75356830959,114520.07997810729,172478.65843916222,200685.12949
sw,Nigeria,Shanono,141607.51705832317,133201.7294224521,120732.81227695712,165770.58798388345,210499.726559
sw,Nigeria,Mai'Adua,141534.42992869942,138584.07169185113,110403.89911025217,176291.8914188921,179732.882229
sw,Nigeria,Ukwuani,141373.46845203705,133599.46415819088,71503.90000715887,216484.65107146822,178118.682287
sw,Nigeria,Dunukofia,141209.99237300767,141342.0559848022,89929.47992717953,192722.76418774514,166866.956875
sw,Nigeria,Ido,141131.9496436469,126584.7148620152,93694.50491671156,197430.33045816433,229349.508771
sw,Nigeria,Lamurde,141037.50288141242,140331.50736859476,101733.59887781313,188429.80764563606,153366.272029
sw,Nigeria,Nembe,140564.8698865294,131484.00247394713,69619.38401974057,249767.2381159316,178546.030565
sw,Nigeria,AbaNorth,140360.32898026484,125532.62726399145,99497.1185203809,177595.6399459026,283532.831503
sw,Nigeria,Iwo,140301.0870413926,124342.95979124338,85910.30310512429,201243.07619005055,281478.524108
sw,Nigeria,AkokoNorth-East,139866.3274247169,129919.43242875958,78314.50506241534,219551.48446402425,233628.744819
sw,Nigeria,Danmusa,139672.43417816347,138247.67667329626,109714.17194323,172286.61020435824,160195.468329
sw,Nigeria,LangtangSouth,139510.76705830032,139667.9333233378,94998.30466889185,195306.758692472,145230.600416
sw,Nigeria,Monguno,138492.17547755514,138782.6970205996,118486.9991196568,159611.939898054,145809.638151
sw,Nigeria,Kankia,138376.8567122417,128114.57262029761,99167.9020165534,195633.7520778634,201179.915993
sw,Nigeria,Ijumu,138192.79529091972,128967.6996107422,84835.64559387219,200488.3929156272,174835.77684900002
sw,Nigeria,Atisbo,138109.36736287177,135558.18019721287,88108.06238565712,199575.17918528215,154012.033258
sw,Nigeria,Oriade,137922.7511593696,124001.2984271921,96763.13121499898,182921.4809733798,217137.077738
sw,Nigeria,Igbo-ezeSouth,137914.8285871559,135940.61949352443,64997.82048156368,229342.6384219174,174475.80935300002
sw,Nigeria,Ikole,137881.96347292385,130558.18947121817,87201.66398498863,205233.650911367,241567.179929
sw,Nigeria,IsokoNorth,137830.81899436595,124920.21264396481,101782.7193003588,186358.59835932028,203095.767885
sw,Nigeria,Moro,137532.55360464015,135320.9404060036,101093.05068349205,178610.02199094938,154873.634418
sw,Nigeria,Karasuwa,137143.08370125535,134023.6496610049,80819.16490018768,202902.79993525828,151025.96729
sw,Nigeria,Idanre,137133.77163414136,131413.7960724187,104318.1981267083,174999.9820723495,187705.288692
sw,Nigeria,Dutsi,136951.55634208085,131359.30960827446,105971.3386480208,179899.52174590857,170516.481937
sw,Nigeria,OshimiliNorth,136917.3991801002,129349.04467859733,87880.43038681068,194975.66434681695,182730.713326
sw,Nigeria,Kurfi,136911.3764660074,133716.45043562498,111752.15313678377,168145.16470527017,161336.266158
sw,Nigeria,Sardauna,136742.9536972264,136199.8828267355,119239.0417656598,157265.7465264436,148914.972704
sw,Nigeria,Tai,136692.2331316827,131528.1646501586,94205.95346882197,185916.00005188907,172383.152506
sw,Nigeria,Sapele,136503.15034674882,122491.77153771312,79260.20982483095,206750.3427607791,280811.528957
sw,Nigeria,WarriNorth,136482.20155329126,129571.33794064875,92507.89048773999,201095.55031977114,174210.089602
sw,Nigeria,Njikoka,136411.60386610785,132274.69684852663,90052.0804490127,191235.92606964568,170844.744102
sw,Nigeria,Ajaokuta,135962.96810588817,133542.07090825262,95138.81514589302,180084.6769494407,164428.670452
sw,Nigeria,Gboyin,134282.76781434598,124487.67703210203,84427.31208164962,193384.31913610786,211534.08673
sw,Nigeria,Odo-Otin,134201.07300082198,118623.54763801217,90402.24402016994,182385.11799517894,217261.864262
sw,Nigeria,Ikwuano,134040.88557908882,123211.57709981698,98924.67083408276,183026.4491024898,178518.58818299999
sw,Nigeria,Akwanga,133981.88689055282,132576.6580295179,98010.015112882,177800.29871241227,160401.327277
sw,Nigeria,Kukawa,133806.4513306305,134531.46900541373,68696.17469416365,215672.44227574262,143986.515054
sw,Nigeria,IbarapaEast,133793.93511480102,127941.55504258268,82771.49469980042,194113.77962964083,173579.167519
sw,Nigeria,Ikwerre,133692.1056038095,120624.52715248844,98697.12162887471,171961.42154209595,245259.019308
sw,Nigeria,Isokan,132653.65354694682,129906.18267980366,83217.59933675178,199578.1212007676,149466.371558
sw,Nigeria,Kaga,131968.60929030797,133065.16586386712,64687.30320537224,237184.99909482469,135741.965508
sw,Nigeria,Matazu,131814.4472353238,128299.63348111826,94973.83172977864,169026.87899603185,159831.3246
sw,Nigeria,Okobo,131478.45205032843,126455.20685236993,93652.09266950036,172300.5599574849,166139.546261
sw,Nigeria,NdokwaEast,130818.82535332142,128283.21242025202,105989.67586671436,155705.3299053239,157318.837115
sw,Nigeria,Lagelu,130179.80847241548,115162.37359617422,69551.7382590418,194476.86631274893,256496.917336
sw,Nigeria,UmuahiaSouth,130010.99657619743,123511.87956328745,78812.1510474279,194527.20812551084,167713.270314
sw,Nigeria,Uhunmwonde,129976.36052955873,120069.76972594166,93863.20510998012,176566.5700704562,171850.059653
sw,Nigeria,Gudu,129371.6428600755,129830.38158803343,102878.42842801128,163486.6388481001,133495.727051
sw,Nigeria,Silame,129108.33672495878,128952.68805072572,83236.28236845991,179171.33326979348,136753.063728
sw,Nigeria,Obanliku,128285.76195526953,124487.51381552676,99589.87929782801,165700.16513556015,157179.293092
sw,Nigeria,Omala,127309.44008227393,125761.78191367928,83194.6837230666,181730.57847950366,146487.302462
sw,Nigeria,EnuguSouth,126886.04481084284,118770.26003478325,78488.15210425935,177912.37986881603,250960.161791
sw,Nigeria,Guzamala,126182.40979277357,126133.48581167312,78420.67630980443,201499.8474585459,140434.071237
sw,Nigeria,Mikang,125322.56619474392,125053.08346509356,94994.80598178609,163418.4793089554,134135.041276
sw,Nigeria,Ihitte/Uboma,125035.24946747979,119592.75872237804,81127.37170137116,175596.14250043186,161796.770014
sw,Nigeria,Omumma,124962.51023106999,118969.45765131617,93876.57947091885,155394.51769556862,157297.107616
sw,Nigeria,OruEast,124929.29942455445,114626.96171285093,100335.3073738584,147937.53061353814,165341.969076
sw,Nigeria,Okpe,124407.49609207794,115287.79050453985,82120.67918554718,181871.61738395406,187868.02564100001
sw,Nigeria,Opobo/Nkoro,123965.45800863513,116958.91758253389,71555.51478681178,186189.45119951278,161022.491049
sw,Nigeria,Lau,123932.42622351405,124058.10522742501,99099.84856205693,154381.2925623853,136234.444554
sw,Nigeria,Kalgo,123681.82478166689,123862.9542708328,88985.72162239853,162816.4809952222,129096.872078
sw,Nigeria,Orelope,123128.70677022224,121586.82949144485,58530.09234729293,208466.90541397917,154708.478424
sw,Nigeria,Ivo,123056.99315796352,117811.68492150781,73983.06253078365,194858.76380598912,162849.314405
sw,Nigeria,Gurara,122688.35570182756,122167.2187530799,90668.63032485086,161147.12083592894,134150.923813
sw,Nigeria,Dass,122408.45308035491,122647.59929763008,81783.02944047685,178814.79653561526,133674.830454
sw,Nigeria,Apa,121699.7077935399,121394.74630022755,92549.77403917645,156038.50718009318,135151.043312
sw,Nigeria,Aiyedade,121519.68699335623,112297.65062551193,51101.90271981133,219680.16717471494,218818.50095600003
sw,Nigeria,Sakaba,121514.1496054992,120198.72089671389,102441.41217123123,141512.27235662492,131809.717833
sw,Nigeria,EsanNorth-East,121434.73015391752,110470.03415255444,70434.80438934967,183218.4548809962,178039.506977
sw,Nigeria,IbarapaNorth,120909.55724359078,116096.27536721442,74515.67156670538,183558.66572947285,148896.72784600002
sw,Nigeria,Iwajowa,120691.39035174898,117755.11581486253,83792.21473831603,161524.06410834155,148926.805279
sw,Nigeria,Isuikwuato,120514.2752013916,113072.26501326119,81625.94120846626,160323.69892575598,154431.270704
sw,Nigeria,Buji,120077.42566089857,118590.13432533256,99209.24450012822,143135.63318728772,131571.475622
sw,Nigeria,Ikere,119610.10766246032,102399.49119716333,48280.39310729529,226536.3545060908,213647.821029
sw,Nigeria,Ijebu-Ode,118962.28591980999,107646.46382237156,87536.07237988825,159205.10598008215,249533.620581
sw,Nigeria,Yauri,118945.79598056352,119386.36703206999,87061.59751985708,153883.28493870955,123543.14220700001
sw,Nigeria,Bekwarra,118919.15719486572,118765.51084661442,87585.28941773517,159913.24313425526,140757.68835
sw,Nigeria,RiminGado,118642.91301504089,109440.84505942493,99692.91577625893,140317.46988720004,160234.549302
sw,Nigeria,Bogoro,118543.67621716729,118981.35430675793,91038.02561840603,151172.85594298286,125481.592333
sw,Nigeria,Tarmuwa,118006.49620665167,118582.40188284556,90548.05931083423,159676.13177981455,121487.774091
sw,Nigeria,Odeda,117794.38061464763,106861.05449423239,75576.2639084564,169582.5888971919,164960.415164
sw,Nigeria,JosEast,116201.79953209794,115046.71841238209,87780.73945593696,149766.01321368242,125010.680894
sw,Nigeria,Wushishi,115988.24666156434,116426.61919848596,88725.89882442662,143638.16103029187,122266.55645799999
sw,Nigeria,OruWest,115223.55207585843,111250.20595277176,96657.11631506677,135393.05649536446,146974.355429
sw,Nigeria,Yorro,115106.58678854103,114772.26438831894,89905.3578788892,139964.63231984494,124756.059064
sw,Nigeria,Kunchi,115040.34132781213,106788.77112816124,102813.74613880657,128456.83567223827,166873.11301899998
sw,Nigeria,EtimEkpo,114931.98302949806,114836.80205509819,90484.02157891975,141486.35822979512,141312.452348
sw,Nigeria,Ussa,114908.2854337667,114405.21646550971,88084.8613052106,147554.0283811481,126691.841478
sw,Nigeria,Tofa,114604.44371770597,105053.2472923369,88188.23677989266,145511.64370268234,149666.402154
sw,Nigeria,NsitIbom,113894.94605988871,113594.5609225636,86630.28425168841,139955.33553967794,142955.371643
sw,Nigeria,OyoWest,113615.41027942648,103824.98206665122,59486.75486467091,185814.20926327142,216735.023242
sw,Nigeria,Udu,113293.65611783144,102344.28430166995,85319.91842055964,143701.14631169662,202410.870834
sw,Nigeria,IjebuEast,113122.95957067596,108729.82434982643,93335.76927089316,136921.41348913088,170904.370653
sw,Nigeria,Oye,112786.97837335271,104457.55496205656,73409.69968739041,162945.48758851257,207789.206114
sw,Nigeria,Ejigbo,112578.14281143874,108720.06937748622,75475.8261309599,158107.29654561818,193164.466324
sw,Nigeria,Irepodun/Ifelodun,111981.2576527597,103174.0811835256,75741.50778804814,156058.75384720726,221290.632171
sw,Nigeria,Nangere,111492.9806444364,107098.12698914896,79894.59953071237,147649.35995551883,138206.963555
sw,Nigeria,Gumel,111461.49340286921,109060.53050320242,47534.550038314635,193224.1879966436,150407.007157
sw,Nigeria,Kusada,110981.01316638228,103949.05960420276,98907.34997638433,124474.18735322528,146030.47733
sw,Nigeria,Numan,110409.81321377166,107716.67177252306,52998.9745786121,179868.9462675002,128995.283792
sw,Nigeria,Gashaka,109163.16823087075,108747.23559470967,66243.93725141017,175897.80304525714,123716.78009
sw,Nigeria,Keana,108743.67785261953,108511.74860488153,70775.55358721921,157396.6840509559,117487.434209
sw,Nigeria,Ardo-Kola,108672.83539236225,103876.550474916,68163.53035442688,155845.44628118214,134097.409976
sw,Nigeria,Bayo,108072.36645637231,107315.10932559335,74288.00961115822,154822.78421905503,117954.16689000001
sw,Nigeria,Olorunsogo,107877.33968996012,108797.951898308,53021.088253400805,177270.68967080655,119448.863253
sw,Nigeria,Gagarawa,107861.85850885398,108388.14251982661,89069.55151085324,127864.47506546455,110689.37755399999
sw,Nigeria,Unuimo,107812.79920216936,103572.84519886646,73623.82850373974,156536.9010137059,138704.664441
sw,Nigeria,Obokun,107791.57887539784,97668.44712109402,71114.21836225086,150729.46719169017,199479.571489
sw,Nigeria,Hadejia,107500.48638344473,96155.42570329334,26107.75080850812,227656.76827361342,140821.834647
sw,Nigeria,Tarauni,107465.996082142,101236.85434721033,72497.75939876045,137364.39621656557,316435.744342
sw,Nigeria,OwerriWest,106952.15055586134,95972.27865593416,77384.59470390574,136068.37193147364,175296.723984
sw,Nigeria,Odogbolu,106926.03433655004,98129.13353686375,74434.96030990816,143711.51843081895,179721.423869
sw,Nigeria,AbeokutaSouth,106223.71346633323,94041.17573783148,77658.67980420175,134297.61648208817,320998.829851
sw,Nigeria,Ibi,106032.95459699914,106321.93194394416,72685.40904674916,146589.31418705638,115162.43866399999
sw,Nigeria,IfeCentral,105469.62973297435,90534.2205477309,33013.95857340938,195807.8592831691,155796.098718
sw,Nigeria,Ohimini,105044.70087683073,104780.74002735758,79594.76053096326,133649.11645168692,120718.653866
sw,Nigeria,Osogbo,105044.64844411111,90073.90255185745,58006.86606012759,163678.23474654142,192313.352461
sw,Nigeria,EsanWest,103981.3283112948,91151.6280930694,60555.48651011168,151998.17153149247,174598.765573
sw,Nigeria,OnitshaSouth,103907.16950633102,89272.64342211497,37740.10401528304,145989.03206438886,165704.015817
sw,Nigeria,Ikenne,103651.368572749,89667.80915222855,67242.87642678678,144198.29764964798,173493.514833
sw,Nigeria,Tarka,102966.50115692022,102387.3317686314,69490.66279893705,143017.526702404,110993.407901
sw,Nigeria,Dikwa,102266.4851300363,102387.69588521686,76067.44591862772,135043.6843356609,108365.306805
sw,Nigeria,Chibok,101139.66562030592,101041.51678297351,73138.7744437299,136724.65213205485,105985.997168
sw,Nigeria,OnitshaNorth,99321.12394310517,93145.49149683698,60737.665446331164,135309.91008055492,198377.468664
sw,Nigeria,AkureNorth,99046.87005942636,90171.16020381729,67285.6521374169,135259.16101839615,199548.165774
sw,Nigeria,Damaturu,99009.43206260737,97018.8260327698,58646.06245220264,148874.43334909034,132981.580015
sw,Nigeria,WarriSouth-West,98844.95199943168,95553.06217642977,71726.00068346516,130631.75210859496,134164.673864
sw,Nigeria,Moba,98599.53724214438,92939.01682862891,46913.367574648146,156594.03129545954,195195.53458099999
sw,Nigeria,Imeko-Afon,98543.53305943833,87482.02207539795,51266.8649456685,174387.1143539729,124559.05659600001
sw,Nigeria,Ayedire,98508.42047398108,98255.5745976294,65397.528716019464,136687.0558829847,117385.266816
sw,Nigeria,OyoEast,97829.73709361504,92111.42418129461,40347.7656772803,156556.03081767642,173614.980615
sw,Nigeria,AniochaNorth,97580.128442421,92818.41857620842,66243.68137161668,135472.94135656694,139160.696393
sw,Nigeria,EkitiEast,97361.32633626259,90281.86968173773,47033.90399205282,154429.86745785477,211815.99965399998
sw,Nigeria,Efon,97159.45827166257,88216.3905766669,43599.9731291285,165724.098054718,124971.67372
sw,Nigeria,Wamba,96704.62193352653,96891.4902802417,73872.90467176812,123561.22449103098,102670.272536
sw,Nigeria,EsanCentral,96631.55492998021,88480.08651987268,68833.43519611743,126084.37632039077,142146.07057
sw,Nigeria,EtsakoCentral,96024.3514002042,93368.69847263549,51400.850489748285,142843.31533283665,112607.669829
sw,Nigeria,Boripe,95024.17493384541,89636.45263848246,42756.530156306406,152778.7035499375,162043.639743
sw,Nigeria,Oyun,94652.94209132073,87015.29469019583,63691.096862856946,130700.81747947956,137533.702094
sw,Nigeria,Tureta,94236.51116588849,94476.28091756793,64817.33251631048,136137.8543752226,97807.142707
sw,Nigeria,Irewole,93423.31447696411,84927.24317506263,38605.49930707687,165216.2517581409,208511.597127
sw,Nigeria,Machina,92943.66171364891,93565.88734030424,71253.73959174,115996.9916399534,94526.101903
sw,Nigeria,Kurmi,92037.34195484786,89922.14924175665,69001.65155265233,116130.25487286488,107665.909032
sw,Nigeria,Bida,91150.57288789783,88594.52900851435,44887.139777212375,140776.84095940576,165568.3498
sw,Nigeria,Tafa,90830.2755530318,87632.43858255702,59507.75813584324,125049.57761929158,118007.323634
sw,Nigeria,Idah,89348.22133088965,89743.01935720106,33618.20129786023,148848.48417114705,94533.302515
sw,Nigeria,UkwaWest,89268.941554577,83849.11468432457,68779.92332504953,112431.43327669104,118863.891483
sw,Nigeria,Maiha,88592.7046222503,88601.9811980943,61611.675633344414,119352.20676069737,96524.917674
sw,Nigeria,NsitAtai,87723.63319429588,84932.49263633741,67603.21496887338,110991.7471350377,112046.868892
sw,Nigeria,Agwara,87046.91395135107,82506.83036405157,51951.99524600052,129795.37042746531,100416.34069400001
sw,Nigeria,Etung,86541.62650450176,82281.41441761958,62361.81162020878,115547.94126322921,108485.814161
sw,Nigeria,Ibeju-Lekki,86380.17114710553,78847.60719990995,65856.73565502746,108812.52722919844,165320.602318
sw,Nigeria,OgbomoshoSouth,85012.8729325129,77230.46630803714,35014.93275591899,145831.4187237855,111032.674054
sw,Nigeria,Nkwerre,84216.7896356307,81215.58140442701,71286.005360213,100117.56672285365,108009.763407
sw,Nigeria,KwayaKusar,83804.07596653687,83330.06144847878,66737.53825363852,101406.2741969733,91554.950772
sw,Nigeria,Ugwunagbo,83182.60031995033,80226.3815098224,62224.94781537147,105333.24759166893,108391.230934
sw,Nigeria,UrueOffong,83086.56727608477,79222.23994044813,58479.497727450376,111424.78171118104,106476.018522
sw,Nigeria,Emure/Ise/Orun,83013.66269347779,78071.6782350542,39331.409772519095,140167.81771483526,121898.954757
sw,Nigeria,OwanWest,82873.91621764775,76764.16719116089,49693.59112487565,120044.00158883627,136259.220032
sw,Nigeria,Mainland,82104.49839623402,77443.74262017522,51769.750205472905,118571.1087915533,388454.738273
sw,Nigeria,IbarapaCentral,81891.63596174118,78337.88228769212,34819.27543547649,145643.07933265326,153151.221308
sw,Nigeria,Keffi,81572.0806136686,77519.87390872506,41563.49074577666,129305.20008939406,118805.654228
sw,Nigeria,OgunWaterside,81394.31111590733,76866.55540038818,56645.43275054185,113075.72057799208,112156.637004
sw,Nigeria,Aleiro,81382.60202890814,79245.42326929649,49548.49501657975,120333.35028495897,92650.241473
sw,Nigeria,AtakumosaWest,81064.71655151779,75979.94917792594,56783.162483423206,114404.6340816231,121982.295728
sw,Nigeria,EdeSouth,80037.69702940629,76382.03416198294,56362.22398382301,110967.65567604464,105075.228355
sw,Nigeria,OgoOluwa,79717.68833813448,77142.60735979979,58659.68038042179,100426.6353555835,92290.131242
sw,Nigeria,Abadam,79510.21784114659,79710.86249407736,60656.21981830459,99701.68085386824,83534.04362899999
sw,Nigeria,Ika,79043.98522275791,79165.07171974296,57072.97759296086,102258.9030218001,97748.511633
sw,Nigeria,AkokoSouth-East,77600.62775659484,72025.11621013867,54636.18330209222,103066.25690580046,105966.861283
sw,Nigeria,Olorunda,75417.95972378978,63075.54911376419,42187.78874190117,114392.67675437071,226483.814599
sw,Nigeria,Roni,75241.88225327065,71655.45463842915,59252.82998856323,89818.35326673914,97219.61352
sw,Nigeria,Offa,74221.08898237793,63723.96892308619,44429.61385000502,106381.65179766268,122978.833068
sw,Nigeria,Igueben,73084.58412425291,65121.757133083716,44537.3701897424,114282.10289821487,108927.56149200001
sw,Nigeria,IleshaEast,72910.0410331335,67139.49771434056,40794.158963299196,109123.58002802126,161251.64164
sw,Nigeria,OlaOluwa,72216.70823264899,70382.96476441166,52609.46837393258,94382.79595013648,95967.23644200001
sw,Nigeria,OndoEast,71460.0850814397,68388.64532162841,50578.364805199504,97309.08745732837,108124.229073
sw,Nigeria,Ise/Orun,71023.65795954334,71908.39479288206,40317.40779332166,107938.10992236572,148577.615372
sw,Nigeria,Bonny,70801.30478615031,65141.29678553203,40822.75717331254,115205.64863053396,94267.383633
sw,Nigeria,IbadanNorth-West,70783.04032443224,67305.99208997164,52843.74133179075,88808.06193540839,204477.725822
sw,Nigeria,Kolokuma/Opokuma,70266.99525161246,64297.6137948952,41115.613145379175,107180.9282451247,104164.555571
sw,Nigeria,Patani,69942.38481708938,68567.15759268831,45403.12419558447,98020.41539675264,96774.322046
sw,Nigeria,IbadanSouth-East,69450.36990969972,55855.3314542537,46390.58388441606,94005.34354630018,398152.76826
sw,Nigeria,EdeNorth,69425.33279501897,62332.51140829237,37856.86947839147,101323.77338081572,119525.84812
sw,Nigeria,Oron,68712.64773153391,58300.489674284436,21358.873673027745,125872.63985708631,106742.87055
sw,Nigeria,Egbedore,68642.55989119622,62381.20127794597,43329.92417499688,95177.55274866335,123788.24638899999
sw,Nigeria,Oke-Ero,67733.28930526497,63098.98798657751,39323.995510112,101946.24880765051,94609.691255
sw,Nigeria,AtakumosaEast,66552.73293245786,60846.36660531302,41474.82172858431,99141.10075593191,137690.62708
sw,Nigeria,UkwaEast,66013.84802500419,61967.31784391121,44875.46000139698,95837.37663266383,92404.228676
sw,Nigeria,EsitEket,65615.6296722415,57707.140052575756,41656.346777542196,95022.85610043973,88929.64477500001
sw,Nigeria,Boluwaduro,65120.952149194534,61881.20592755221,33703.333658934775,112160.22406985491,114773.41314599999
sw,Nigeria,EasternObolo,65006.298205887346,62165.44886484413,34138.789913984096,104013.79533861231,83239.11820000001
sw,Nigeria,Ila,64542.01572863368,57973.28659759276,31767.965160857304,109694.46343344694,109591.605904
sw,Nigeria,Teungo,63916.353495544,64130.36794939804,38098.63059604156,98307.41100208818,66909.779684
sw,Nigeria,Bomadi,63411.73903694356,57741.38790058188,37932.62567554747,93652.02360011621,110497.057354
sw,Nigeria,Ogu/Bolo,62964.11862328991,61679.95226421311,12155.668035080009,140073.98521574386,80989.14819400001
sw,Nigeria,UdungUko,62306.44820804127,60090.052995180646,21508.135993889424,107155.56061574265,78362.444078
sw,Nigeria,IjebuNorth-East,61428.1975855739,58157.67976916052,46221.43566097271,77746.73801431728,84641.297488
sw,Nigeria,Isin,60954.354529355114,56251.12551433608,35317.618149436785,95151.63695080362,79212.116951
sw,Nigeria,Shomolu,60497.71324701981,54143.579018097276,37783.9592031169,85342.84382804354,386863.21951900003
sw,Nigeria,OwerriMunicipal,60375.36053142602,53989.82176015865,41969.492465725765,76479.17078896136,158299.348815
sw,Nigeria,Ewekoro,58286.507087421305,53084.60404296967,39796.6329696597,76301.8225237229,78263.525046
sw,Nigeria,Remo-North,51370.57228649288,46571.12843637996,24277.94720303008,85572.43482510783,89064.554401
sw,Nigeria,Agege,49685.09589096971,43027.354192467,37780.14253276699,56862.77310964619,252247.409908
sw,Nigeria,Ekiti,48600.00841708197,46387.303054131095,25859.345497794246,76130.90312042362,72068.471723
sw,Nigeria,Orolu,47465.06601119003,43740.82093244736,19788.49807174093,79259.86888933997,147402.664622
sw,Nigeria,IleshaWest,47454.68452612578,45297.36477847716,20486.789523762312,83545.70765244291,140715.796038
sw,Nigeria,Mopa-Muro,46398.75408575529,43115.66854332315,25319.2736256643,71806.63547856484,58913.759946000006
sw,Nigeria,Ifedayo,45845.02724215342,42034.58922789314,19151.00966609576,80008.39698827853,70739.174147
sw,Nigeria,Ogori/Magongo,42637.80571853934,42049.393892319524,21844.370266610124,64132.05119671235,50522.37408
sw,Nigeria,IbadanNorth-East,36725.11333418241,19722.061452408085,28848.915896974428,42721.8327282373,333290.27585
sw,Nigeria,Ilejemeje,36138.031580588344,33683.4772344108,17711.14166831401,54494.539683323834,48931.084999
sw,Nigeria,Kala/Balge,25088.178256318428,25051.873829129912,15004.134291537479,37802.17066582948,26546.755486
sw,Nigeria,Mbo,23635.784403159945,23512.67852527477,8160.962541351151,42508.7345355255,29524.56414
sw,Nigeria,LakeChad,5042.363404871371,5039.319406742834,1104.1101068433734,11887.211237372368,5229.976552
sw,Nigeria,Ibeno,545.8622245964567,510.01590976501006,529.8436852695709,561.6847016400413,712.8483550000001
sw,Nigeria,Bakassi,30.32254108342108,27.743514348159998,14.808577073936169,46.917131319878415,40.8484
