region_name,tiles,population,area_km2,population_density_km2,density_rank,pw_access_prob,pw_no_access_prob,pw_people_without_access,sw_access_prob,sw_no_access_prob,sw_people_without_access,either_access_prob,hotspot_score_threshold_pw,hotspot_score_threshold_sw,no_access_prob_threshold_pw,no_access_prob_threshold_sw,is_severity_hotspot_pw,is_severity_hotspot_sw,is_hotspot_pw,is_hotspot_sw,hotspot_score_pw,hotspot_score_sw
Alimosho,24,2057386.6431830002,147.07315945417935,13988.86547904738,0.9804432855280313,0.4232310274344521,0.5767689725655478,1186636.7803587404,0.6456473662576043,0.3543526337423957,729040.3756383226,0.6750291039503447,268487.45447022276,326787.65975390363,0.7954028708470806,0.9520760386080886,False,False,True,True,1186636.7803587404,729040.3756383226
Abuja,234,2588985.010097,1578.9164031057298,1639.7226635966692,0.8722294654498044,0.6295290013716652,0.37047099862833477,959143.8621244249,0.39073194963561925,0.6092680503643808,1577385.8495244058,0.630456774913692,268487.45447022276,326787.65975390363,0.7954028708470806,0.9520760386080886,False,False,True,True,959143.8621244249,1577385.8495244058
Surulere,126,1118969.468593,826.3002040687799,1354.1924146733706,0.8409387222946545,0.47480239747345193,0.5251976025265481,587680.0822054491,0.6331465821459837,0.36685341785401626,410497.77402763435,0.6556243074769919,268487.45447022276,326787.65975390363,0.7954028708470806,0.9520760386080886,False,False,True,True,587680.0822054491,410497.77402763435
AdoOdo/Ota,144,1013450.1813670001,900.1633426752846,1125.8514242037752,0.8148631029986962,0.5469222686792929,0.45307773132070706,459171.7089803195,0.49835323652141494,0.5016467634785851,508394.0034295406,0.6194604927853108,268487.45447022276,326787.65975390363,0.7954028708470806,0.9520760386080886,False,False,True,True,459171.7089803195,508394.0034295406
Oshodi/Isolo,7,967778.7143430001,38.36903645197862,25222.908986892046,0.9973924380704041,0.5275059854686922,0.4724940145313078,457269.64991787187,0.5935960354889004,0.4064039645110996,393309.1062784502,0.6546265230383066,268487.45447022276,326787.65975390363,0.7954028708470806,0.9520760386080886,False,False,True,True,457269.64991787187,393309.1062784502
Ningi,626,578502.7581150001,5175.815131657672,111.77036725608889,0.17340286831812254,0.2097625268286104,0.7902374731713896,457154.5577954773,0.154513090502447,0.845486909497553,489116.50909446186,0.28134781709244777,268487.45447022276,326787.65975390363,0.7954028708470806,0.9520760386080886,False,False,True,True,457154.5577954773,489116.50909446186
Toro,755,521560.58824799996,7080.551919456146,73.6610075289245,0.08604954367666232,0.19756391238843124,0.8024360876115688,418519.03788611345,0.07249709264024523,0.9275029073597547,483748.9619642839,0.20294044410475576,268487.45447022276,326787.65975390363,0.7954028708470806,0.9520760386080886,True,False,True,True,418519.03788611345,483748.9619642839
Nasarawa,523,1007592.1955900001,5801.586134701597,173.67529709904503,0.29465449804432853,0.5977884464671004,0.4022115535328996,405265.2223158792,0.5697244678838745,0.43027553211612546,433542.26811354246,0.7095496671226517,268487.45447022276,326787.65975390363,0.7954028708470806,0.9520760386080886,False,False,True,True,405265.2223158792,433542.26811354246
Bauchi,581,736838.001627,3960.876085703313,186.0290465249845,0.3116036505867014,0.45854267041293234,0.5414573295870677,398966.33669922693,0.21506326194306397,0.7849367380569361,578371.2174734888,0.4602088813824266,268487.45447022276,326787.65975390363,0.7954028708470806,0.9520760386080886,False,False,True,True,398966.33669922693,578371.2174734888
Kosofe,11,900184.3221420001,73.89739452784792,12181.543448095039,0.9778357235984355,0.5574876007685162,0.4425123992314838,398342.72414162336,0.7098438510101935,0.29015614898980646,261194.01629372212,0.7529644972722641,268487.45447022276,326787.65975390363,0.7954028708470806,0.9520760386080886,False,False,True,False,398342.72414162336,261194.01629372212
Akko,351,730893.7770930001,2851.9472120260934,256.2788588831401,0.41851368970013036,0.45680709554164844,0.5431929044583516,397016.3136296817,0.18164844690537016,0.8183515530946298,598128.0576312569,0.4575396478349112,268487.45447022276,326787.65975390363,0.7954028708470806,0.9520760386080886,False,False,True,True,397016.3136296817,598128.0576312569
Mushin,3,870391.628973,17.441886727554923,49902.3782557849,0.9986962190352021,0.5549840816503204,0.4450159183496796,387338.13009129313,0.7033732969429096,0.2966267030570904,258181.39927075125,0.7958736037775701,268487.45447022276,326787.65975390363,0.7954028708470806,0.9520760386080886,False,False,True,False,387338.13009129313,258181.39927075125
Ifako/Ijaye,5,593164.159538,33.51569944427098,17698.098782759935,0.9895697522816167,0.35753559989207456,0.6424644001079254,381086.85592310294,0.6501552591813978,0.3498447408186022,207515.3616564556,0.6501552591813978,268487.45447022276,326787.65975390363,0.7954028708470806,0.9520760386080886,False,False,True,False,381086.85592310294,207515.3616564556
Ojo,26,849642.9139080001,179.29481049107588,4738.803714289822,0.9556714471968709,0.5525111473362933,0.44748885266370675,380205.73271853954,0.6804034388809538,0.3195965611190462,271542.95346416265,0.7410598614606732,268487.45447022276,326787.65975390363,0.7954028708470806,0.9520760386080886,False,False,True,False,380205.73271853954,271542.95346416265
Igabi,495,688524.800438,3495.494712226862,196.97492261384772,0.33376792698826596,0.45557546288978756,0.5444245371102124,374849.79576735955,0.263897140992137,0.736102859007863,506825.0741002301,0.46862408321310495,268487.45447022276,326787.65975390363,0.7954028708470806,0.9520760386080886,False,False,True,True,374849.79576735955,506825.0741002301
Bassa,442,478226.5461849999,3388.9987318657545,141.11145622108882,0.24119947848761408,0.22799260701936602,0.7720073929806339,369194.42917441454,0.08632873514461521,0.9136712648553847,436941.8533402709,0.2299371368703303,268487.45447022276,326787.65975390363,0.7954028708470806,0.9520760386080886,False,False,True,True,369194.42917441454,436941.8533402709
Ikeja,8,689020.847713,45.483920879146254,15148.668681043866,0.9830508474576272,0.47487398831152455,0.5251260116884755,361822.76972974016,0.6671312785200629,0.33286872147993707,229353.48865124874,0.7215743688061125,268487.45447022276,326787.65975390363,0.7954028708470806,0.9520760386080886,False,False,True,False,361822.76972974016,229353.48865124874
Lere,333,478186.176756,2315.8950973751535,206.48006781394307,0.34159061277705344,0.2447794220450624,0.7552205779549376,361136.0407797282,0.110774769170842,0.8892252308291579,425215.2134051666,0.24978024180239622,268487.45447022276,326787.65975390363,0.7954028708470806,0.9520760386080886,False,False,True,True,361136.0407797282,425215.2134051666
Maru,789,429148.851414,7765.576602683555,55.262973166177865,0.04041720990873533,0.16371174310374115,0.8362882568962589,358892.14489804563,0.04716884160305761,0.9528311583969424,408906.39721751894,0.16678867201041722,268487.45447022276,326787.65975390363,0.7954028708470806,0.9520760386080886,True,True,True,True,358892.14489804563,408906.39721751894
ZangonKataf,357,467445.25300699996,2622.547906361735,178.24088241556188,0.30378096479791394,0.2355146102430382,0.7644853897569618,357355.066435098,0.1036833223043552,0.8963166776956448,418978.97617983434,0.23562310086761232,268487.45447022276,326787.65975390363,0.7954028708470806,0.9520760386080886,False,False,True,True,357355.066435098,418978.97617983434
Ifo,74,798394.852863,485.50039906350963,1644.4782628459998,0.8735332464146024,0.5576992889260536,0.4423007110739464,353130.61113908375,0.5568101059157121,0.4431898940842879,353840.5302777936,0.6531429046628167,268487.45447022276,326787.65975390363,0.7954028708470806,0.9520760386080886,False,False,True,True,353130.61113908375,353840.5302777936
Giwa,292,433506.016618,1950.7850476557273,222.2213139981503,0.363754889178618,0.1883469262851564,0.8116530737148436,351856.4908618778,0.09743349000913895,0.9025665099908611,391268.01247894845,0.19753552432106836,268487.45447022276,326787.65975390363,0.7954028708470806,0.9520760386080886,True,False,True,True,351856.4908618778,391268.01247894845
Chikun,500,527816.287836,4857.780964934747,108.65378485484882,0.16297262059973924,0.3482120191023309,0.6517879808976691,344024.31253352936,0.1323138052672059,0.8676861947327941,457978.90631040797,0.3492274882406146,268487.45447022276,326787.65975390363,0.7954028708470806,0.9520760386080886,False,False,True,True,344024.31253352936,457978.90631040797
Ajeromi/Ifelodun,2,787152.093061,11.410920572404867,68982.34792419615,1.0,0.566054838781056,0.433945161218944,341580.84192718484,0.6343543915347241,0.36564560846527594,287818.70602200483,0.7013853398221115,268487.45447022276,326787.65975390363,0.7954028708470806,0.9520760386080886,False,False,True,False,341580.84192718484,287818.70602200483
Ganjuwa,734,413073.69220499997,5285.8875725271355,78.1465149489574,0.09778357235984354,0.1875245788407881,0.8124754211592119,335612.222044048,0.07252560581316464,0.9274743941868353,383115.2724323516,0.20783991512577485,268487.45447022276,326787.65975390363,0.7954028708470806,0.9520760386080886,True,False,True,True,335612.222044048,383115.2724323516
Alkaleri,396,479251.8978299999,6111.949160162341,78.41228473459199,0.09908735332464146,0.29984894149106217,0.7001510585089379,335548.7235580918,0.04068974641835475,0.9593102535816452,459751.25963678194,0.3004044533735004,268487.45447022276,326787.65975390363,0.7954028708470806,0.9520760386080886,False,True,True,True,335548.7235580918,459751.25963678194
BirninKudu,222,445183.058069,1429.5566124329632,311.4133810422119,0.4810951760104302,0.24720034941364272,0.7527996505863572,335133.6505613092,0.17011384280391798,0.829886157196082,369451.25730968267,0.30575557211183335,268487.45447022276,326787.65975390363,0.7954028708470806,0.9520760386080886,False,False,True,True,335133.6505613092,369451.25730968267
Mangu,267,436193.623488,1757.6933651433387,248.16252489661568,0.4041720990873533,0.23431430099295011,0.7656856990070499,333987.2195028272,0.0849578822783056,0.9150421177216944,399135.53697315895,0.23751600536721193,268487.45447022276,326787.65975390363,0.7954028708470806,0.9520760386080886,False,False,True,True,333987.2195028272,399135.53697315895
Ikorodu,60,806471.896434,366.73073701651015,2199.084546321223,0.9048239895697523,0.5891472200281073,0.41085277997189273,331341.22061911324,0.5282644895260775,0.4717355104739225,380441.43174716533,0.6752860433602914,268487.45447022276,326787.65975390363,0.7954028708470806,0.9520760386080886,False,False,True,True,331341.22061911324,380441.43174716533
Zurmi,298,455669.761567,2761.870913153058,164.98590118637728,0.26597131681877445,0.27674127993059083,0.7232587200694092,329567.12852528127,0.048908144600528496,0.9510918553994715,433383.79897819285,0.2777832232413397,268487.45447022276,326787.65975390363,0.7954028708470806,0.9520760386080886,False,False,True,True,329567.12852528127,433383.79897819285
Zaria,49,585204.666834,301.3899553221559,1941.686033326739,0.8956975228161669,0.4448157638127361,0.5551842361872639,324896.40596945654,0.3219171637650956,0.6780828362349044,396817.240264701,0.46320995878089116,268487.45447022276,326787.65975390363,0.7954028708470806,0.9520760386080886,False,False,True,True,324896.40596945654,396817.240264701
Kubau,365,408205.45880200004,2419.1596799080635,168.7385343730238,0.2777053455019557,0.21382663380292752,0.7861733661970725,320920.25964638876,0.07693807182213075,0.9230619281778693,376798.9178945059,0.2231786479409573,268487.45447022276,326787.65975390363,0.7954028708470806,0.9520760386080886,False,False,True,True,320920.25964638876,376798.9178945059
PortHarcourt,28,750104.323748,162.29983063520552,4621.719695037623,0.9530638852672751,0.5744869964056502,0.42551300359434985,319179.1438071201,0.40588897679606173,0.5941110232039383,445645.24729162245,0.5954112143955426,268487.45447022276,326787.65975390363,0.7954028708470806,0.9520760386080886,False,False,True,True,319179.1438071201,445645.24729162245
Yenagoa,110,546766.3739629999,744.1784636192443,734.7248014996985,0.7301173402868318,0.41648500001377003,0.5835149999862299,319046.38069549087,0.271483930461973,0.7285160695380271,398328.08971508377,0.44720662075001133,268487.45447022276,326787.65975390363,0.7954028708470806,0.9520760386080886,False,False,True,True,319046.38069549087,398328.08971508377
Gusau,288,541558.756387,3050.277913622906,177.5440703184237,0.30247718383311606,0.41171824228242365,0.5882817577175763,318589.13711468905,0.2265097933962225,0.7734902066037775,418890.39436586545,0.4125538987637586,268487.45447022276,326787.65975390363,0.7954028708470806,0.9520760386080886,False,False,True,True,318589.13711468905,418890.39436586545
Soba,333,405530.426387,2150.049581153746,188.61445333246073,0.31681877444589307,0.22007755837031134,0.7799224416296886,316282.28030287777,0.0780643267978382,0.9219356732021617,373872.96665505855,0.22460097318806876,268487.45447022276,326787.65975390363,0.7954028708470806,0.9520760386080886,False,False,True,True,316282.28030287777,373872.96665505855
Bichi,97,417932.50553500006,606.4114705992927,689.1896439920138,0.7131681877444589,0.24509414577408192,0.754905854225918,315499.6950996774,0.25590558649998363,0.7440944135000164,310981.24258865824,0.3679199595895681,268487.45447022276,326787.65975390363,0.7954028708470806,0.9520760386080886,False,False,True,False,315499.6950996774,310981.24258865824
AmuwoOdofin,28,747721.4812070002,173.27594175804256,4315.206563708057,0.9491525423728814,0.5782856974639169,0.4217143025360831,315324.8429384571,0.4909370720538659,0.5090629279461341,380637.2865114558,0.6137801690907884,268487.45447022276,326787.65975390363,0.7954028708470806,0.9520760386080886,False,False,True,True,315324.8429384571,380637.2865114558
Gamawa,423,422868.34116199997,2968.437208807796,142.45487150857915,0.2438070404172099,0.2566665719824601,0.7433334280175399,314332.17363604,0.039694585822280304,0.9603054141777196,406082.75750221964,0.25787088967261823,268487.45447022276,326787.65975390363,0.7954028708470806,0.9520760386080886,False,True,True,True,314332.17363604,406082.75750221964
DankoWasagu,461,386069.964091,3427.966811408968,112.62360032369068,0.1760104302477184,0.18609082566835622,0.8139091743316438,314225.8857075531,0.053239374578584485,0.9467606254214155,365515.84065921855,0.18866592517483474,268487.45447022276,326787.65975390363,0.7954028708470806,0.9520760386080886,True,False,True,True,314225.8857075531,365515.84065921855
BirninGwari,537,370565.432424,6255.45199032438,59.23879409468286,0.05215123859191656,0.15629702512713728,0.8437029748728627,312647.15772117756,0.039164606752078654,0.9608353932479213,356052.38298720005,0.15678207791567464,268487.45447022276,326787.65975390363,0.7954028708470806,0.9520760386080886,True,True,True,True,312647.15772117756,356052.38298720005
KauraNamoda,103,417491.50806899986,673.6809716450397,619.7169367119586,0.6883963494132985,0.2645387067771245,0.7354612932228755,307048.8444339952,0.12416015804135495,0.8758398419586451,365655.69644622924,0.2804930200652661,268487.45447022276,326787.65975390363,0.7954028708470806,0.9520760386080886,False,False,True,True,307048.8444339952,365655.69644622924
Kumbotso,26,505766.793043,161.81316530763598,3125.6220226669825,0.9335071707953064,0.39627789656005713,0.6037221034399429,305342.59214599425,0.22217563800051146,0.7778243619994886,393397.7331191988,0.39913431542942934,268487.45447022276,326787.65975390363,0.7954028708470806,0.9520760386080886,False,False,True,True,305342.59214599425,393397.7331191988
Bwari,112,737213.59461,815.8268495619415,903.639779698164,0.7848761408083442,0.587646483239137,0.41235351676086296,303992.6183413507,0.32031733776189747,0.6796826622381025,501071.2986226461,0.5876911799893194,268487.45447022276,326787.65975390363,0.7954028708470806,0.9520760386080886,False,False,True,True,303992.6183413507,501071.2986226461
Ifelodun,356,432040.83539200004,3594.1567423757397,120.20645351889155,0.19947848761408082,0.2993362450273048,0.7006637549726952,302715.35402729886,0.2723290070325783,0.7276709929674217,314383.583692171,0.3560566917704788,268487.45447022276,326787.65975390363,0.7954028708470806,0.9520760386080886,False,False,True,False,302715.35402729886,314383.583692171
Kiru,127,391679.87587499997,828.1241532280098,472.97240920729143,0.6101694915254238,0.23442991049123016,0.7655700895087698,299858.39763240755,0.2657798295691708,0.7342201704308292,287579.2652192685,0.33751996047641475,268487.45447022276,326787.65975390363,0.7954028708470806,0.9520760386080886,False,False,True,False,299858.39763240755,287579.2652192685
Kankara,207,358408.124229,1430.2881451156443,250.58455909946827,0.409387222946545,0.16756409173205553,0.8324359082679444,298351.79242317786,0.0837207897331952,0.9162792102668048,328401.913021755,0.18713452561691366,268487.45447022276,326787.65975390363,0.7954028708470806,0.9520760386080886,True,False,True,True,298351.79242317786,328401.913021755
Gwagwalada,124,504279.67598400003,964.8286680028491,522.6624090967733,0.6414602346805737,0.4088287299871265,0.5911712700128735,298115.65649314167,0.23471770924904448,0.7652822907509556,385916.3056161852,0.40897700716133223,268487.45447022276,326787.65975390363,0.7954028708470806,0.9520760386080886,False,False,True,True,298115.65649314167,385916.3056161852
Kwande,437,353987.60118699993,3017.985661886614,117.29267161783464,0.1864406779661017,0.15965008289622834,0.8403499171037716,297473.4513132584,0.07694380694162249,0.9230561930583775,326750.4475415393,0.1654444862740352,268487.45447022276,326787.65975390363,0.7954028708470806,0.9520760386080886,True,False,True,False,297473.4513132584,326750.4475415393
Okene,23,479668.3268839999,289.35861276591,1657.6950044754665,0.8748370273794003,0.38040183889842505,0.619598161101575,297201.6132759955,0.08090501259451308,0.9190949874054869,440860.7548562609,0.38239942054600834,268487.45447022276,326787.65975390363,0.7954028708470806,0.9520760386080886,False,False,True,True,297201.6132759955,440860.7548562609
Kachia,492,365528.420949,4606.951598466833,79.34279601952964,0.1016949152542373,0.18840719815228968,0.8115928018477103,296660.2353129682,0.07020447868172805,0.9297955213182719,339866.6887129202,0.19021425590077798,268487.45447022276,326787.65975390363,0.7954028708470806,0.9520760386080886,True,False,True,True,296660.2353129682,339866.6887129202
Sumaila,182,371622.68901900004,1186.3439566597542,313.2503747609026,0.48370273794002605,0.20279893795312345,0.7972010620468766,296258.00236666296,0.15514481561237514,0.8448551843876249,313967.35545377224,0.23880898094319628,268487.45447022276,326787.65975390363,0.7954028708470806,0.9520760386080886,True,False,True,False,296258.00236666296,313967.35545377224
Fune,528,453498.01312200003,4974.132730135451,91.17127300896347,0.12516297262059975,0.3493066023570549,0.6506933976429451,295088.1629826791,0.03252351666166478,0.9674764833383352,438748.6629361948,0.349414429433945,268487.45447022276,326787.65975390363,0.7954028708470806,0.9520760386080886,False,True,True,True,295088.1629826791,438748.6629361948
Gboko,302,523648.68311700004,1921.2958679208336,272.5497368001297,0.4302477183833116,0.4425097159977737,0.5574902840022262,291929.05306828814,0.20762483081529112,0.7923751691847088,414926.21387818287,0.4426429340810811,268487.45447022276,326787.65975390363,0.7954028708470806,0.9520760386080886,False,False,True,True,291929.05306828814,414926.21387818287
Jema'a,195,376588.12720700004,1705.6962885768155,220.7826385793537,0.3624511082138201,0.224962436110608,0.775037563889392,291869.9447001818,0.0530696189313858,0.9469303810686142,356602.7388020403,0.2266490085174356,268487.45447022276,326787.65975390363,0.7954028708470806,0.9520760386080886,False,False,True,True,291869.9447001818,356602.7388020403
Ikpoba-Okha,131,583687.1641240001,837.2285059525406,697.1658991232284,0.7170795306388527,0.5001547175939569,0.4998452824060431,291753.27538834326,0.37393252349622785,0.6260674765037721,365427.5499107558,0.546012866653346,268487.45447022276,326787.65975390363,0.7954028708470806,0.9520760386080886,False,False,True,True,291753.27538834326,365427.5499107558
Shiroro,692,351172.944102,5254.167703642099,66.83702613043222,0.06910039113428944,0.16987276059210174,0.8301272394078982,291518.2266421374,0.051109277697972216,0.9488907223020278,333224.7485818764,0.1702910865361567,268487.45447022276,326787.65975390363,0.7954028708470806,0.9520760386080886,True,False,True,True,291518.2266421374,333224.7485818764
Yamaltu/Deba,300,393611.81613500003,2161.804455603999,182.075587417099,0.30638852672750977,0.2706860492921909,0.729313950707809,287066.5886706926,0.06808847619901903,0.931911523800981,366811.3873604394,0.275868510226629,268487.45447022276,326787.65975390363,0.7954028708470806,0.9520760386080886,False,False,True,True,287066.5886706926,366811.3873604394
JosNorth,62,606160.7626949999,402.2159123841791,1507.053162322483,0.8578878748370273,0.5295767517333364,0.4704232482666636,285152.1149587801,0.2825605567985134,0.7174394432014866,434883.64007848914,0.56168372742905,268487.45447022276,326787.65975390363,0.7954028708470806,0.9520760386080886,False,False,True,True,285152.1149587801,434883.64007848914
Bungudu,265,378116.94928199996,1721.6413578319093,219.62585155259555,0.36114732724902215,0.2478722004475681,0.7521277995524319,284392.26903694915,0.06387738615998337,0.9361226138400166,353963.8268990788,0.2599239543913934,268487.45447022276,326787.65975390363,0.7954028708470806,0.9520760386080886,False,False,True,True,284392.26903694915,353963.8268990788
Tsafe,266,376681.194874,2051.5337894435806,183.6095495049896,0.3089960886571056,0.2472101650877898,0.7527898349122102,283561.7745037325,0.06107090180007414,0.9389290981999259,353676.9346119153,0.2494835026286277,268487.45447022276,326787.65975390363,0.7954028708470806,0.9520760386080886,False,False,True,True,283561.7745037325,353676.9346119153
IjebuNorth,116,416259.29574500007,843.0411318676853,493.75917735213386,0.621903520208605,0.3194357757038646,0.6805642242961354,283291.1847147516,0.48100947696010143,0.5189905230398986,216034.62961891742,0.5299522961578194,268487.45447022276,326787.65975390363,0.7954028708470806,0.9520760386080886,False,False,True,False,283291.1847147516,216034.62961891742
VandeIkya,124,349838.16856499994,763.5794748637843,458.1555425221558,0.5997392438070405,0.19061520778668103,0.8093847922133189,283153.6933722705,0.08007709888063161,0.9199229011193684,321824.14294860134,0.19101460390229655,268487.45447022276,326787.65975390363,0.7954028708470806,0.9520760386080886,True,False,True,False,283153.6933722705,321824.14294860134
Bama,186,360509.08653599996,3362.737705997691,107.2070194154618,0.16036505867014342,0.2160713005389025,0.7839286994610974,282613.4193520747,0.04480537861468748,0.9551946213853125,344356.34041971934,0.21619009479332088,268487.45447022276,326787.65975390363,0.7954028708470806,0.9520760386080886,False,True,True,True,282613.4193520747,344356.34041971934
Gwaram,311,376733.68745100003,2017.9506970880936,186.69122491180156,0.3155149934810952,0.25653775470209006,0.7434622452979099,280087.2731516815,0.0777214652725373,0.9222785347274627,347453.39324478223,0.26881920588885366,268487.45447022276,326787.65975390363,0.7954028708470806,0.9520760386080886,False,False,True,True,280087.2731516815,347453.39324478223
Jakusko,476,362789.09996200004,3893.60018225995,93.17574557730462,0.13298565840938723,0.23385031493786226,0.7661496850621378,277950.75467986276,0.032417876906684545,0.9675821230933155,351028.24757634505,0.23438135423917947,268487.45447022276,326787.65975390363,0.7954028708470806,0.9520760386080886,False,True,True,True,277950.75467986276,351028.24757634505
Katsina-Ala,431,334894.582768,2688.9185494598946,124.54619826073501,0.2046936114732725,0.17263267036159055,0.8273673296384094,277080.83665512945,0.04507920173783002,0.95492079826217,319797.80231049494,0.1741779722385911,268487.45447022276,326787.65975390363,0.7954028708470806,0.9520760386080886,True,True,True,False,277080.83665512945,319797.80231049494
IdemiliNorth,13,505001.773345,87.22137319882988,5789.885607439334,0.9595827900912647,0.4538542878010056,0.5461457121989943,275804.5531652601,0.23316582936158475,0.7668341706384152,387252.616033942,0.4538542878010056,268487.45447022276,326787.65975390363,0.7954028708470806,0.9520760386080886,False,False,True,True,275804.5531652601,387252.616033942
Tafawa-Balewa,322,328938.826221,2179.127074455722,150.94981383917624,0.24641460234680573,0.1629897166737723,0.8370102833262277,275325.180132236,0.10483651274858477,0.8951634872514153,294454.0267723776,0.1818874743229276,268487.45447022276,326787.65975390363,0.7954028708470806,0.9520760386080886,True,False,True,False,275325.180132236,294454.0267723776
Kagarko,287,337386.663225,2225.54558510092,151.59728269942437,0.24902216427640156,0.1872632397389699,0.81273676026103,274206.5436247657,0.06538418630964268,0.9346158136903573,315326.91077830794,0.18811507452144433,268487.45447022276,326787.65975390363,0.7954028708470806,0.9520760386080886,True,False,True,False,274206.5436247657,315326.91077830794
SakiWest,289,370336.584151,2164.1076506040667,171.1266923563752,0.288135593220339,0.2601880422255689,0.7398119577744311,273979.4333562467,0.08858227215476405,0.911417727845236,337531.3280648705,0.2602360692942091,268487.45447022276,326787.65975390363,0.7954028708470806,0.9520760386080886,False,False,True,True,273979.4333562467,337531.3280648705
Damboa,304,354827.246041,6458.982187087025,54.93547369589909,0.03911342894393742,0.2281226928461055,0.7718773071538945,273883.09917895944,0.04482339205111358,0.9551766079488864,338922.6852812873,0.2282561659906149,268487.45447022276,326787.65975390363,0.7954028708470806,0.9520760386080886,False,True,True,True,273883.09917895944,338922.6852812873
Rogo,131,354032.647319,810.7942777417343,436.6491686461698,0.5840938722294654,0.22996081205546498,0.770039187944535,272619.01224737667,0.15107284933469275,0.8489271506653072,300547.92653101427,0.2786687656884553,268487.45447022276,326787.65975390363,0.7954028708470806,0.9520760386080886,False,False,True,False,272619.01224737667,300547.92653101427
KafinHausa,214,382729.963002,1395.985166241868,274.16477786246645,0.43415906127770537,0.2922196083378788,0.7077803916621213,270888.7631143847,0.047108359060327176,0.9528916409396728,364700.182481756,0.29223343965293014,268487.45447022276,326787.65975390363,0.7954028708470806,0.9520760386080886,False,True,True,True,270888.7631143847,364700.182481756
Kano,5,611628.466801,26.60023358360113,22993.349471113852,0.9947848761408083,0.5595826441037844,0.44041735589621556,269371.79213935265,0.31259541315332096,0.687404586846679,420436.2135250091,0.5595826441037844,268487.45447022276,326787.65975390363,0.7954028708470806,0.9520760386080886,False,False,True,True,269371.79213935265,420436.2135250091
Lafia,327,471762.083018,2772.91407523025,170.13224002580284,0.28552803129074317,0.4297461726188885,0.5702538273811115,269024.1334543002,0.18826673536311817,0.8117332646368818,382944.9757800968,0.4313353641502843,268487.45447022276,326787.65975390363,0.7954028708470806,0.9520760386080886,False,False,True,True,269024.1334543002,382944.9757800968
Abua/Odual,100,421281.73594700004,671.5485502413364,627.3287847849612,0.6897001303780965,0.36192357632459976,0.6380764236754002,268809.9434328261,0.22982625918879454,0.7701737408112055,324460.1305097395,0.3623347355641635,268487.45447022276,326787.65975390363,0.7954028708470806,0.9520760386080886,False,False,True,False,268809.9434328261,324460.1305097395
Kauru,372,317212.948531,2727.969971959803,116.28168630577368,0.18252933507170796,0.15428275210439588,0.8457172478956041,268272.4618284872,0.042901037042353374,0.9570989629576466,303604.18407575745,0.15550502418568454,268487.45447022276,326787.65975390363,0.7954028708470806,0.9520760386080886,True,True,False,False,268272.4618284872,303604.18407575745
Lavun,473,436305.097702,3935.6388405375374,110.86004467889857,0.16688396349413298,0.3858847234583338,0.6141152765416662,267941.6257318024,0.1429707135134362,0.8570292864865638,373926.24657399557,0.3860405511131392,268487.45447022276,326787.65975390363,0.7954028708470806,0.9520760386080886,False,False,False,True,267941.6257318024,373926.24657399557
Misau,187,386727.23837100004,1212.1010968087612,319.0552664205829,0.48891786179921776,0.3093629962108364,0.6906370037891636,267088.14119220513,0.17267062534866334,0.8273293746513366,319950.80428211787,0.3504670338194518,268487.45447022276,326787.65975390363,0.7954028708470806,0.9520760386080886,False,False,False,False,267088.14119220513,319950.80428211787
Obi,187,350468.34087400005,1404.972302075482,249.44857657070818,0.40547588005215124,0.23977843521928333,0.7602215647807167,266433.5905053339,0.11236350469902857,0.8876364953009714,311088.4898073436,0.2436421622308882,268487.45447022276,326787.65975390363,0.7954028708470806,0.9520760386080886,False,False,False,False,266433.5905053339,311088.4898073436
SouthernIjaw,386,439696.082578,2572.631644211131,170.91295738641506,0.28683181225554105,0.39611860352457057,0.6038813964754295,265524.28437197837,0.2750264472758447,0.7249735527241553,318768.0311054662,0.4145971326031006,268487.45447022276,326787.65975390363,0.7954028708470806,0.9520760386080886,False,False,False,False,265524.28437197837,318768.0311054662
Ankpa,166,382930.180648,1263.8792119082402,302.98004511826827,0.4771838331160365,0.3113897513928598,0.6886102486071402,263689.64689519635,0.1823618894229587,0.8176381105770413,313098.3093879558,0.31271616313451517,268487.45447022276,326787.65975390363,0.7954028708470806,0.9520760386080886,False,False,False,False,263689.64689519635,313098.3093879558
DawakinTofa,71,359525.76879999996,447.58886543317743,803.2500282419899,0.7640156453715776,0.2690295902048952,0.7309704097951049,262802.6985516361,0.2232958997188497,0.7767041002811503,279245.13878369285,0.324874686830925,268487.45447022276,326787.65975390363,0.7954028708470806,0.9520760386080886,False,False,False,False,262802.6985516361,279245.13878369285
Ekeremor,276,399971.02711,1796.2042415514802,222.67569458834097,0.3650586701434159,0.3435781423557426,0.6564218576442574,262549.72461942787,0.2704487310537005,0.7295512689462995,291799.37036985526,0.3623280841247865,268487.45447022276,326787.65975390363,0.7954028708470806,0.9520760386080886,False,False,False,False,262549.72461942787,291799.37036985526
Ungogo,29,743836.4654260001,186.54825106105406,3987.367671340725,0.9452411994784876,0.6472662766973901,0.3527337233026099,262376.2059779661,0.39246209607840893,0.6075379039215911,451908.84706535714,0.6706572812934183,268487.45447022276,326787.65975390363,0.7954028708470806,0.9520760386080886,False,False,False,True,262376.2059779661,451908.84706535714
Mariga,843,303404.691229,5750.326424592315,52.76303792623576,0.03259452411994785,0.135769099525188,0.864230900474812,262211.70950912096,0.023986454603261237,0.9760135453967388,296127.0883764191,0.13659466823285804,268487.45447022276,326787.65975390363,0.7954028708470806,0.9520760386080886,True,True,False,False,262211.70950912096,296127.0883764191
Darazo,273,376688.492096,2487.569522918201,151.42832737961095,0.24771838331160365,0.30681642741663656,0.6931835725833635,261114.27470214537,0.053050445981801864,0.9469495540181981,356704.99959409476,0.30826638438211196,268487.45447022276,326787.65975390363,0.7954028708470806,0.9520760386080886,False,False,False,True,261114.27470214537,356704.99959409476
Konshisha,245,320150.386145,1535.978745550449,208.4341251937491,0.3455019556714472,0.18569163402996036,0.8143083659700396,260701.13780641215,0.06611425810799555,0.9338857418920045,298983.880882035,0.18695712898364497,268487.45447022276,326787.65975390363,0.7954028708470806,0.9520760386080886,True,False,False,False,260701.13780641215,298983.880882035
Shira,144,350757.472159,904.9819757527646,387.58503656079967,0.5475880052151239,0.2589775231654777,0.7410224768345224,259919.17078747822,0.0681781458263834,0.9318218541736166,326843.4780724501,0.27341011076089805,268487.45447022276,326787.65975390363,0.7954028708470806,0.9520760386080886,False,False,False,True,259919.17078747822,326843.4780724501
Bukkuyum,372,303109.14227199997,3116.939683891933,97.24575160643661,0.1421121251629726,0.14877523070085977,0.8512247692991403,258014.00970294347,0.025686313150286483,0.9743136868497135,295323.3859248866,0.14914488377355528,268487.45447022276,326787.65975390363,0.7954028708470806,0.9520760386080886,True,True,False,False,258014.00970294347,295323.3859248866
Gwoza,132,404932.980782,2398.669339928033,168.81567377442244,0.2790091264667536,0.3688831019342437,0.6311168980657563,255560.04675565637,0.10196920402709694,0.898030795972903,363642.2870473397,0.36889580841133474,268487.45447022276,326787.65975390363,0.7954028708470806,0.9520760386080886,False,False,False,True,255560.04675565637,363642.2870473397
Mokwa,463,367161.22849799995,3968.728081918303,92.51357636992124,0.1303780964797914,0.3056962750670597,0.6943037249329402,254921.40859711578,0.08917244500714153,0.9108275549928585,334420.56404100754,0.3057813788532474,268487.45447022276,326787.65975390363,0.7954028708470806,0.9520760386080886,False,False,False,True,254921.40859711578,334420.56404100754
Katagum,300,438006.56741400005,1946.55763482869,225.01597670522997,0.37157757496740546,0.4182181611300091,0.5817818388699909,254824.26622724958,0.2175582968177349,0.7824417031822651,342714.6046124278,0.4313558568831027,268487.45447022276,326787.65975390363,0.7954028708470806,0.9520760386080886,False,False,False,True,254824.26622724958,342714.6046124278
Izzi,173,323269.106304,1090.4325771018632,296.4595089071717,0.4667535853976532,0.21188585830578036,0.7881141416942197,254772.95425103442,0.11159866359642646,0.8884013364035735,287192.7060584625,0.21477508429131936,268487.45447022276,326787.65975390363,0.7954028708470806,0.9520760386080886,False,False,False,False,254772.95425103442,287192.7060584625
Ilaje,212,397812.12793099997,1466.373618115034,271.2897470443937,0.42894393741851367,0.35987027172618785,0.6401297282738121,254651.36935649798,0.21944967943338395,0.780550320566616,310512.3839818297,0.37830294855096497,268487.45447022276,326787.65975390363,0.7954028708470806,0.9520760386080886,False,False,False,False,254651.36935649798,310512.3839818297
Batsari,150,306378.8150500001,1068.31805009183,286.78614484110284,0.4485006518904824,0.17195211247716505,0.828047887522835,253696.33058390193,0.15085385462676057,0.8491461453732394,260160.3898237282,0.2531626725621745,268487.45447022276,326787.65975390363,0.7954028708470806,0.9520760386080886,True,False,False,False,253696.33058390193,260160.3898237282
Ihiala,36,413236.09821200004,221.3643723859742,1866.7687747487903,0.8930899608865711,0.38639822382740724,0.6136017761725927,253562.4038415152,0.19359775619642794,0.8064022438035721,333234.5168187901,0.38639822382740724,268487.45447022276,326787.65975390363,0.7954028708470806,0.9520760386080886,False,False,False,True,253562.4038415152,333234.5168187901
Ukum,242,313198.885875,1509.307798276552,207.5116064679686,0.34419817470664926,0.19179432161492554,0.8082056783850744,253129.11802805384,0.04521213261470162,0.9547878673852984,299038.4963120427,0.19300287360169194,268487.45447022276,326787.65975390363,0.7954028708470806,0.9520760386080886,True,True,False,False,253129.11802805384,299038.4963120427
Iseyin,191,382177.687105,1346.5050915390802,283.82936648844293,0.44328552803129073,0.3430878860011548,0.6569121139988452,251057.15235933475,0.39764572439700135,0.6023542756029987,230206.36386776177,0.4670987920695792,268487.45447022276,326787.65975390363,0.7954028708470806,0.9520760386080886,False,False,False,False,251057.15235933475,230206.36386776177
Funakaye,188,354199.50007099996,1409.4736735426914,251.2991244318347,0.41199478487614083,0.2915956392008845,0.7084043607991155,250916.47044316298,0.07134161844066644,0.9286583815593336,328930.3344850599,0.29181439783443724,268487.45447022276,326787.65975390363,0.7954028708470806,0.9520760386080886,False,False,False,True,250916.47044316298,328930.3344850599
Mashegu,957,332451.72217900003,9078.958086155422,36.61782762120671,0.01564537157757497,0.2454038305335728,0.7545961694664272,250866.79608879026,0.03798842346002454,0.9620115765399755,319822.40537684975,0.2455536146895241,268487.45447022276,326787.65975390363,0.7954028708470806,0.9520760386080886,False,True,False,False,250866.79608879026,319822.40537684975
OndoWest,113,407825.59937899996,844.6554993013281,482.8306921772725,0.6153846153846154,0.3859294983765957,0.6140705016234043,250433.670385528,0.45392046926318413,0.5460795307368158,222705.21193134494,0.5637145146079254,268487.45447022276,326787.65975390363,0.7954028708470806,0.9520760386080886,False,False,False,False,250433.670385528,222705.21193134494
Dekina,281,380628.167659,2484.948377875319,153.17347074406626,0.2529335071707953,0.3426459258411649,0.6573540741588351,250207.47675025582,0.19104212514854632,0.8089578748514537,307912.15361802746,0.34646437813624364,268487.45447022276,326787.65975390363,0.7954028708470806,0.9520760386080886,False,False,False,False,250207.47675025582,307912.15361802746
Akoko-Edo,155,370934.55423800007,1294.879473930977,286.4626103863722,0.44589308996088656,0.3264933811048599,0.6735066188951401,249826.87745621137,0.24567679219257924,0.7543232078074208,279804.5428394239,0.3653357168220681,268487.45447022276,326787.65975390363,0.7954028708470806,0.9520760386080886,False,False,False,False,249826.87745621137,279804.5428394239
UghelliNorth,129,483912.222048,820.171599992805,590.0133850675214,0.6727509778357236,0.48427322495676534,0.5157267750432346,249566.4896808207,0.37517384642772666,0.6248261535722733,302361.0123688637,0.5277428387511277,268487.45447022276,326787.65975390363,0.7954028708470806,0.9520760386080886,False,False,False,False,249566.4896808207,302361.0123688637
Gwadabawa,138,349210.911741,1006.3560005109416,347.0053455871486,0.5123859191655802,0.2860232417454197,0.7139767582545803,249328.47471196554,0.03828977555170451,0.9617102244482955,335839.704310231,0.28639523055713617,268487.45447022276,326787.65975390363,0.7954028708470806,0.9520760386080886,False,True,False,True,249328.47471196554,335839.704310231
JosSouth,71,439726.4227340001,451.8203603875457,973.2328626289171,0.8005215123859192,0.43455343023683385,0.5654465697631661,248641.79736916826,0.17995525818366107,0.8200447418163389,360595.3408007254,0.43455343023683385,268487.45447022276,326787.65975390363,0.7954028708470806,0.9520760386080886,False,False,False,True,248641.79736916826,360595.3408007254
Gassol,496,348192.898212,5955.398477529916,58.46676750947114,0.04954367666232073,0.2909375407868273,0.7090624592131727,246890.5126867626,0.07186079946386514,0.9281392005361349,323171.4781788454,0.2912197588707774,268487.45447022276,326787.65975390363,0.7954028708470806,0.9520760386080886,False,False,False,False,246890.5126867626,323171.4781788454
TudunWada,130,323427.41786000005,1128.179388472238,286.68084274964474,0.4471968709256845,0.2438273883807438,0.7561726116192562,244566.9552324687,0.13682032248455694,0.863179677515443,279175.9742480473,0.26780152054655576,268487.45447022276,326787.65975390363,0.7954028708470806,0.9520760386080886,False,False,False,False,244566.9552324687,279175.9742480473
Onicha,70,324624.21944200003,446.3062886944492,727.3574844566994,0.7262059973924381,0.2505967793034309,0.7494032206965691,243274.43556594462,0.14285897287278024,0.8571410271272197,278248.7368828879,0.25863930134290775,268487.45447022276,326787.65975390363,0.7954028708470806,0.9520760386080886,False,False,False,False,243274.43556594462,278248.7368828879
Makoda,63,309901.58861100004,402.42848600768616,770.0786584105805,0.7561929595827901,0.21585394273602873,0.7841460572639712,243008.1088491569,0.179457215341698,0.820542784658302,254287.5124889015,0.32155966388742013,268487.45447022276,326787.65975390363,0.7954028708470806,0.9520760386080886,False,False,False,False,243008.1088491569,254287.5124889015
AkureSouth,52,515891.31434999994,327.989657030663,1572.8889716231827,0.863102998696219,0.5297554812629158,0.47024451873708417,242595.06283715751,0.5290455317760552,0.4709544682239448,242961.31961105618,0.6810248964713693,268487.45447022276,326787.65975390363,0.7954028708470806,0.9520760386080886,False,False,False,False,242595.06283715751,242961.31961105618
Kuje,129,285755.948989,1701.8672482872719,167.9073084440514,0.27249022164276404,0.15348520774513957,0.8465147922548604,241896.6377940138,0.0478309394331546,0.9521690605668454,272087.9735002435,0.15427229997809025,268487.45447022276,326787.65975390363,0.7954028708470806,0.9520760386080886,True,True,False,False,241896.6377940138,272087.9735002435
Itas/Gadau,233,332072.2016779999,1539.590818824606,215.68860869897821,0.3546284224250326,0.2732006380621814,0.7267993619378186,241349.86429685695,0.049738661979664166,0.9502613380203359,315555.37468589505,0.2779059758204479,268487.45447022276,326787.65975390363,0.7954028708470806,0.9520760386080886,False,False,False,False,241349.86429685695,315555.37468589505
Udi,105,381887.09754700004,920.6881774678437,414.78440463664793,0.5671447196870926,0.3689492430395332,0.6310507569604669,240990.14198047,0.2086184354560796,0.7913815645439204,302218.4087358816,0.36921184775315097,268487.45447022276,326787.65975390363,0.7954028708470806,0.9520760386080886,False,False,False,False,240990.14198047,302218.4087358816
Jahun,190,321467.5610509999,1196.9382071753218,268.5749014643267,0.42633637548891784,0.25155411699861163,0.7484458830013884,240601.07258711834,0.08861679801974061,0.9113832019802593,292980.1351234448,0.2797243623856532,268487.45447022276,326787.65975390363,0.7954028708470806,0.9520760386080886,False,False,False,False,240601.07258711834,292980.1351234448
Minjibir,63,308625.33199299994,413.5935200636176,746.204466514679,0.7379400260756193,0.22152993298394508,0.7784700670160549,240255.58287944287,0.29398616631621144,0.7060138336837886,217893.75381230988,0.3721038199487306,268487.45447022276,326787.65975390363,0.7954028708470806,0.9520760386080886,False,False,False,False,240255.58287944287,217893.75381230988
Takai,126,315607.87931100006,782.878807052961,403.1375948201514,0.559322033898305,0.23905089557350181,0.7609491044264982,240161.53311165184,0.2276816107961332,0.7723183892038668,243749.76896951994,0.3075910823556975,268487.45447022276,326787.65975390363,0.7954028708470806,0.9520760386080886,False,False,False,False,240161.53311165184,243749.76896951994
Yala,253,296401.763384,1758.330907885033,168.56995577727739,0.27640156453715775,0.19564659309663854,0.8043534069033614,238411.7681900844,0.10781710242462314,0.8921828975753768,264444.58410238835,0.20499213015711462,268487.45447022276,326787.65975390363,0.7954028708470806,0.9520760386080886,True,False,False,False,238411.7681900844,264444.58410238835
Nsukka,66,437750.32224899996,496.4341557807667,881.789290989715,0.7809647979139505,0.45687429384703787,0.5431257061529622,237753.45289017487,0.21270992316025772,0.7872900768397423,344636.4848400371,0.4569609996553625,268487.45447022276,326787.65975390363,0.7954028708470806,0.9520760386080886,False,False,False,True,237753.45289017487,344636.4848400371
Wukari,380,336950.021915,3785.9787322742086,88.99944921576373,0.121251629726206,0.29814505007168157,0.7018549499283184,236490.0407594981,0.11010614309939958,0.8898938569006004,299849.7545846812,0.29848453845077755,268487.45447022276,326787.65975390363,0.7954028708470806,0.9520760386080886,False,False,False,False,236490.0407594981,299849.7545846812
Ikwo,76,306862.06271900004,461.1478180004552,665.431019601392,0.7027379400260756,0.23086854660440786,0.7691314533955922,236017.26429103388,0.12026610044253516,0.8797338995574648,269956.9590620333,0.2385275980259331,268487.45447022276,326787.65975390363,0.7954028708470806,0.9520760386080886,False,False,False,False,236017.26429103388,269956.9590620333
Bagudo,390,315376.82015700004,4595.245528373233,68.63111409601802,0.07431551499348109,0.25280736515577573,0.7471926348442243,235647.23722190192,0.06052120618143814,0.9394787938185618,296289.8345994319,0.26030057907647147,268487.45447022276,326787.65975390363,0.7954028708470806,0.9520760386080886,False,False,False,False,235647.23722190192,296289.8345994319
DawakinKudu,56,345565.48618999997,351.22370979536714,983.8899725515005,0.8018252933507171,0.31814760787363383,0.6818523921263662,235624.65339496222,0.15224964042193498,0.847750359578065,292953.26517534134,0.3343936463765296,268487.45447022276,326787.65975390363,0.7954028708470806,0.9520760386080886,False,False,False,False,235624.65339496222,292953.26517534134
Gaya,98,306530.98891899997,617.4764936752919,496.4253571735045,0.6258148631029987,0.23655420584009346,0.7634457941599065,234019.79426988744,0.2890399267972851,0.7109600732027149,217931.29432075282,0.3434329324309818,268487.45447022276,326787.65975390363,0.7954028708470806,0.9520760386080886,False,False,False,False,234019.79426988744,217931.29432075282
Ikara,144,288748.675974,898.9818673632263,321.1952170080127,0.4915254237288136,0.1897343542333238,0.8102656457666761,233963.13240234586,0.15891026270460398,0.841089737295396,242863.54801936512,0.25484475136533374,268487.45447022276,326787.65975390363,0.7954028708470806,0.9520760386080886,True,False,False,False,233963.13240234586,242863.54801936512
Gabasawa,96,308109.685525,658.1241050333415,468.1635016383281,0.6088657105606258,0.24245992419278972,0.7575400758072103,233405.4345295442,0.09920072350028383,0.9007992764997161,277544.98180347506,0.2877626244422634,268487.45447022276,326787.65975390363,0.7954028708470806,0.9520760386080886,False,False,False,False,233405.4345295442,277544.98180347506
Faskari,211,279849.58751800004,1695.87664256406,165.0176554674902,0.26727509778357234,0.16605147333983974,0.8339485266601603,233380.15119708973,0.09186019453831912,0.9081398054616809,254142.5499671282,0.17933506828040166,268487.45447022276,326787.65975390363,0.7954028708470806,0.9520760386080886,True,False,False,False,233380.15119708973,254142.5499671282
Rafi,526,276649.850064,3495.085660279685,79.15395413852656,0.10039113428943937,0.15658209714421145,0.8434179028557885,233331.43636634722,0.04077364846136504,0.959226351538635,265369.8263306011,0.157099676028145,268487.45447022276,326787.65975390363,0.7954028708470806,0.9520760386080886,True,True,False,False,233331.43636634722,265369.8263306011
Babura,148,292881.81606999994,1038.996182249627,281.88921294768795,0.4406779661016949,0.2049449053164325,0.7950550946835675,232857.180006629,0.06555621883939562,0.9344437811606043,273681.5916416354,0.22601695067444622,268487.45447022276,326787.65975390363,0.7954028708470806,0.9520760386080886,False,False,False,False,232857.180006629,273681.5916416354
Bukuru,246,290211.208183,1583.8248184417707,183.23441128326377,0.3076923076923077,0.19940661228286644,0.8005933877171336,232341.1743127103,0.060139885625159685,0.9398601143748403,272757.93931573496,0.1997087220299079,268487.45447022276,326787.65975390363,0.7954028708470806,0.9520760386080886,True,False,False,False,232341.1743127103,272757.93931573496
Ijero,47,330610.1482209999,346.68593128414574,953.6301256771507,0.7953063885267275,0.2989845892120361,0.7010154107879639,231762.8088658139,0.33149942397856424,0.6685005760214358,221013.0745242707,0.41814883287116383,268487.45447022276,326787.65975390363,0.7954028708470806,0.9520760386080886,False,False,False,False,231762.8088658139,221013.0745242707
Dutse,159,358348.72155500005,1031.6293101087522,347.3619041681005,0.5136897001303781,0.35376543048116466,0.6462345695188354,231577.33181172048,0.25007408244000257,0.7499259175599975,268734.99381858547,0.4140999898059826,268487.45447022276,326787.65975390363,0.7954028708470806,0.9520760386080886,False,False,False,False,231577.33181172048,268734.99381858547
Dambatta,118,325436.57773600006,796.6653038716538,408.4984951075882,0.5619295958279009,0.2905241596194171,0.709475840380583,230889.38947982958,0.22570932719708203,0.774290672802918,251982.5067298866,0.34482550986806354,268487.45447022276,326787.65975390363,0.7954028708470806,0.9520760386080886,False,False,False,False,230889.38947982958,251982.5067298866
Egor,16,461129.074834,107.66914733853704,4282.833905836573,0.9478487614080835,0.4996980147264411,0.5003019852735588,230703.7916068097,0.3547257605573508,0.6452742394426492,297554.7130484018,0.5053199829608647,268487.45447022276,326787.65975390363,0.7954028708470806,0.9520760386080886,False,False,False,False,230703.7916068097,297554.7130484018
Otukpo,146,364702.026158,1332.3154421005422,273.7354943383431,0.43285528031290743,0.36820033112670164,0.6317996688732983,230418.6193640454,0.19554013593479483,0.8044598640652052,293388.1423873696,0.3709978632104258,268487.45447022276,326787.65975390363,0.7954028708470806,0.9520760386080886,False,False,False,False,230418.6193640454,293388.1423873696
Gummi,350,303057.82533300004,3250.57069876372,93.23219010380582,0.13428943937418514,0.24335217674935802,0.756647823250642,229308.04385728773,0.07168023285276354,0.9283197671472365,281334.56984527846,0.24426534669569835,268487.45447022276,326787.65975390363,0.7954028708470806,0.9520760386080886,False,False,False,False,229308.04385728773,281334.56984527846
Khana,77,425422.61991999997,517.4245275463652,822.1926044699898,0.7666232073011734,0.4621043326092134,0.5378956673907866,228832.98406500535,0.21149436567195867,0.7885056343280413,335448.1327775168,0.4621043326092134,268487.45447022276,326787.65975390363,0.7954028708470806,0.9520760386080886,False,False,False,True,228832.98406500535,335448.1327775168
AkokoSouth-West,49,351788.414478,505.12693903974,696.4356625816855,0.7157757496740548,0.3496676018700177,0.6503323981299822,228779.4032218219,0.38810108975476654,0.6118989102452335,215258.94745598672,0.43261737375661363,268487.45447022276,326787.65975390363,0.7954028708470806,0.9520760386080886,False,False,False,False,228779.4032218219,215258.94745598672
Bali,639,294749.511175,8509.533477425544,34.63756408702359,0.01303780964797914,0.22714364648650082,0.7728563535134991,227799.03240659685,0.06921993617515806,0.9307800638248419,274346.96882380743,0.22867574057976606,268487.45447022276,326787.65975390363,0.7954028708470806,0.9520760386080886,False,False,False,False,227799.03240659685,274346.96882380743
Safana,145,251413.410764,1348.1856932581952,186.4827760902897,0.31290743155149936,0.09591413687559468,0.9040858631244053,227299.3104716216,0.06706943486298443,0.9329305651370156,234551.25538708316,0.12870234718920903,268487.45447022276,326787.65975390363,0.7954028708470806,0.9520760386080886,True,False,False,False,227299.3104716216,234551.25538708316
Tambuwal,216,321217.19340800005,2198.118653269489,146.13278174507118,0.24511082138200782,0.29289854601184695,0.707101453988153,227133.1445047906,0.03830909466860306,0.9616909053313969,308911.65353655,0.29289854601184695,268487.45447022276,326787.65975390363,0.7954028708470806,0.9520760386080886,False,True,False,False,227133.1445047906,308911.65353655
AhoadaWest,61,343266.82408700004,439.46202889239385,781.1069023463958,0.758800521512386,0.3395319488402193,0.6604680511597807,226716.77033254819,0.2107747985227154,0.7892252014772846,270914.8284005302,0.3403751391190075,268487.45447022276,326787.65975390363,0.7954028708470806,0.9520760386080886,False,False,False,False,226716.77033254819,270914.8284005302
Shomolu,2,386863.21951900003,18.08172238593293,21395.263750978098,0.9934810951760105,0.41444866920152085,0.5855513307984792,226528.27302633467,0.8436198889048211,0.1563801110951789,60497.71324701981,0.8436198889048211,268487.45447022276,326787.65975390363,0.7954028708470806,0.9520760386080886,False,False,False,False,226528.27302633467,60497.71324701981
LagosIsland,21,426613.509105,238.27303745721434,1790.4397142778068,0.8891786179921773,0.4719959627607387,0.5280040372392614,225253.6551482484,0.5983239373023801,0.4016760626976199,171360.43463091162,0.7106358290794886,268487.45447022276,326787.65975390363,0.7954028708470806,0.9520760386080886,False,False,False,False,225253.6551482484,171360.43463091162
Irepodun,116,368105.76057399996,806.4943904257126,456.4269323431912,0.5945241199478487,0.3887841992191814,0.6112158007808186,224992.05722126967,0.4166247536482953,0.5833752463517047,214743.78875833884,0.5086826073291525,268487.45447022276,326787.65975390363,0.7954028708470806,0.9520760386080886,False,False,False,False,224992.05722126967,214743.78875833884
Talata-Mafara,153,306173.90177399997,1010.8957230805427,302.8738719370422,0.4758800521512386,0.26785593291130894,0.7321440670886911,224163.40568122975,0.04865923880414648,0.9513407611958535,291275.7127719816,0.2686426339526152,268487.45447022276,326787.65975390363,0.7954028708470806,0.9520760386080886,False,False,False,False,224163.40568122975,291275.7127719816
Shendam,381,293415.582605,2489.736520096141,117.85005370514861,0.19165580182529335,0.23618977383393294,0.7638102261660671,224113.8225101734,0.09460935613279468,0.9053906438672054,265655.72325541213,0.24766141055241503,268487.45447022276,326787.65975390363,0.7954028708470806,0.9520760386080886,False,False,False,False,224113.8225101734,265655.72325541213
Edu,274,287880.491543,2512.56593015447,114.57629353642528,0.17992177314211213,0.22534669258315948,0.7746533074168405,223007.5749145707,0.053992188864281004,0.946007811135719,272337.19367326825,0.22537366976630127,268487.45447022276,326787.65975390363,0.7954028708470806,0.9520760386080886,False,False,False,False,223007.5749145707,272337.19367326825
Kafur,155,285266.23091,1027.9245209387586,277.51670973806404,0.4367666232073012,0.2214365298017737,0.7785634701982262,222097.8666676581,0.10417346415792927,0.8958265358420707,255549.05942882953,0.2548453759682221,268487.45447022276,326787.65975390363,0.7954028708470806,0.9520760386080886,False,False,False,False,222097.8666676581,255549.05942882953
Mani,124,258868.92121,773.7111535042663,334.58083166765743,0.5045632333767927,0.14364154361758621,0.8563584563824138,221684.5897727763,0.309424739792408,0.6905752602075921,178768.4726242544,0.3454872231216897,268487.45447022276,326787.65975390363,0.7954028708470806,0.9520760386080886,True,False,False,False,221684.5897727763,178768.4726242544
IbadanSouth-East,4,398152.76826,23.23856978488452,17133.273344514415,0.9882659713168188,0.44355057158073347,0.5564494284192665,221551.88032182565,0.8255685368879627,0.17443146311203728,69450.36990969972,0.8471816281135588,268487.45447022276,326787.65975390363,0.7954028708470806,0.9520760386080886,False,False,False,False,221551.88032182565,69450.36990969972
Gada,150,336985.856244,1158.3338545050224,290.9229104660852,0.4602346805736636,0.34395576127798877,0.6560442387220112,221077.6295196801,0.05578815671717845,0.9442118432828216,318186.0364843872,0.34398626568118484,268487.45447022276,326787.65975390363,0.7954028708470806,0.9520760386080886,False,False,False,False,221077.6295196801,318186.0364843872
Maiduguri,18,777957.9625919999,131.23726991268236,5927.873713843695,0.9608865710560626,0.716344275342596,0.28365572465740396,220672.2296320313,0.22087017556385513,0.7791298244361449,606130.2508130058,0.716344275342596,268487.45447022276,326787.65975390363,0.7954028708470806,0.9520760386080886,False,False,False,True,220672.2296320313,606130.2508130058
Fufore,599,275550.026381,4141.405257700279,66.53539299701687,0.06779661016949153,0.2074348674263354,0.7925651325736646,218391.34318933403,0.060189585657437684,0.9398104143425623,258964.78446523158,0.21246622685999467,268487.45447022276,326787.65975390363,0.7954028708470806,0.9520760386080886,False,False,False,False,218391.34318933403,258964.78446523158
Qua'anPan,313,278585.447227,2372.231195503189,117.43604407322849,0.1877444589308996,0.21720037456323252,0.7827996254367675,218076.58374143,0.09685205160380254,0.9031479483961975,251603.87511610222,0.2345033465524257,268487.45447022276,326787.65975390363,0.7954028708470806,0.9520760386080886,False,False,False,False,218076.58374143,251603.87511610222
Ingawa,125,253655.81053800002,762.9262982905344,332.47747666630295,0.5032594524119948,0.1411256773241361,0.8588743226758639,217858.46246862205,0.2894779881969106,0.7105220118030894,180228.03680900307,0.3173585544274986,268487.45447022276,326787.65975390363,0.7954028708470806,0.9520760386080886,True,False,False,False,217858.46246862205,180228.03680900307
Rijau,447,267793.04081100004,3029.345199382934,88.3996451990841,0.11864406779661017,0.19363839279694764,0.8063616072030524,215938.02678615059,0.06188028069198085,0.9381197193080192,251221.93227825628,0.19593192032427775,268487.45447022276,326787.65975390363,0.7954028708470806,0.9520760386080886,True,False,False,False,215938.02678615059,251221.93227825628
Ohafia,74,343246.31305800006,566.1837914118786,606.2453893320668,0.6805736636245111,0.37239430583035593,0.6276056941696441,215423.34057793708,0.3011460598131521,0.6988539401868479,239879.03833519164,0.4242882420702686,268487.45447022276,326787.65975390363,0.7954028708470806,0.9520760386080886,False,False,False,False,215423.34057793708,239879.03833519164
Balanga,241,305401.012759,1796.0051161684867,170.04462292987685,0.2842242503259452,0.2957553008281217,0.7042446991718783,215077.0443572489,0.06684619185859982,0.9331538081414001,284986.11806630116,0.2959685497409416,268487.45447022276,326787.65975390363,0.7954028708470806,0.9520760386080886,False,False,False,False,215077.0443572489,284986.11806630116
Dukku,377,309958.927492,3678.275145552347,84.26746646911187,0.10691003911342895,0.3062880102025208,0.6937119897974793,215022.2243459679,0.028539812945188897,0.9714601870548111,301112.75768068695,0.3073084897464979,268487.45447022276,326787.65975390363,0.7954028708470806,0.9520760386080886,False,True,False,False,215022.2243459679,301112.75768068695
AbaSouth,8,489216.91117000004,50.71209425097238,9646.94750622766,0.970013037809648,0.5628936298454065,0.4371063701545935,213839.82825976095,0.4281481237525345,0.5718518762474655,279759.60854455415,0.5727347269659993,268487.45447022276,326787.65975390363,0.7954028708470806,0.9520760386080886,False,False,False,False,213839.82825976095,279759.60854455415
Obio/Akpor,41,673489.7940989999,273.71865605249974,2460.5184162888163,0.9191655801825294,0.6852514603754846,0.31474853962451543,211979.9291446758,0.5372197141015664,0.46278028589843356,311677.79946281237,0.7378668736134365,268487.45447022276,326787.65975390363,0.7954028708470806,0.9520760386080886,False,False,False,False,211979.9291446758,311677.79946281237
IsokoSouth,107,361825.43074000004,678.3229580113508,533.4117421010912,0.6453715775749674,0.41419972196993693,0.5858002780300631,211957.43792583936,0.3458731218228824,0.6541268781771177,236679.73945504712,0.43941184603261674,268487.45447022276,326787.65975390363,0.7954028708470806,0.9520760386080886,False,False,False,False,211957.43792583936,236679.73945504712
Ogba/Egbema/Ndoni,105,388678.00491699995,697.3557615610873,557.3597098372182,0.6571056062581486,0.45471809893080706,0.5452819010691929,211939.08142492286,0.41777651932316157,0.5822234806768385,226297.46088530504,0.5163914767773761,268487.45447022276,326787.65975390363,0.7954028708470806,0.9520760386080886,False,False,False,False,211939.08142492286,226297.46088530504
Magama,511,273457.36257500004,3748.3589387687953,72.95388916644713,0.0847457627118644,0.2252796401015238,0.7747203598984762,211852.9863509921,0.056764944233959135,0.9432350557660408,257934.57063806462,0.22590954869083,268487.45447022276,326787.65975390363,0.7954028708470806,0.9520760386080886,False,False,False,False,211852.9863509921,257934.57063806462
Owo,104,321474.791448,984.966867423251,326.38132518000606,0.4954367666232073,0.34100762861177963,0.6589923713882204,211849.4351578511,0.3573273885480216,0.6426726114519784,206603.0437358663,0.46552912415925385,268487.45447022276,326787.65975390363,0.7954028708470806,0.9520760386080886,False,False,False,False,211849.4351578511,206603.0437358663
Guma,377,276571.10025200003,2803.515011378231,98.65154961878923,0.14602346805736635,0.236809855493625,0.763190144506375,211076.33796761103,0.05856273380313607,0.941437266196864,260374.3405303017,0.23734338552083684,268487.45447022276,326787.65975390363,0.7954028708470806,0.9520760386080886,False,False,False,False,211076.33796761103,260374.3405303017
Kwali,151,292636.042284,1293.9006443058724,226.1657752253365,0.3728813559322034,0.28249982178648303,0.717500178213517,209966.4124904683,0.0772533017332212,0.9227466982667788,270028.9418114185,0.28254310552998685,268487.45447022276,326787.65975390363,0.7954028708470806,0.9520760386080886,False,False,False,False,209966.4124904683,270028.9418114185
Ofu,204,272183.9812200001,1652.266149491325,164.7337393577881,0.2646675358539765,0.2315187300737506,0.7684812699262494,209168.29154152807,0.12217095497550488,0.8778290450244951,238931.00430531777,0.23302664693799274,268487.45447022276,326787.65975390363,0.7954028708470806,0.9520760386080886,False,False,False,False,209168.29154152807,238931.00430531777
Albasu,70,280794.308503,458.8154988152121,611.9983070059494,0.6831812255541069,0.26092188117964543,0.7390781188203546,207528.92930385954,0.2659760179067402,0.7340239820932598,206109.75647649536,0.3373230733354182,268487.45447022276,326787.65975390363,0.7954028708470806,0.9520760386080886,False,False,False,False,207528.92930385954,206109.75647649536
Ado,124,253837.952163,1042.398904391206,243.5132568671006,0.39895697522816165,0.18317305956757543,0.8168269404324245,207341.67783093543,0.13214051574192387,0.8678594842580761,220295.6742493074,0.19821922681640788,268487.45447022276,326787.65975390363,0.7954028708470806,0.9520760386080886,True,False,False,False,207341.67783093543,220295.6742493074
Pankshin,184,259082.458295,1286.7001127264232,201.35418947467352,0.3363754889178618,0.2021741784086855,0.7978258215913145,206702.67514910584,0.06357745964804289,0.9364225403519572,242610.65375723387,0.20862604913742377,268487.45447022276,326787.65975390363,0.7954028708470806,0.9520760386080886,True,False,False,False,206702.67514910584,242610.65375723387
Dala,3,480253.48640399997,25.048465922139343,19172.970029255284,0.9921773142112125,0.5697439762218381,0.43025602377816186,206631.95546578453,0.32405007977240846,0.6759499202275916,324627.3058238065,0.5697439762218381,268487.45447022276,326787.65975390363,0.7954028708470806,0.9520760386080886,False,False,False,False,206631.95546578453,324627.3058238065
Billiri,121,296672.29553,835.3640642451231,355.14131889080954,0.5202086049543677,0.3054581851720297,0.6945418148279703,206051.31454658613,0.0798990545204887,0.9201009454795113,272968.45961473,0.3056584696004027,268487.45447022276,326787.65975390363,0.7954028708470806,0.9520760386080886,False,False,False,False,206051.31454658613,272968.45961473
BirninKebbi,168,404733.33607900003,1249.3545641119958,323.95394206341456,0.4941329856584094,0.49143262031508644,0.5085673796849135,205834.1722008305,0.1453044401212225,0.8546955598787775,345923.78528164636,0.49143262031508644,268487.45447022276,326787.65975390363,0.7954028708470806,0.9520760386080886,False,False,False,True,205834.1722008305,345923.78528164636
Ohaukwu,84,270670.52780299995,535.4324172215033,505.5176322860297,0.6284224250325945,0.24388554369806636,0.7561144563019336,204657.8989667227,0.12346568095060009,0.8765343190493999,237252.00677454422,0.24626272426692797,268487.45447022276,326787.65975390363,0.7954028708470806,0.9520760386080886,False,False,False,False,204657.8989667227,237252.00677454422
Aguata,26,520755.11586799996,161.86127726678853,3217.292762429294,0.9348109517601043,0.6081439270986903,0.39185607290130975,204061.054647301,0.25583336690225655,0.7441666330977434,387528.5812439148,0.6081439270986903,268487.45447022276,326787.65975390363,0.7954028708470806,0.9520760386080886,False,False,False,True,204061.054647301,387528.5812439148
Kwami,151,286066.06159199995,1652.500074292006,173.11107336231834,0.29335071707953064,0.28721873770320566,0.7127812622967944,203902.52848181827,0.051939104601060763,0.9480608953989392,271208.0464961596,0.2908403153802435,268487.45447022276,326787.65975390363,0.7954028708470806,0.9520760386080886,False,False,False,False,203902.52848181827,271208.0464961596
Oredo,40,463871.920146,261.1642708756623,1776.1691466856307,0.8878748370273793,0.5616113239309628,0.4383886760690372,203356.19693840708,0.3699267455478345,0.6300732544521654,292273.29037536524,0.5819474992792258,268487.45447022276,326787.65975390363,0.7954028708470806,0.9520760386080886,False,False,False,False,203356.19693840708,292273.29037536524
OgbomoshoNorth,32,341423.26250099996,196.07797932543355,1741.262653132174,0.8852672750977836,0.40463714353317504,0.595362856466825,203270.72882681794,0.5642279755456646,0.4357720244543354,148782.70629586471,0.6337634652936608,268487.45447022276,326787.65975390363,0.7954028708470806,0.9520760386080886,False,False,False,False,203270.72882681794,148782.70629586471
Gezawa,55,414942.12145800004,363.39918940351356,1141.8355724433218,0.81877444589309,0.5107541533335461,0.4892458466664539,203008.70953029377,0.394919235591488,0.605080764408512,251073.49603709628,0.5387030802259369,268487.45447022276,326787.65975390363,0.7954028708470806,0.9520760386080886,False,False,False,False,203008.70953029377,251073.49603709628
Jada,243,231190.13433599996,1687.8740795864378,136.9711977522909,0.23076923076923078,0.12248141503834249,0.8775185849616575,202873.63953962218,0.04013320611154573,0.9598667938884543,221911.73302373732,0.128584324153539,268487.45447022276,326787.65975390363,0.7954028708470806,0.9520760386080886,True,True,False,False,202873.63953962218,221911.73302373732
UghelliSouth,120,329414.925881,778.9887829404826,422.8750568622353,0.5775749674054759,0.38593302806750773,0.6140669719324923,202282.82604511204,0.3001001383117271,0.6998998616882729,230557.46106216457,0.4111750959371798,268487.45447022276,326787.65975390363,0.7954028708470806,0.9520760386080886,False,False,False,False,202282.82604511204,230557.46106216457
Gwale,4,563114.01774,23.549089777372682,23912.34748618914,0.9960886571056062,0.6417896348057996,0.35821036519420035,201713.27794061883,0.4125316069784624,0.5874683930215376,330811.68708961946,0.6417896348057996,268487.45447022276,326787.65975390363,0.7954028708470806,0.9520760386080886,False,False,False,True,201713.27794061883,330811.68708961946
Odigbo,240,329117.49918,1878.067165844922,175.24266712364016,0.29986962190352023,0.3873580721369135,0.6126419278630866,201631.179191113,0.26949204687706035,0.7305079531229397,240422.95066292258,0.41335529665116394,268487.45447022276,326787.65975390363,0.7954028708470806,0.9520760386080886,False,False,False,False,201631.179191113,240422.95066292258
Bebeji,117,291364.292162,755.9188302919836,385.443886944127,0.5449804432855281,0.30905186706629334,0.6909481329337066,201317.61367288494,0.2231046554705842,0.7768953445294158,226359.56214276637,0.35840914927109,268487.45447022276,326787.65975390363,0.7954028708470806,0.9520760386080886,False,False,False,False,201317.61367288494,226359.56214276637
Dange-Shuni,114,271188.555066,1194.259659672393,227.07671055421224,0.37809647979139505,0.2580503152283193,0.7419496847716807,201208.26294490625,0.05416798173847914,0.9458320182615209,256498.81836750035,0.2596113627938873,268487.45447022276,326787.65975390363,0.7954028708470806,0.9520760386080886,False,False,False,False,201208.26294490625,256498.81836750035
Song,578,268185.827531,4231.87770608876,63.372773543322964,0.06388526727509779,0.2504632762901028,0.7495367237098972,201015.1265130133,0.08255145367516575,0.9174485463248343,246046.6976132387,0.25493557469028577,268487.45447022276,326787.65975390363,0.7954028708470806,0.9520760386080886,False,False,False,False,201015.1265130133,246046.6976132387
Ushongo,198,259551.334913,1262.5122108818182,205.5832273746588,0.34028683181225555,0.22843005352471163,0.7715699464752883,200262.00958641304,0.08499575210494441,0.9150042478950556,237490.57399222726,0.2286675950008463,268487.45447022276,326787.65975390363,0.7954028708470806,0.9520760386080886,False,False,False,False,200262.00958641304,237490.57399222726
Maradun,168,284094.323617,2322.813747109625,122.3061142851038,0.20208604954367665,0.29698267377544907,0.7030173262245509,199723.23178479564,0.03237815519915813,0.9676218448008419,274895.8735157289,0.298619337265428,268487.45447022276,326787.65975390363,0.7954028708470806,0.9520760386080886,False,True,False,False,199723.23178479564,274895.8735157289
Paikoro,334,234599.19091200002,2206.608259958235,106.31664676014597,0.15645371577574968,0.14899289327856016,0.8510071067214399,199645.57869721184,0.05381142595706641,0.9461885740429336,221975.07392065122,0.1494875577310289,268487.45447022276,326787.65975390363,0.7954028708470806,0.9520760386080886,True,False,False,False,199645.57869721184,221975.07392065122
GwerEast,374,251917.09317299997,2470.679223925461,101.96268731832755,0.14863102998696218,0.20838265904551082,0.7916173409544892,199421.93943859453,0.09416166266690733,0.9058383373330927,228196.1608256161,0.21165792159689792,268487.45447022276,326787.65975390363,0.7954028708470806,0.9520760386080886,False,False,False,False,199421.93943859453,228196.1608256161
Andoni,32,325212.449944,187.48254750718286,1734.627858795979,0.8839634941329857,0.38706356740738435,0.6129364325926157,199334.55890337995,0.2048441065424716,0.7951558934575285,258594.59619873305,0.3889598978665365,268487.45447022276,326787.65975390363,0.7954028708470806,0.9520760386080886,False,False,False,False,199334.55890337995,258594.59619873305
Baure,116,281689.6638610001,733.2906652625608,384.14461986931036,0.5423728813559322,0.294147069085028,0.7058529309149719,198831.47484474015,0.021987328590859483,0.9780126714091405,275496.06066103955,0.29540153076383885,268487.45447022276,326787.65975390363,0.7954028708470806,0.9520760386080886,False,True,False,False,198831.47484474015,275496.06066103955
BarkinLadi,135,256350.20171599998,852.2518370335439,300.79160944760775,0.47327249022164275,0.22556003002305866,0.7744399699769413,198527.84252052187,0.07755597983304544,0.9224440201669546,236468.71064151675,0.22623623531990544,268487.45447022276,326787.65975390363,0.7954028708470806,0.9520760386080886,False,False,False,False,198527.84252052187,236468.71064151675
IbadanNorth-East,2,333290.27585,17.995184612912798,18521.081223631405,0.9908735332464146,0.404477999198414,0.595522000801586,198481.6919219045,0.8898104265402845,0.11018957345971547,36725.11333418241,0.8898104265402845,268487.45447022276,326787.65975390363,0.7954028708470806,0.9520760386080886,False,False,False,False,198481.6919219045,36725.11333418241
AhoadaEast,55,286703.50746299996,352.70118002999345,812.8793542415109,0.7653194263363755,0.31320385509384446,0.6867961449061555,196906.86365666156,0.288373340577628,0.711626659422372,204025.85926057177,0.3464103390547923,268487.45447022276,326787.65975390363,0.7954028708470806,0.9520760386080886,False,False,False,False,196906.86365666156,204025.85926057177
Eleme,20,362129.35953700007,123.99337449305416,2920.554110391485,0.9295958279009127,0.4568582716028732,0.5431417283971268,196687.56624227078,0.28648600998961443,0.7135139900103855,258384.36422315036,0.468851917356439,268487.45447022276,326787.65975390363,0.7954028708470806,0.9520760386080886,False,False,False,False,196687.56624227078,258384.36422315036
Borgu,937,261896.85789900002,10254.85941715754,25.53880528686887,0.009126466753585397,0.2502631230851001,0.7497368769148999,196353.7323150216,0.07781586513889135,0.9221841348611086,241517.12732443205,0.2527529811402087,268487.45447022276,326787.65975390363,0.7954028708470806,0.9520760386080886,False,False,False,False,196353.7323150216,241517.12732443205
Bokkos,227,254253.212282,1525.7930179817351,166.6367648072719,0.2711864406779661,0.23109035697106403,0.7689096430289359,195497.7466947129,0.09234497994272277,0.9076550200572773,230774.20449344587,0.23130537801364262,268487.45447022276,326787.65975390363,0.7954028708470806,0.9520760386080886,False,False,False,False,195497.7466947129,230774.20449344587
Musawa,135,241457.64352399998,860.4829915146887,280.6071077581296,0.439374185136897,0.19149866051295517,0.8085013394870448,195218.82821853936,0.24978922765942901,0.750210772340571,181144.1252356743,0.31203059415778045,268487.45447022276,326787.65975390363,0.7954028708470806,0.9520760386080886,True,False,False,False,195218.82821853936,181144.1252356743
Ogbaru,60,301450.32521100005,397.59460042982585,758.1851586644096,0.7483702737940026,0.35299701868142935,0.6470029813185707,195039.25913096973,0.14851955845084716,0.8514804415491528,256679.05601579804,0.35307195932905977,268487.45447022276,326787.65975390363,0.7954028708470806,0.9520760386080886,False,False,False,False,195039.25913096973,256679.05601579804
Maiyama,125,253919.10871299997,1475.822683323599,172.05258570844444,0.2920469361147327,0.23192994025331343,0.7680700597466865,195027.66500001927,0.04439279081786497,0.955607209182135,242646.93083524506,0.23192994025331343,268487.45447022276,326787.65975390363,0.7954028708470806,0.9520760386080886,False,True,False,False,195027.66500001927,242646.93083524506
ArewaDandi,375,263482.941683,4842.712176060112,54.40813579331117,0.03650586701434159,0.2600299905114317,0.7399700094885683,194969.4748572454,0.03183948185484114,0.9681605181451589,255093.78134222399,0.2600299905114317,268487.45447022276,326787.65975390363,0.7954028708470806,0.9520760386080886,False,True,False,False,194969.4748572454,255093.78134222399
IbadanSouth-West,7,437389.954699,40.0931486157055,10909.344109922644,0.9765319426336375,0.55476202892954,0.44523797107046004,194742.6159967832,0.6227768868555852,0.3772231131444148,164993.60036965134,0.7179971792240889,268487.45447022276,326787.65975390363,0.7954028708470806,0.9520760386080886,False,False,False,False,194742.6159967832,164993.60036965134
Kaita,149,259433.56674399995,961.8769201161525,269.7159702227513,0.4276401564537158,0.25048774806811935,0.7495122519318806,194448.63683701528,0.1068831473694884,0.8931168526305115,231704.490597109,0.27967005362461705,268487.45447022276,326787.65975390363,0.7954028708470806,0.9520760386080886,False,False,False,False,194448.63683701528,231704.490597109
Okpokwu,88,249109.30424199998,724.0685048006615,344.04107151516087,0.5097783572359843,0.2195355736280263,0.7804644263719737,194420.950239154,0.16844495739291457,0.8315550426070855,207148.0981027777,0.24001840547050585,268487.45447022276,326787.65975390363,0.7954028708470806,0.9520760386080886,False,False,False,False,194420.950239154,207148.0981027777
Mainland,3,388454.738273,22.820031529031734,17022.532934663406,0.9869621903520208,0.5000315133567,0.49996848664329996,194215.12762377097,0.7886381853359393,0.21136181466406068,82104.49839623402,0.7886381853359393,268487.45447022276,326787.65975390363,0.7954028708470806,0.9520760386080886,False,False,False,False,194215.12762377097,82104.49839623402
Ajingi,110,259857.50324700004,690.8491026492287,376.1422027625328,0.5371577574967406,0.2538221338568521,0.746177866143148,193899.91727413263,0.2935885447171796,0.7064114552828205,183566.31703487353,0.38367753104768104,268487.45447022276,326787.65975390363,0.7954028708470806,0.9520760386080886,False,False,False,False,193899.91727413263,183566.31703487353
KarimLamido,549,272065.803421,6873.169618271297,39.58374644178046,0.020860495436766623,0.28777850078475525,0.7122214992152447,193771.1143977047,0.07036758482947077,0.9296324151705292,252921.18991957468,0.28818510610564535,268487.45447022276,326787.65975390363,0.7954028708470806,0.9520760386080886,False,False,False,False,193771.1143977047,252921.18991957468
Zaki,265,278432.851188,1684.7783207837044,165.26379034749334,0.2685788787483703,0.310166994618149,0.689833005381851,192072.17053205572,0.04234912515305003,0.95765087484695,266641.46352631884,0.31028953318532493,268487.45447022276,326787.65975390363,0.7954028708470806,0.9520760386080886,False,True,False,False,192072.17053205572,266641.46352631884
Bunkure,72,255966.54248500004,468.6043146593524,546.2317236047487,0.6531942633637549,0.2514233373996926,0.7485766626003074,191610.58011076113,0.18219246503166964,0.8178075349683304,209331.3671440243,0.2752449619131019,268487.45447022276,326787.65975390363,0.7954028708470806,0.9520760386080886,False,False,False,False,191610.58011076113,209331.3671440243
IbadanNorth,4,402140.027734,26.20781810539824,15344.277273168647,0.984354628422425,0.5235732877460448,0.47642671225395516,191590.25127902397,0.46783111455494125,0.5321688854450588,214006.41035204782,0.6891671308604287,268487.45447022276,326787.65975390363,0.7954028708470806,0.9520760386080886,False,False,False,False,191590.25127902397,214006.41035204782
Ringim,129,272020.251036,868.9482754326632,313.04538915225623,0.48239895697522817,0.29583979263996774,0.7041602073600323,191545.83637563777,0.13941593153484264,0.8605840684651573,234096.29434147428,0.34116661033761214,268487.45447022276,326787.65975390363,0.7954028708470806,0.9520760386080886,False,False,False,False,191545.83637563777,234096.29434147428
Funtua,75,329469.13703700004,480.6715993096571,685.4349986772366,0.7105606258148631,0.41872597710936643,0.5812740228906336,191511.85070380245,0.21016155063825204,0.789838449361748,260227.39230985736,0.42175449347924554,268487.45447022276,326787.65975390363,0.7954028708470806,0.9520760386080886,False,False,False,False,191511.85070380245,260227.39230985736
Logo,190,236291.57086900005,1377.497321410283,171.53686413494043,0.2894393741851369,0.1905091218649646,0.8094908781350354,191275.8711986538,0.04696141137781387,0.9530385886221862,225194.9852043111,0.19654334633064524,268487.45447022276,326787.65975390363,0.7954028708470806,0.9520760386080886,True,True,False,False,191275.8711986538,225194.9852043111
Edati,109,229081.18536000003,780.8599174250353,293.3703987719314,0.46284224250325945,0.1653342780236335,0.8346657219763665,191206.21296970625,0.03133283743186555,0.9686671625681345,221903.4218204161,0.16688262312172147,268487.45447022276,326787.65975390363,0.7954028708470806,0.9520760386080886,True,True,False,False,191206.21296970625,221903.4218204161
Baruten,1122,224226.60586299998,9244.580949729574,24.254923731243778,0.00651890482398957,0.15119111335699578,0.8488088866430042,190325.53567831274,0.05642631345793943,0.9435736865420605,211574.32511496448,0.1552187758817667,268487.45447022276,326787.65975390363,0.7954028708470806,0.9520760386080886,True,False,False,False,190325.53567831274,211574.32511496448
Awgu,62,265503.608897,448.8782251921833,591.4824867776265,0.6753585397653195,0.28374199919825205,0.716258000801748,190169.08411421443,0.18327406451732656,0.8167259354826735,216843.6833504282,0.28657921649518064,268487.45447022276,326787.65975390363,0.7954028708470806,0.9520760386080886,False,False,False,False,190169.08411421443,216843.6833504282
Oju,168,245424.99233799998,1095.0397460282875,224.12427788868595,0.3663624511082138,0.22612057493857257,0.7738794250614274,189929.35196623663,0.1363675927754849,0.8636324072245151,211956.9769259251,0.23415291073197297,268487.45447022276,326787.65975390363,0.7954028708470806,0.9520760386080886,False,False,False,False,189929.35196623663,211956.9769259251
Biu,265,263541.433769,3314.3913239649746,79.51427819142609,0.10299869621903521,0.27932414832115643,0.7206758516788436,189927.94723413762,0.12348209881424602,0.876517901185754,230998.78440268827,0.2796078789757547,268487.45447022276,326787.65975390363,0.7954028708470806,0.9520760386080886,False,False,False,False,189927.94723413762,230998.78440268827
OnaAra,33,490689.177753,309.75969915439293,1584.0962497462483,0.8670143415906127,0.6131377781810842,0.38686222181891583,189829.1055280225,0.5302723441454945,0.4697276558545055,230490.27721909145,0.6623524305186107,268487.45447022276,326787.65975390363,0.7954028708470806,0.9520760386080886,False,False,False,False,189829.1055280225,230490.27721909145
Igbo-ezeNorth,52,374679.72798200004,328.6356445762804,1140.106784414958,0.817470664928292,0.4977871430789938,0.5022128569210063,188168.97662022573,0.2210758457161723,0.7789241542838277,291847.09024567396,0.4977871430789938,268487.45447022276,326787.65975390363,0.7954028708470806,0.9520760386080886,False,False,False,False,188168.97662022573,291847.09024567396
AkokoNorth-West,46,294932.021288,549.5894343169952,536.6406318464403,0.6466753585397653,0.36205459508969934,0.6379454049103006,188150.52774158656,0.31159779399178383,0.6884022060082162,203031.8540771214,0.42666385197339607,268487.45447022276,326787.65975390363,0.7954028708470806,0.9520760386080886,False,False,False,False,188150.52774158656,203031.8540771214
Bindawa,60,227307.93624,391.6503602270761,580.3848517034645,0.6688396349413298,0.1743936069756135,0.8256063930243864,187666.88534492362,0.3266364831292177,0.6733635168707823,153060.87135920595,0.3815552717377141,268487.45447022276,326787.65975390363,0.7954028708470806,0.9520760386080886,True,False,False,False,187666.88534492362,153060.87135920595
Yakurr,89,277718.58958300005,668.1543758679456,415.65033413459,0.5684485006518905,0.32541575731548705,0.674584242684513,187344.58443325918,0.26601000487974946,0.7339899951202505,203842.66621282906,0.40616678548720947,268487.45447022276,326787.65975390363,0.7954028708470806,0.9520760386080886,False,False,False,False,187344.58443325918,203842.66621282906
Mbatoli,28,326085.190256,191.28347829771226,1704.722191158001,0.8813559322033898,0.42565332610191947,0.5743466738980805,187285.94443095636,0.23624913792930471,0.7637508620706953,249047.84516650668,0.42565332610191947,268487.45447022276,326787.65975390363,0.7954028708470806,0.9520760386080886,False,False,False,False,187285.94443095636,249047.84516650668
Kaltungo,143,248400.440172,1056.711264214087,235.0693596104931,0.38461538461538464,0.24616511536711155,0.7538348846328884,187252.91715981832,0.0681301273033229,0.9318698726966771,231476.8865608802,0.24986883487775965,268487.45447022276,326787.65975390363,0.7954028708470806,0.9520760386080886,False,False,False,False,187252.91715981832,231476.8865608802
Bakura,207,275813.84369799995,2357.541618786806,116.9921419414577,0.18513689700130379,0.321774905280432,0.678225094719568,187063.87026704414,0.11613290226556196,0.8838670977344381,243782.78154433114,0.3391613103979011,268487.45447022276,326787.65975390363,0.7954028708470806,0.9520760386080886,False,False,False,False,187063.87026704414,243782.78154433114
Kanam,303,232268.150458,3005.6489922076257,77.2772040448412,0.09517601043024772,0.19696383442877405,0.8030361655712259,186519.7249281129,0.06892816954582229,0.9310718304541777,216258.3320031364,0.2007359445342414,268487.45447022276,326787.65975390363,0.7954028708470806,0.9520760386080886,True,False,False,False,186519.7249281129,216258.3320031364
Tsanyawa,63,228805.74104899997,411.74978733271934,555.6912185217736,0.6558018252933507,0.18599731992995297,0.8140026800700471,186248.48642929917,0.3420626708389874,0.6579373291610127,150539.83816248534,0.3941034875946117,268487.45447022276,326787.65975390363,0.7954028708470806,0.9520760386080886,True,False,False,False,186248.48642929917,150539.83816248534
Daura,48,334189.996727,313.1278837899874,1067.2636134542997,0.8109517601043025,0.4432248823004767,0.5567751176995233,186068.6747616787,0.2818412132303953,0.7181587867696047,240001.48260000045,0.5032093531527957,268487.45447022276,326787.65975390363,0.7954028708470806,0.9520760386080886,False,False,False,False,186068.6747616787,240001.48260000045
NnewiSouth,26,313210.425504,168.51581752627771,1858.6411062282575,0.8917861799217731,0.4072809768626584,0.5927190231373416,185645.77744116198,0.18249964303466276,0.8175003569653372,256049.63465478513,0.4072809768626584,268487.45447022276,326787.65975390363,0.7954028708470806,0.9520760386080886,False,False,False,False,185645.77744116198,256049.63465478513
Kajola,71,295696.1806259999,584.076914300309,506.26240035565723,0.6310299869621904,0.3734516069680989,0.6265483930319011,185267.96679689104,0.28377783321768957,0.7162221667823104,211784.1591972071,0.3960310573275502,268487.45447022276,326787.65975390363,0.7954028708470806,0.9520760386080886,False,False,False,False,185267.96679689104,211784.1591972071
KiriKasama,110,259179.66018500002,806.8660306702692,321.21771190404144,0.49282920469361147,0.2853273931084,0.7146726068916001,185228.603397693,0.04363737945938215,0.9563626205406178,247869.73900535345,0.2853273931084,268487.45447022276,326787.65975390363,0.7954028708470806,0.9520760386080886,False,True,False,False,185228.603397693,247869.73900535345
Birnin-Magaji/Kiyaw,96,254356.90699400002,1108.498170579768,229.46082704039645,0.38070404172099087,0.27357718165463224,0.7264228183453678,184770.6612441921,0.036348196398219505,0.9636518036017805,245111.49218333844,0.27482372173175756,268487.45447022276,326787.65975390363,0.7954028708470806,0.9520760386080886,False,True,False,False,184770.6612441921,245111.49218333844
Mashi,128,228447.79875899997,809.846732039271,282.0876960060661,0.44198174706649285,0.19346595503840092,0.8065340449615991,184250.92719566962,0.16729154390382953,0.8327084560961705,190230.41380317553,0.2815449371204347,268487.45447022276,326787.65975390363,0.7954028708470806,0.9520760386080886,True,False,False,False,184250.92719566962,190230.41380317553
Wase,489,233423.7394,6182.393489022242,37.75620879105779,0.01955671447196871,0.2125490193965682,0.7874509806034318,183809.7524866499,0.06854897520622596,0.9314510247937741,217422.78127532484,0.21296551715305892,268487.45447022276,326787.65975390363,0.7954028708470806,0.9520760386080886,False,False,False,False,183809.7524866499,217422.78127532484
IsialaMbano,29,309024.25298,182.66625262963066,1691.7424457519776,0.8761408083441982,0.40852148330114546,0.5914785166988545,182781.20677658197,0.2218026237986388,0.7781973762013612,240481.86285162167,0.40852148330114546,268487.45447022276,326787.65975390363,0.7954028708470806,0.9520760386080886,False,False,False,False,182781.20677658197,240481.86285162167
Bagwai,59,240166.42944500002,382.80436124606115,627.3868684861312,0.6910039113428944,0.2392273237022074,0.7607726762977927,182712.05728575765,0.30112899657964426,0.6988710034203558,167845.35353411126,0.3725661368585826,268487.45447022276,326787.65975390363,0.7954028708470806,0.9520760386080886,False,False,False,False,182712.05728575765,167845.35353411126
Bende,86,287008.20237199997,601.3154766156939,477.3005411191661,0.6127770534550195,0.364843812494089,0.6351561875059111,182295.0356015245,0.28151329150326015,0.7184867084967399,206211.57863382448,0.3872639977214125,268487.45447022276,326787.65975390363,0.7954028708470806,0.9520760386080886,False,False,False,False,182295.0356015245,206211.57863382448
IlorinWest,15,467218.585856,98.23724136120512,4756.023066019333,0.9569752281616688,0.6105094993713387,0.3894905006286613,181977.20090806863,0.39959598365601795,0.6004040163439821,280519.91545849806,0.6390493233420658,268487.45447022276,326787.65975390363,0.7954028708470806,0.9520760386080886,False,False,False,False,181977.20090806863,280519.91545849806
Kiyawa,171,249747.925826,1103.2750498250132,226.36959465874958,0.3741851368970013,0.2738339621062843,0.7261660378937157,181358.46176924,0.10770921630363786,0.8922907836963622,222847.77246182246,0.288054972632403,268487.45447022276,326787.65975390363,0.7954028708470806,0.9520760386080886,False,False,False,False,181358.46176924,222847.77246182246
Burutu,263,264610.81528,1733.2110221074317,152.67085883071329,0.2516297262059974,0.3146441359439538,0.6853558640560462,181352.57394479922,0.23728682383498956,0.7627131761650104,201822.15536982167,0.3349679055055835,268487.45447022276,326787.65975390363,0.7954028708470806,0.9520760386080886,False,False,False,False,181352.57394479922,201822.15536982167
IkaNorth-East,55,272345.21787099994,503.8791802594908,540.4970646549555,0.6479791395045632,0.3342286146578475,0.6657713853421525,181319.652993286,0.22425535336308652,0.7757446466369134,211270.34480059205,0.3407795944308768,268487.45447022276,326787.65975390363,0.7954028708470806,0.9520760386080886,False,False,False,False,181319.652993286,211270.34480059205
IbionoIbom,53,269821.420072,314.2798602666441,858.5386917350534,0.7796610169491526,0.3282916032040524,0.6717083967959476,181241.31349776904,0.2031507480006539,0.7968492519993461,215006.99675777456,0.32854742402723697,268487.45447022276,326787.65975390363,0.7954028708470806,0.9520760386080886,False,False,False,False,181241.31349776904,215006.99675777456
Dutsinma,87,249614.200806,544.6972737904437,458.26225468136226,0.6010430247718384,0.2760773014608239,0.7239226985391761,180701.38584117932,0.23817616541993467,0.7618238345800653,190162.04762366536,0.3933741877234986,268487.45447022276,326787.65975390363,0.7954028708470806,0.9520760386080886,False,False,False,False,180701.38584117932,190162.04762366536
Ganye,222,236027.69771600002,1847.7043300156436,127.7410535234291,0.2138200782268579,0.23489889449777163,0.7651011055022283,180585.0524516574,0.11037327655480396,0.889626723445196,209976.54736139826,0.24418476606655176,268487.45447022276,326787.65975390363,0.7954028708470806,0.9520760386080886,False,False,False,False,180585.0524516574,209976.54736139826
Sanga,183,231704.844161,1316.9898617555682,175.93517679181963,0.3011734028683181,0.22224475612286493,0.7777552438771351,180209.65757795214,0.0638059962641919,0.9361940037358081,216920.68574006806,0.22228584583247588,268487.45447022276,326787.65975390363,0.7954028708470806,0.9520760386080886,False,False,False,False,180209.65757795214,216920.68574006806
Ngala,59,347063.86326500005,1207.1028833760588,287.5180467586344,0.4498044328552803,0.4819144726687533,0.5180855273312467,179808.76461726724,0.15305281068880605,0.846947189311194,293944.76350377634,0.4819144726687533,268487.45447022276,326787.65975390363,0.7954028708470806,0.9520760386080886,False,False,False,False,179808.76461726724,293944.76350377634
Orhionmwon,280,253311.161598,2303.7813982972225,109.95451295215253,0.16558018252933507,0.2929036998244171,0.7070963001755829,179115.385159125,0.15491293043602006,0.8450870695639799,214069.9872427016,0.30133651162735564,268487.45447022276,326787.65975390363,0.7954028708470806,0.9520760386080886,False,False,False,False,179115.385159125,214069.9872427016
Akpabuyo,92,318117.539874,611.8355641386491,519.9396022718137,0.6388526727509778,0.43996047534106686,0.5600395246589331,178158.39581670417,0.25841713671442895,0.741582863285571,235910.51608112274,0.44113208688763805,268487.45447022276,326787.65975390363,0.7954028708470806,0.9520760386080886,False,False,False,False,178158.39581670417,235910.51608112274
UmuahiaNorth,38,339791.10345199995,229.7038741752088,1479.2571726187825,0.8539765319426337,0.4803188396462204,0.5196811603537796,176583.03491982652,0.38128208358657034,0.6187179164134297,210234.84354364153,0.5288112807016258,268487.45447022276,326787.65975390363,0.7954028708470806,0.9520760386080886,False,False,False,False,176583.03491982652,210234.84354364153
Maigatari,157,237567.21268,1095.8547015103013,216.78714555185655,0.3559322033898305,0.2572702138756644,0.7427297861243356,176448.24506397094,0.02715182881264044,0.9728481711873596,231116.82838981648,0.2572702138756644,268487.45447022276,326787.65975390363,0.7954028708470806,0.9520760386080886,False,True,False,False,176448.24506397094,231116.82838981648
EkitiSouth-West,39,226725.83362200003,305.02007405950775,743.3144665021853,0.7353324641460235,0.2234384757656458,0.7765615242343542,176066.55894080494,0.3324209710009585,0.6675790289990415,151357.41185837303,0.3777577147655772,268487.45447022276,326787.65975390363,0.7954028708470806,0.9520760386080886,False,False,False,False,176066.55894080494,151357.41185837303
EnuguEast,39,367778.95282000006,329.78902535820276,1115.1946382100928,0.8135593220338984,0.5215064854847783,0.4784935145152217,175979.84369956973,0.3489474926079312,0.6510525073920688,239443.4093994904,0.5672059924357158,268487.45447022276,326787.65975390363,0.7954028708470806,0.9520760386080886,False,False,False,False,175979.84369956973,239443.4093994904
Ogoja,152,244044.16113999998,972.94409111454,250.83061130515654,0.4106910039113429,0.2800410805925605,0.7199589194074395,175701.77054204943,0.2340778768373038,0.7659221231626963,186918.82204580796,0.31250683334471024,268487.45447022276,326787.65975390363,0.7954028708470806,0.9520760386080886,False,False,False,False,175701.77054204943,186918.82204580796
Etche,87,369813.05022300006,566.2324003260082,653.1117788563146,0.7014341590612777,0.5256255970212602,0.4743744029787398,175429.84491328237,0.3677573020545099,0.63224269794549,233811.60060844055,0.5256668604190922,268487.45447022276,326787.65975390363,0.7954028708470806,0.9520760386080886,False,False,False,False,175429.84491328237,233811.60060844055
Atiba,123,234779.41151499999,1664.9806138872998,141.01029739130155,0.23989569752281617,0.25319048608099637,0.7468095139190036,175335.49819170687,0.14966776609087604,0.8503322339091239,199640.50146941943,0.25469836850667027,268487.45447022276,326787.65975390363,0.7954028708470806,0.9520760386080886,False,False,False,False,175335.49819170687,199640.50146941943
Odukpani,161,255862.76502299999,1115.550056621867,229.36018290188534,0.379400260756193,0.315632450814028,0.684367549185972,175104.17342673673,0.17980021049215317,0.8201997895078468,209858.58601476025,0.3188049970205265,268487.45447022276,326787.65975390363,0.7954028708470806,0.9520760386080886,False,False,False,False,175104.17342673673,209858.58601476025
EthiopeEast,62,287564.534111,386.80769771395836,743.4302259508083,0.7366362451108214,0.3926931908578056,0.6073068091421945,174639.89963341315,0.24384575586857185,0.7561542441314282,217443.14292970952,0.3973569350088557,268487.45447022276,326787.65975390363,0.7954028708470806,0.9520760386080886,False,False,False,False,174639.89963341315,217443.14292970952
Batagarawa,69,271070.232645,441.4070222928835,614.1049393299837,0.6857887874837028,0.3571303074916967,0.6428696925083033,174262.83710864538,0.21157811973772347,0.7884218802622766,213717.70250510363,0.41924490159193734,268487.45447022276,326787.65975390363,0.7954028708470806,0.9520760386080886,False,False,False,False,174262.83710864538,213717.70250510363
Ezeagu,89,235909.000617,615.9763115229566,382.9838846135693,0.5410691003911343,0.26209335876526507,0.7379066412347349,174078.8182823335,0.14472731466056707,0.8552726853394329,201766.52445344353,0.2668515131177696,268487.45447022276,326787.65975390363,0.7954028708470806,0.9520760386080886,False,False,False,False,174078.8182823335,201766.52445344353
IfeNorth,75,317820.23435099993,973.6765268217662,326.4125462574468,0.49674054758800523,0.4533310940577412,0.5466689059422588,173742.43979897344,0.4825760257457244,0.5174239742542757,164447.80875631966,0.6187242404979868,268487.45447022276,326787.65975390363,0.7954028708470806,0.9520760386080886,False,False,False,False,173742.43979897344,164447.80875631966
Egbeda,28,437683.9481539999,188.61489289319587,2320.516378321412,0.910039113428944,0.6036626422043643,0.3963373577956357,173470.49956091834,0.5087606243083739,0.4912393756916261,215007.589441417,0.6642509359288362,268487.45447022276,326787.65975390363,0.7954028708470806,0.9520760386080886,False,False,False,False,173470.49956091834,215007.589441417
Argungu,152,281841.00488200004,1203.2743866721896,234.22837550915352,0.3833116036505867,0.38473643898219034,0.6152635610178097,173406.5003045372,0.047985976031082414,0.9520140239689175,268316.5891771562,0.38479855801871243,268487.45447022276,326787.65975390363,0.7954028708470806,0.9520760386080886,False,False,False,False,173406.5003045372,268316.5891771562
Rimi,71,227800.540746,471.57193842587316,483.0663620621866,0.6166883963494133,0.2403359340919144,0.7596640659080856,173051.88499916688,0.11654525932924326,0.8834547406707567,201251.46764941557,0.2847548125007943,268487.45447022276,326787.65975390363,0.7954028708470806,0.9520760386080886,False,False,False,False,173051.88499916688,201251.46764941557
Karaye,68,222073.945496,448.076509792671,495.61612948368037,0.6245110821382008,0.22086465849835382,0.7791353415016462,173025.65936264393,0.18067439873051414,0.8193256012694858,181950.8689197972,0.2781302471183705,268487.45447022276,326787.65975390363,0.7954028708470806,0.9520760386080886,False,False,False,False,173025.65936264393,181950.8689197972
SabonGari,37,413997.31115,244.04134515917593,1696.4228372039595,0.878748370273794,0.5823175338975366,0.4176824661024634,172919.41788092087,0.30689374757643356,0.6931062524235665,286944.1248446097,0.5826564437331867,268487.45447022276,326787.65975390363,0.7954028708470806,0.9520760386080886,False,False,False,False,172919.41788092087,286944.1248446097
Badagry,72,333178.917472,493.2596796744419,675.4635158744429,0.7053455019556715,0.481153355543805,0.518846644456195,172868.76333389472,0.38746670918095544,0.6125332908190446,204083.17875065104,0.5129797724955965,268487.45447022276,326787.65975390363,0.7954028708470806,0.9520760386080886,False,False,False,False,172868.76333389472,204083.17875065104
Jega,56,283736.828878,901.3983949649878,314.7740560254946,0.485006518904824,0.391557105748916,0.608442894251084,172637.65736815485,0.1050414863489601,0.8949585136510398,253932.69064071428,0.391557105748916,268487.45447022276,326787.65975390363,0.7954028708470806,0.9520760386080886,False,False,False,False,172637.65736815485,253932.69064071428
Emuoha,115,323144.23975199996,743.2218895620856,434.78837785899987,0.5827900912646675,0.4660474312376615,0.5339525687623385,172543.69689633336,0.4295742915367888,0.5704257084632112,184329.78189634034,0.4986376301653043,268487.45447022276,326787.65975390363,0.7954028708470806,0.9520760386080886,False,False,False,False,172543.69689633336,184329.78189634034
Bodinga,80,244029.28696199998,552.3439611186682,441.8067438770668,0.5867014341590613,0.2948478126559463,0.7051521873440537,172077.78547726406,0.04723181940164841,0.9527681805983516,232503.33975149776,0.2948478126559463,268487.45447022276,326787.65975390363,0.7954028708470806,0.9520760386080886,False,True,False,False,172077.78547726406,232503.33975149776
Olamaboro,180,227775.052868,1205.1524923330676,189.00102212546383,0.318122555410691,0.24506552708375667,0.7549344729162433,171955.239480373,0.18472802995076174,0.8152719700492382,185698.61607976374,0.25382298324358166,268487.45447022276,326787.65975390363,0.7954028708470806,0.9520760386080886,False,False,False,False,171955.239480373,185698.61607976374
YolaSouth,58,283060.6835839999,368.6369494441115,767.8576008477803,0.7535853976531942,0.39309700322011976,0.6069029967798802,171790.37713769102,0.21554219173587114,0.7844578082641289,222049.1634500507,0.39328978666302084,268487.45447022276,326787.65975390363,0.7954028708470806,0.9520760386080886,False,False,False,False,171790.37713769102,222049.1634500507
Makurdi,128,422046.25127899996,833.8715213112602,506.12863072159325,0.6297262059973925,0.5937983727399572,0.40620162726004283,171435.8740485307,0.28323266404850905,0.716767335951491,302508.96717756236,0.5949967416710102,268487.45447022276,326787.65975390363,0.7954028708470806,0.9520760386080886,False,False,False,False,171435.8740485307,302508.96717756236
Ori-Ire,257,224148.150708,1903.0662537234123,117.78263119817647,0.19035202086049544,0.23517350177289598,0.764826498227104,171434.44519008082,0.106532060847058,0.893467939152942,200269.18627801983,0.24115302368157884,268487.45447022276,326787.65975390363,0.7954028708470806,0.9520760386080886,False,False,False,False,171434.44519008082,200269.18627801983
Shanono,100,210499.72655899997,622.3163754514862,338.25194846637913,0.5071707953063885,0.18833976141834755,0.8116602385816525,170854.25828025053,0.3272793301295209,0.6727206698704791,141607.51705832314,0.3965650290905218,268487.45447022276,326787.65975390363,0.7954028708470806,0.9520760386080886,True,False,False,False,170854.25828025053,141607.51705832314
Goronyo,156,256962.503846,1645.1343414241524,156.19545308594914,0.25554106910039115,0.33566756274325193,0.6643324372567481,170708.52646360968,0.06111594800344081,0.9388840519965592,241257.99682211393,0.33566802026841425,268487.45447022276,326787.65975390363,0.7954028708470806,0.9520760386080886,False,False,False,False,170708.52646360968,241257.99682211393
Kabo,49,235565.56793699999,313.12502657729186,752.305143130592,0.7405475880052151,0.27543011912327353,0.7245698808767265,170683.7154987705,0.2553971927560365,0.7446028072439634,175402.7831759088,0.3573286404257425,268487.45447022276,326787.65975390363,0.7954028708470806,0.9520760386080886,False,False,False,False,170683.7154987705,175402.7831759088
Jibia,157,227169.08745700002,1084.862595205322,209.39894919504144,0.34810951760104303,0.24894639201636287,0.7510536079836372,170616.16275693028,0.20500731313040002,0.7949926868696,180597.7632111556,0.3132026569199175,268487.45447022276,326787.65975390363,0.7954028708470806,0.9520760386080886,False,False,False,False,170616.16275693028,180597.7632111556
Udenu,38,247780.79528599998,250.18103148429788,990.4060024692618,0.803129074315515,0.31375134113017333,0.6862486588698267,170039.23845871654,0.19210847490562735,0.8078915250943727,200180.00459270307,0.31755322371339856,268487.45447022276,326787.65975390363,0.7954028708470806,0.9520760386080886,False,False,False,False,170039.23845871654,200180.00459270307
KadunaSouth,11,594215.336608,59.80893868410855,9935.226233430642,0.9726205997392438,0.7138847638977518,0.2861152361022482,170014.06132917482,0.5309148944165767,0.4690851055834233,278737.56391205307,0.7358159865703695,268487.45447022276,326787.65975390363,0.7954028708470806,0.9520760386080886,False,False,False,False,170014.06132917482,278737.56391205307
Gwarzo,56,267142.002661,361.8803646831902,738.2052985794647,0.7340286831812256,0.36387609111608826,0.6361239088839117,169935.41495979167,0.19230352055520927,0.8076964794447907,215769.65506112063,0.4160640598993604,268487.45447022276,326787.65975390363,0.7954028708470806,0.9520760386080886,False,False,False,False,169935.41495979167,215769.65506112063
Adavi,65,299661.063796,714.8668298164112,419.1844568770348,0.5736636245110821,0.4342853026571233,0.5657146973428767,169522.6680107986,0.21500262038052348,0.7849973796194765,235233.14985384475,0.43689131337200426,268487.45447022276,326787.65975390363,0.7954028708470806,0.9520760386080886,False,False,False,False,169522.6680107986,235233.14985384475
Mayo-Belwa,338,221551.837916,2166.713275941319,102.2524947698711,0.14993481095176012,0.23503857699274652,0.7649614230072534,169478.60920209571,0.09957023733895251,0.9004297626610475,199491.86883182274,0.24270606057599511,268487.45447022276,326787.65975390363,0.7954028708470806,0.9520760386080886,False,False,False,False,169478.60920209571,199491.86883182274
Ado-Ekiti,43,434413.39112399996,321.9114549506645,1349.4809968492027,0.8396349413298566,0.6109980240482971,0.38900197595170294,168987.66752711596,0.43706227010883986,0.5629377298911602,244547.68823366522,0.6558249367671811,268487.45447022276,326787.65975390363,0.7954028708470806,0.9520760386080886,False,False,False,False,168987.66752711596,244547.68823366522
Shagamu,94,370317.135702,614.4973374097586,602.634239658333,0.6779661016949152,0.5448535230776517,0.45514647692234833,168548.53965874048,0.4872869800922463,0.5127130199077536,189866.41696936183,0.620727637957406,268487.45447022276,326787.65975390363,0.7954028708470806,0.9520760386080886,False,False,False,False,168548.53965874048,189866.41696936183
Sabuwa,89,203652.74497700002,662.5593909053912,307.3728148335614,0.4784876140808344,0.17239139359346484,0.8276086064065351,168544.7644612805,0.04495305634679747,0.9550469436532025,194497.93165686895,0.17414743037001687,268487.45447022276,326787.65975390363,0.7954028708470806,0.9520760386080886,True,True,False,False,168544.7644612805,194497.93165686895
MkpatEnin,50,261313.624855,345.128385372393,757.1490376633119,0.7470664928292047,0.35586460747974696,0.6441353925202531,168321.3543168656,0.2014317470246753,0.7985682529753246,208676.76487910672,0.35586460747974696,268487.45447022276,326787.65975390363,0.7954028708470806,0.9520760386080886,False,False,False,False,168321.3543168656,208676.76487910672
Malumfashi,104,256178.07605700003,658.9340655371906,388.77649442536097,0.5501955671447197,0.34304028758231464,0.6569597124176854,168298.67517412268,0.21710500655105514,0.7828949934489449,200560.53317640832,0.37661485891988694,268487.45447022276,326787.65975390363,0.7954028708470806,0.9520760386080886,False,False,False,False,168298.67517412268,200560.53317640832
CalabarSouth,21,277398.145243,181.7613179990446,1526.1671091340684,0.8591916558018253,0.3936650433634647,0.6063349566365352,168196.1923669697,0.23178932865176693,0.7682106713482331,213100.2153878797,0.3942893264068698,268487.45447022276,326787.65975390363,0.7954028708470806,0.9520760386080886,False,False,False,False,168196.1923669697,213100.2153878797
Uyo,31,449733.5661849999,187.2495256814325,2401.7874787577907,0.9139504563233377,0.6264929538784758,0.3735070461215242,167978.6558474583,0.3318565932077747,0.6681434067922253,300486.51705966255,0.6266900667141763,268487.45447022276,326787.65975390363,0.7954028708470806,0.9520760386080886,False,False,False,False,167978.6558474583,300486.51705966255
Obubra,165,248076.96667300002,1157.0446663183711,214.40569573028,0.3520208604954368,0.3231749993119011,0.6768250006880989,167904.69313915473,0.12492942459503276,0.8750705754049672,217084.853971261,0.32730289166322196,268487.45447022276,326787.65975390363,0.7954028708470806,0.9520760386080886,False,False,False,False,167904.69313915473,217084.853971261
Wurno,70,236060.49806600006,639.699714244284,369.0176700248688,0.5332464146023468,0.28912017001686724,0.7108798299831327,167810.64673089175,0.03879964272448771,0.9612003572755123,226901.43507967464,0.2896708978362587,268487.45447022276,326787.65975390363,0.7954028708470806,0.9520760386080886,False,True,False,False,167810.64673089175,226901.43507967464
Ogbia,115,264009.21413499996,750.0712631320591,351.97884136046144,0.516297262059974,0.3644917397275281,0.635508260272472,167780.03637083634,0.23820793720513822,0.7617920627948618,201120.123832752,0.36803483415476446,268487.45447022276,326787.65975390363,0.7954028708470806,0.9520760386080886,False,False,False,False,167780.03637083634,201120.123832752
Ile-Oluji/Okeigbo,43,230767.39404600003,319.9712409036778,721.2129233685374,0.7249022164276402,0.27314818315199013,0.7268518168480098,167733.69963161572,0.2208426985297432,0.7791573014702569,179804.1000122048,0.2980832966587957,268487.45447022276,326787.65975390363,0.7954028708470806,0.9520760386080886,False,False,False,False,167733.69963161572,179804.1000122048
Rano,69,215445.94947000005,471.10533252802156,457.3201248092118,0.5984354628422425,0.2216971255271925,0.7783028744728075,167682.2017660243,0.15083321916499315,0.8491667808350069,182949.5433553815,0.2509410752147388,268487.45447022276,326787.65975390363,0.7954028708470806,0.9520760386080886,False,False,False,False,167682.2017660243,182949.5433553815
Suleja,20,343712.83837,121.0016594173334,2840.563013971058,0.9269882659713168,0.5133214661774121,0.48667853382258786,167277.66023391174,0.336404054869105,0.663595945130895,228086.4458317627,0.5133214661774121,268487.45447022276,326787.65975390363,0.7954028708470806,0.9520760386080886,False,False,False,False,167277.66023391174,228086.4458317627
Garki,186,208659.370056,1293.260587729975,161.34363950752888,0.2620599739243807,0.19905638985354607,0.800943610146454,167124.38914353756,0.03849254235286863,0.9615074576471314,200627.54041679655,0.20730878086105056,268487.45447022276,326787.65975390363,0.7954028708470806,0.9520760386080886,True,True,False,False,167124.38914353756,200627.54041679655
YewaNorth,289,262843.480674,1959.8993768366724,134.11070169236754,0.22816166883963493,0.36482800564756196,0.6351719943524381,166950.8178222411,0.19683316236282775,0.8031668376371722,211107.16716648376,0.37401670764153994,268487.45447022276,326787.65975390363,0.7954028708470806,0.9520760386080886,False,False,False,False,166950.8178222411,211107.16716648376
Giade,103,231841.68258,653.0812552996114,354.9966879291903,0.5189048239895697,0.2811865636000199,0.7188134363999801,166650.9165560832,0.08711152934681426,0.9128884706531857,211645.59904411752,0.30397522177760744,268487.45447022276,326787.65975390363,0.7954028708470806,0.9520760386080886,False,False,False,False,166650.9165560832,211645.59904411752
Guyuk,96,245027.018447,694.3549787851196,352.8843688508036,0.5176010430247718,0.32093683846904336,0.6790631615309566,166388.82180712384,0.06087656922812521,0.9391234307718748,230110.6141957501,0.32100849945298293,268487.45447022276,326787.65975390363,0.7954028708470806,0.9520760386080886,False,False,False,False,166388.82180712384,230110.6141957501
Doguwa,169,227902.48499399997,1439.287791826822,158.3439297464851,0.258148631029987,0.2716731963092479,0.7283268036907521,165987.4884488596,0.08043643833285909,0.9195635616671409,209570.82081387474,0.2802480906136913,268487.45447022276,326787.65975390363,0.7954028708470806,0.9520760386080886,False,False,False,False,165987.4884488596,209570.82081387474
Isi-Uzo,125,212010.403706,890.3562522208034,238.11862181816028,0.39374185136897,0.2190043468933905,0.7809956531066096,165579.20370776343,0.17525235478904863,0.8247476452109513,174855.08121674665,0.23236180484581961,268487.45447022276,326787.65975390363,0.7954028708470806,0.9520760386080886,False,False,False,False,165579.20370776343,174855.08121674665
Kaura,74,258947.470973,506.09184439526217,511.6610232722101,0.6349413298565841,0.36067976760736986,0.6393202323926301,165550.3573199422,0.0984447597816692,0.9015552402183308,233455.44939699225,0.3623803189563219,268487.45447022276,326787.65975390363,0.7954028708470806,0.9520760386080886,False,False,False,False,165550.3573199422,233455.44939699225
Ohaji/Egbema,141,271917.31080900005,1146.9006339893565,237.08881375640036,0.39113428943937417,0.3916694476543968,0.6083305523456032,165415.60787677005,0.3135204739520933,0.6864795260479066,186665.66664838366,0.4195572834311817,268487.45447022276,326787.65975390363,0.7954028708470806,0.9520760386080886,False,False,False,False,165415.60787677005,186665.66664838366
Ishielu,138,216677.986462,912.2911698016998,237.50968291088276,0.3924380704041721,0.24292723573768846,0.7570727642623115,164041.00216557804,0.15820492321516724,0.8417950767848328,182398.46225136225,0.24867445945844763,268487.45447022276,326787.65975390363,0.7954028708470806,0.9520760386080886,False,False,False,False,164041.00216557804,182398.46225136225
Anaocha,19,454233.34969299997,105.18566753890414,4318.395845375003,0.9504563233376793,0.6393620552907735,0.3606379447092265,163813.78165167087,0.2579800025096871,0.7420199974903129,337050.2289992162,0.6393620552907735,268487.45447022276,326787.65975390363,0.7954028708470806,0.9520760386080886,False,False,False,True,163813.78165167087,337050.2289992162
AnambraWest,118,213701.61865299995,740.3019006019676,288.66820209326903,0.45241199478487615,0.23489606415692244,0.7651039358430776,163503.9495274467,0.07062072722812354,0.9293792727718765,198609.85493389796,0.23489606415692244,268487.45447022276,326787.65975390363,0.7954028708470806,0.9520760386080886,False,False,False,False,163503.9495274467,198609.85493389796
Karu,370,333936.184987,2646.629361488707,126.17414052988653,0.21251629726205998,0.5106188250795648,0.4893811749204352,163422.08255738587,0.23183663565707882,0.7681633643429212,256517.54333545401,0.5107267454421455,268487.45447022276,326787.65975390363,0.7954028708470806,0.9520760386080886,False,False,False,False,163422.08255738587,256517.54333545401
Zuru,82,243389.32644599996,521.2471864958563,466.9364799495849,0.6075619295958279,0.3288651893218262,0.6711348106781738,163347.04952542443,0.13863595403744416,0.8613640459625558,209646.8149716278,0.34732314183136026,268487.45447022276,326787.65975390363,0.7954028708470806,0.9520760386080886,False,False,False,False,163347.04952542443,209646.8149716278
OsisiomaNgwa,29,303451.196546,191.87088244418072,1581.5385465498152,0.8657105606258149,0.46346172559866466,0.5365382744013354,162813.1813598113,0.31246814024889735,0.6875318597511026,208632.36550496877,0.47273724321030214,268487.45447022276,326787.65975390363,0.7954028708470806,0.9520760386080886,False,False,False,False,162813.1813598113,208632.36550496877
Iwo,46,281478.524108,299.48570611512355,939.8729834531684,0.7900912646675359,0.4223297711208595,0.5776702288791404,162601.763446031,0.5015566907422012,0.4984433092577988,140301.0870413926,0.5880596721330964,268487.45447022276,326787.65975390363,0.7954028708470806,0.9520760386080886,False,False,False,False,162601.763446031,140301.0870413926
Kibiya,59,210142.591308,372.75141755297096,563.7606764517188,0.6623207301173403,0.23124459948959342,0.7687554005104066,161548.25194527622,0.14728507100607582,0.8527149289939242,179191.72482580045,0.2717501343042929,268487.45447022276,326787.65975390363,0.7954028708470806,0.9520760386080886,False,False,False,False,161548.25194527622,179191.72482580045
MalamMaduri,120,227434.51370599997,784.3542424740971,289.9640256787556,0.455019556714472,0.2917877355581989,0.7082122644418011,161071.91196394607,0.10390032390550888,0.8960996760944911,203803.9940646547,0.2917877355581989,268487.45447022276,326787.65975390363,0.7954028708470806,0.9520760386080886,False,False,False,False,161071.91196394607,203803.9940646547
Rabah,250,214837.17152099998,2644.840038815902,81.2287958318957,0.10430247718383312,0.2506068658073903,0.7493931341926097,160997.50130719744,0.08868122709567777,0.9113187729043222,195785.1475247531,0.27679849242228394,268487.45447022276,326787.65975390363,0.7954028708470806,0.9520760386080886,False,False,False,False,160997.50130719744,195785.1475247531
Kankia,124,201179.91599299997,850.0514339978873,236.66793319414597,0.38852672750977835,0.20407546490764977,0.7959245350923503,160124.03110664658,0.31217360326834775,0.6878263967316522,138376.85671224166,0.3889459401308939,268487.45447022276,326787.65975390363,0.7954028708470806,0.9520760386080886,True,False,False,False,160124.03110664658,138376.85671224166
NkanuEast,118,219909.90249399998,827.0783734544532,265.8876226874409,0.423728813559322,0.2743789629041572,0.7256210370958428,159571.25151534192,0.18200045331295292,0.8179995466870471,179886.20055208472,0.28672937011614197,268487.45447022276,326787.65975390363,0.7954028708470806,0.9520760386080886,False,False,False,False,159571.25151534192,179886.20055208472
Anka,207,207263.500538,2405.3771473754205,86.16673720549456,0.11342894393741851,0.23031003542919898,0.7696899645708011,159528.6363859134,0.11478420796519795,0.885215792034802,183472.92378865127,0.23074399301861642,268487.45447022276,326787.65975390363,0.7954028708470806,0.9520760386080886,False,False,False,False,159528.6363859134,183472.92378865127
Potiskum,85,320487.49111799995,551.736480241449,580.8705833222217,0.6701434159061278,0.5023301149728301,0.4976698850271699,159496.97285734117,0.169417924303571,0.8305820756964291,266191.1656075293,0.5023911997486848,268487.45447022276,326787.65975390363,0.7954028708470806,0.9520760386080886,False,False,False,False,159496.97285734117,266191.1656075293
Charanchi,73,179299.898956,462.4679989310472,387.70228290483976,0.5488917861799217,0.1106169403839072,0.8893830596160928,159466.29272234355,0.15051023398966407,0.849489766010336,152313.4292098093,0.2042583528634055,268487.45447022276,326787.65975390363,0.7954028708470806,0.9520760386080886,True,False,False,False,159466.29272234355,152313.4292098093
Makarfi,81,204107.188234,516.7316207075564,394.99651280197963,0.5528031290743155,0.2201894788137075,0.7798105211862925,159164.93283462425,0.08764257951610838,0.9123574204838916,186218.70775939233,0.23147760762282343,268487.45447022276,326787.65975390363,0.7954028708470806,0.9520760386080886,False,False,False,False,159164.93283462425,186218.70775939233
Obafemi-Owode,218,368573.19547700003,1408.4386152677469,261.68921490904563,0.42242503259452413,0.569109862023365,0.430890137976635,158814.5550535738,0.4884896789089438,0.5115103210910562,188528.99356399692,0.6419422670528928,268487.45447022276,326787.65975390363,0.7954028708470806,0.9520760386080886,False,False,False,False,158814.5550535738,188528.99356399692
Garko,73,239795.64528,456.36553881029096,525.4464346828825,0.6427640156453716,0.3381169787340301,0.6618830212659699,158716.66618434922,0.21147856698278822,0.7885214330172118,189084.00584747258,0.3752637879980666,268487.45447022276,326787.65975390363,0.7954028708470806,0.9520760386080886,False,False,False,False,158716.66618434922,189084.00584747258
Okitipupa,115,337612.51602,771.9296164313267,437.36178640327506,0.5853976531942634,0.5305636586121744,0.46943634138782564,158487.58432716745,0.3209601331777135,0.6790398668222866,229252.35791575786,0.5661726180354416,268487.45447022276,326787.65975390363,0.7954028708470806,0.9520760386080886,False,False,False,False,158487.58432716745,229252.35791575786
WarriSouth,73,362576.89692800003,524.9179634804693,690.7305944036158,0.7144719687092569,0.5648043438745007,0.43519565612549926,157791.89055452848,0.4994950453289748,0.5005049546710252,181471.53336170962,0.6234135616073128,268487.45447022276,326787.65975390363,0.7954028708470806,0.9520760386080886,False,False,False,False,157791.89055452848,181471.53336170962
EtsakoWest,124,288702.32149,966.4777146279699,298.71596325542936,0.47196870925684486,0.45405788993795354,0.5459421100620465,157614.75457406192,0.23333203878964429,0.7666679612103557,221338.82021343498,0.46329245164640165,268487.45447022276,326787.65975390363,0.7954028708470806,0.9520760386080886,False,False,False,False,157614.75457406192,221338.82021343498
Bakori,104,211833.58826,666.1490812668637,317.9972685050331,0.4876140808344198,0.2566526584495709,0.743347341550429,157465.93468415918,0.1497287498640748,0.8502712501359252,180116.00991060905,0.2819124099359302,268487.45447022276,326787.65975390363,0.7954028708470806,0.9520760386080886,False,False,False,False,157465.93468415918,180116.00991060905
Ikom,291,227582.794669,2001.1902079640581,113.72371989593877,0.17861799217731422,0.30822275505425195,0.691777244945748,157436.5986931747,0.21071057256589537,0.7892894274341047,179628.69369814842,0.3317900281595645,268487.45447022276,326787.65975390363,0.7954028708470806,0.9520760386080886,False,False,False,False,157436.5986931747,179628.69369814842
Igalamela-Odolu,237,221082.88979699998,1987.7698057657915,111.22157563502553,0.17079530638852672,0.2887246516026146,0.7112753483973854,157250.80946506193,0.1659002370723043,0.8340997629276957,184405.18596704755,0.29796288418814393,268487.45447022276,326787.65975390363,0.7954028708470806,0.9520760386080886,False,False,False,False,157250.80946506193,184405.18596704755
Biase,162,240904.17044400002,1253.8061794147418,192.1382861236579,0.3246414602346806,0.34772561216774733,0.6522743878322527,157135.62030259677,0.18086914867696602,0.819130851323034,197332.03822306302,0.35355822448354524,268487.45447022276,326787.65975390363,0.7954028708470806,0.9520760386080886,False,False,False,False,157135.62030259677,197332.03822306302
Gwiwa,89,190182.029157,560.8071369065848,339.12198444200465,0.5084745762711864,0.17636079067019306,0.8236392093298069,156641.37612360978,0.2386346355399609,0.7613653644600391,144798.0099428691,0.32266167885483976,268487.45447022276,326787.65975390363,0.7954028708470806,0.9520760386080886,True,False,False,False,156641.37612360978,144798.0099428691
Koko/Besse,114,227363.18306600003,1306.0542974676628,174.0840204781987,0.29595827900912647,0.3126950194412725,0.6873049805587275,156267.84811694754,0.0848973570657645,0.9151026429342355,208060.64972963705,0.31270510763071796,268487.45447022276,326787.65975390363,0.7954028708470806,0.9520760386080886,False,False,False,False,156267.84811694754,208060.64972963705
Apapa,7,387506.44094199996,41.817699239110176,9266.565305907192,0.9687092568448501,0.5977235565627469,0.4022764434372531,155884.7128711757,0.4842064736717598,0.5157935263282403,199873.31364838014,0.6957374168588811,268487.45447022276,326787.65975390363,0.7954028708470806,0.9520760386080886,False,False,False,False,155884.7128711757,199873.31364838014
Lokoja,297,287549.30118899996,3393.476442836424,84.73590609300149,0.10821382007822686,0.45836577198673917,0.5416342280132609,155746.54376525665,0.20139724658806402,0.798602753411936,229637.66367121344,0.45955213493789404,268487.45447022276,326787.65975390363,0.7954028708470806,0.9520760386080886,False,False,False,False,155746.54376525665,229637.66367121344
NkanuWest,40,228682.317782,274.45062918390636,833.2366315282246,0.7705345501955672,0.3190963605120899,0.6809036394879101,155710.62246429463,0.20721514500859156,0.7927848549914085,181295.87814190207,0.32934610422016014,268487.45447022276,326787.65975390363,0.7954028708470806,0.9520760386080886,False,False,False,False,155710.62246429463,181295.87814190207
IfeEast,15,214402.03190700003,102.23138260033727,2097.223244501955,0.9009126466753585,0.2738744560735755,0.7261255439264245,155682.792037401,0.14720531175789656,0.8527946882421035,182840.9139586036,0.2810009592232042,268487.45447022276,326787.65975390363,0.7954028708470806,0.9520760386080886,False,False,False,False,155682.792037401,182840.9139586036
Akinyele,72,335175.21347,479.2620937417051,699.3568192577324,0.7183833116036505,0.5359135530868868,0.4640864469131132,155550.27391263653,0.4638341932290261,0.5361658067709739,179709.48873977596,0.6587690828378824,268487.45447022276,326787.65975390363,0.7954028708470806,0.9520760386080886,False,False,False,False,155550.27391263653,179709.48873977596
EthiopeWest,82,278578.178174,542.992955459043,513.0419748051643,0.636245110821382,0.4416821180481292,0.5583178819518708,155535.17839611857,0.2630940639358954,0.7369059360641046,205285.9131543444,0.45563623425546507,268487.45447022276,326787.65975390363,0.7954028708470806,0.9520760386080886,False,False,False,False,155535.17839611857,205285.9131543444
Katcha,262,189389.998349,1726.0880721554954,109.72209437291026,0.16427640156453716,0.18156271481443875,0.8184372851855612,155003.8360900535,0.04041838203073396,0.959581617969266,181735.16104293003,0.1830138565356397,268487.45447022276,326787.65975390363,0.7954028708470806,0.9520760386080886,True,True,False,False,155003.8360900535,181735.16104293003
Zango,95,202641.61876800001,614.9684660540969,329.5154629118402,0.49934810951760106,0.23526719709571933,0.7647328029042807,154966.69310551335,0.14593427801055164,0.8540657219894483,173069.26043820247,0.29848031901019956,268487.45447022276,326787.65975390363,0.7954028708470806,0.9520760386080886,False,False,False,False,154966.69310551335,173069.26043820247
Degema,110,239919.30602400002,793.9799214779575,302.17301412030815,0.4745762711864407,0.3554241565315429,0.6445758434684571,154646.1890447867,0.2104034203581641,0.7895965796418359,189439.46342659334,0.3562217338780557,268487.45447022276,326787.65975390363,0.7954028708470806,0.9520760386080886,False,False,False,False,154646.1890447867,189439.46342659334
Agaie,246,191713.446531,1860.4902109795548,103.04458760364139,0.15123859191655803,0.19540765378683508,0.8045923462131649,154251.17174498943,0.06923393406673403,0.9307660659332659,178440.3704141664,0.19606503661085592,268487.45447022276,326787.65975390363,0.7954028708470806,0.9520760386080886,True,False,False,False,154251.17174498943,178440.3704141664
IfeSouth,96,229977.037874,699.1141963603492,328.9548961690107,0.4980443285528031,0.32999824348098444,0.6700017565190155,154085.01933462016,0.20450482717360433,0.7954951728263957,182945.62348968018,0.3372291900481921,268487.45447022276,326787.65975390363,0.7954028708470806,0.9520760386080886,False,False,False,False,154085.01933462016,182945.62348968018
Gbako,255,186926.267917,1797.8995367285715,103.96925083874706,0.15254237288135594,0.17586459017719558,0.8241354098228044,154052.55641642414,0.03562707827620066,0.9643729217237993,180266.63113804295,0.17658546023817417,268487.45447022276,326787.65975390363,0.7954028708470806,0.9520760386080886,True,True,False,False,154052.55641642414,180266.63113804295
UmuNneochi,64,222044.46847199998,450.15273976150075,493.2647274115076,0.6205997392438071,0.3093731252079561,0.6906268747920439,153349.87732567787,0.20088769001209186,0.7991123099879082,177438.46812069716,0.3096852025950816,268487.45447022276,326787.65975390363,0.7954028708470806,0.9520760386080886,False,False,False,False,153349.87732567787,177438.46812069716
NasarawaEggon,145,206436.07514400003,1181.9668493968202,174.65470816660232,0.2985658409387223,0.2582885420532812,0.7417114579467188,153116.00226785467,0.0960765272784599,0.9039234727215401,186602.41393916932,0.26716309649345454,268487.45447022276,326787.65975390363,0.7954028708470806,0.9520760386080886,False,False,False,False,153116.00226785467,186602.41393916932
Sagbama,137,259749.632043,891.3635075501618,291.407074490743,0.46153846153846156,0.4106398026194601,0.5893601973805399,153086.0944103851,0.30811882829076337,0.6918811717092366,179715.8797689539,0.41564990047942507,268487.45447022276,326787.65975390363,0.7954028708470806,0.9520760386080886,False,False,False,False,153086.0944103851,179715.8797689539
Biriniwa,213,199481.00127299997,1581.6592619789399,126.12134994449652,0.21121251629726207,0.2332172006484116,0.7667827993515884,152958.6005735687,0.025355839691714482,0.9746441603082855,194422.99298317908,0.23368182280508812,268487.45447022276,326787.65975390363,0.7954028708470806,0.9520760386080886,False,True,False,False,152958.6005735687,194422.99298317908
Gwandu,112,219977.23320899997,852.3807800029911,258.0739012067213,0.4211212516297262,0.3062981556744468,0.6937018443255532,152598.6123867156,0.04546284486174069,0.9545371551382593,209976.44238250426,0.3062981556744468,268487.45447022276,326787.65975390363,0.7954028708470806,0.9520760386080886,False,True,False,False,152598.6123867156,209976.44238250426
Kontagora,253,227927.48219200002,2013.5566911911426,113.19645639436499,0.1773142112125163,0.3310246661465955,0.6689753338534046,152477.86349375916,0.14171266237522134,0.8582873376247786,195627.27186209083,0.33108039964070335,268487.45447022276,326787.65975390363,0.7954028708470806,0.9520760386080886,False,False,False,False,152477.86349375916,195627.27186209083
Shelleng,203,208682.953053,1598.902535809962,130.51636880873838,0.22033898305084745,0.2705804408486865,0.7294195591513135,152217.42761831352,0.057135519397241756,0.9428644806027583,196759.74414096665,0.2740742403447111,268487.45447022276,326787.65975390363,0.7954028708470806,0.9520760386080886,False,False,False,False,152217.42761831352,196759.74414096665
Itesiwaju,198,191218.536578,1365.642343743208,140.02094871624476,0.23859191655801826,0.20693983871602675,0.7930601612839733,151647.803459034,0.1042726998890859,0.8957273001109141,171279.663500172,0.2092508980859648,268487.45447022276,326787.65975390363,0.7954028708470806,0.9520760386080886,False,False,False,False,151647.803459034,171279.663500172
Hong,302,239878.77082099998,2720.6355446752054,88.17012307675233,0.11734028683181226,0.3682411512672427,0.6317588487327572,151545.53608930387,0.1102523449226023,0.8897476550773977,213431.57384083324,0.37307116822165287,268487.45447022276,326787.65975390363,0.7954028708470806,0.9520760386080886,False,False,False,False,151545.53608930387,213431.57384083324
OrumbaSouth,37,234940.81194299998,230.85721039630718,1017.6888629108988,0.8070404172099087,0.35584599858168803,0.644154001418312,151338.06410955059,0.19668299920448643,0.8033170007955136,188731.94841451352,0.3560863469832941,268487.45447022276,326787.65975390363,0.7954028708470806,0.9520760386080886,False,False,False,False,151338.06410955059,188731.94841451352
Shagari,108,225586.078897,1292.0934558487127,174.58959944102773,0.29726205997392435,0.32997696117800357,0.6700230388219964,151147.87009850657,0.04111795342754167,0.9588820465724583,216310.44101101143,0.32997696117800357,268487.45447022276,326787.65975390363,0.7954028708470806,0.9520760386080886,False,True,False,False,151147.87009850657,216310.44101101143
Ikole,87,241567.17992899998,1000.5455749561764,241.43545878915165,0.3963494132985658,0.3745389846552295,0.6254610153447705,151090.85363236518,0.429218971246635,0.570781028753365,137881.96347292385,0.4801520912873708,268487.45447022276,326787.65975390363,0.7954028708470806,0.9520760386080886,False,False,False,False,151090.85363236518,137881.96347292385
Wudil,53,278870.629873,334.6233836652185,833.3865578025545,0.771838331160365,0.45856159506350624,0.5414384049364938,150991.26902207246,0.28912202573960877,0.7108779742603912,198242.9884448376,0.4817623002642787,268487.45447022276,326787.65975390363,0.7954028708470806,0.9520760386080886,False,False,False,False,150991.26902207246,198242.9884448376
Madobi,43,213185.172382,267.0591189924036,798.269586098889,0.7627118644067796,0.29342506270537344,0.7065749372946266,150631.2998079558,0.18703590939230108,0.8129640906076989,173311.88979657815,0.31338096586565245,268487.45447022276,326787.65975390363,0.7954028708470806,0.9520760386080886,False,False,False,False,150631.2998079558,173311.88979657815
Jaba,62,218341.592629,427.7896383326252,510.3947666428279,0.6336375488917861,0.310426142498752,0.689573857501248,150562.65428214558,0.08258426546191547,0.9174157345380846,200310.01258194927,0.3104313778963014,268487.45447022276,326787.65975390363,0.7954028708470806,0.9520760386080886,False,False,False,False,150562.65428214558,200310.01258194927
Ifedore,30,224597.00417600002,245.59093759585093,914.5166608126277,0.7861799217731421,0.3304832982836513,0.6695167017163487,150371.4454512885,0.36694253094989515,0.6330574690501048,142182.8110198944,0.4480206248937536,268487.45447022276,326787.65975390363,0.7954028708470806,0.9520760386080886,False,False,False,False,150371.4454512885,142182.8110198944
Ngor-Okpala,88,238812.557688,603.369025437858,395.7985040990403,0.5541069100391134,0.37036209518523816,0.6296379048147618,150365.43846612674,0.2233056440617459,0.7766943559382541,185484.3656834483,0.37265714158918034,268487.45447022276,326787.65975390363,0.7954028708470806,0.9520760386080886,False,False,False,False,150365.43846612674,185484.3656834483
Isa,163,219410.92966199998,1952.874267143276,112.35281930513682,0.17470664928292046,0.31608958356489064,0.6839104164351093,150057.4202755529,0.13685054777227004,0.86314945222773,189384.42375053227,0.3219697810178558,268487.45447022276,326787.65975390363,0.7954028708470806,0.9520760386080886,False,False,False,False,150057.4202755529,189384.42375053227
Ayamelum,78,212089.556721,567.7348289317733,373.57150893852867,0.5358539765319427,0.29270902869691845,0.7072909713030815,150009.02857643607,0.1073017922561182,0.8926982077438818,189331.96716603104,0.2931218066403281,268487.45447022276,326787.65975390363,0.7954028708470806,0.9520760386080886,False,False,False,False,150009.02857643607,189331.96716603104
Aiyedade,83,218818.500956,1045.6715595134872,209.26121492470185,0.3468057366362451,0.31511696414904256,0.6848830358509574,149865.07923510091,0.4446553355294607,0.5553446644705393,121519.68699335621,0.491256609250563,268487.45447022276,326787.65975390363,0.7954028708470806,0.9520760386080886,False,False,False,False,149865.07923510091,121519.68699335621
OrukAnam,74,248991.066263,468.01250979658505,532.0179718512661,0.6440677966101694,0.39833429462486164,0.6016657053751384,149809.3855152357,0.18207566596640504,0.817924334033595,203655.85205347897,0.39833429462486164,268487.45447022276,326787.65975390363,0.7954028708470806,0.9520760386080886,False,False,False,False,149809.3855152357,203655.85205347897
EzzaNorth,47,193395.667091,305.5359152399464,632.971959905665,0.6923076923076923,0.22662835706316134,0.7733716429368387,149566.72479503258,0.10498494312693105,0.8950150568730689,173092.03398045647,0.23002338596798325,268487.45447022276,326787.65975390363,0.7954028708470806,0.9520760386080886,False,False,False,False,149566.72479503258,173092.03398045647
Sandamu,46,201165.749855,287.0399963604296,700.8282901536855,0.7196870925684485,0.2568475172576036,0.7431524827423964,149496.82644747914,0.24596242034129714,0.7540375796587029,151686.53513089227,0.3465595406327659,268487.45447022276,326787.65975390363,0.7954028708470806,0.9520760386080886,False,False,False,False,149496.82644747914,151686.53513089227
Igbo-Etiti,39,285083.14066999994,346.53331365207305,822.6716723582587,0.7679269882659713,0.4764429364533949,0.5235570635466051,149257.29199582894,0.19932507850663317,0.8006749214933668,228258.92127503466,0.47645630666533334,268487.45447022276,326787.65975390363,0.7954028708470806,0.9520760386080886,False,False,False,False,149257.29199582894,228258.92127503466
EtsakoEast,127,235787.62493400002,1227.5195615391137,192.084617078004,0.32333767926988266,0.3680522926517107,0.6319477073482893,149005.44899813965,0.20662018959907666,0.7933798104009233,187069.14116502096,0.37605892692822906,268487.45447022276,326787.65975390363,0.7954028708470806,0.9520760386080886,False,False,False,False,149005.44899813965,187069.14116502096
Magumeri,371,189819.687676,5113.499387256292,37.121288827972265,0.018252933507170794,0.21538821912036837,0.7846117808796316,148934.7631934818,0.027066083795466565,0.9729339162045334,184682.0121033321,0.2155382773127354,268487.45447022276,326787.65975390363,0.7954028708470806,0.9520760386080886,False,True,False,False,148934.7631934818,184682.0121033321
Odo-Otin,39,217261.86426200002,277.7117120371509,782.3287778116315,0.7601043024771839,0.31657078720002324,0.6834292127999768,148483.10486403407,0.3823072748791914,0.6176927251208086,134201.073000822,0.4234143471419725,268487.45447022276,326787.65975390363,0.7954028708470806,0.9520760386080886,False,False,False,False,148483.10486403407,134201.073000822
Donga,420,191677.138177,3420.8298533395023,56.03235074374711,0.04563233376792699,0.22607143498580143,0.7739285650141986,148344.41249535387,0.06287843760665958,0.9371215623933404,179624.77920351442,0.227522412209097,268487.45447022276,326787.65975390363,0.7954028708470806,0.9520760386080886,False,False,False,False,148344.41249535387,179624.77920351442
Suru,138,215878.204703,1283.889850007348,168.1438674055757,0.2737940026075619,0.31324373563292734,0.6867562643670726,148255.70942010247,0.04108501831568763,0.9589149816843123,207008.84470881947,0.31324373563292734,268487.45447022276,326787.65975390363,0.7954028708470806,0.9520760386080886,False,True,False,False,148255.70942010247,207008.84470881947
Gubio,347,228365.23920299998,2495.634185958969,91.50589476928835,0.12646675358539766,0.35097555061015734,0.6490244493898427,148214.6236335068,0.03343544531253294,0.966564554687467,220729.74573634457,0.35104557033751943,268487.45447022276,326787.65975390363,0.7954028708470806,0.9520760386080886,False,True,False,False,148214.6236335068,220729.74573634457
YagbaWest,47,199485.62640799998,1176.770220659004,169.51960791146286,0.28292046936114734,0.25796879257778094,0.7420312074222191,148024.56022690595,0.196522796189256,0.8034772038107441,160282.15330673454,0.27894341053660227,268487.45447022276,326787.65975390363,0.7954028708470806,0.9520760386080886,False,False,False,False,148024.56022690595,160282.15330673454
Kaiama,703,174354.811347,7858.682719500911,22.186264234125098,0.005215123859191656,0.15249481902653475,0.8475051809734653,147766.60594423363,0.03670678608237275,0.9632932139176272,167954.8065844532,0.15260612311323127,268487.45447022276,326787.65975390363,0.7954028708470806,0.9520760386080886,True,True,False,False,147766.60594423363,167954.8065844532
Agege,1,252247.409908,16.68815428918252,15115.357009343452,0.9817470664928292,0.4144486692015209,0.5855513307984791,147703.80656209885,0.803030303030303,0.19696969696969702,49685.09589096971,0.803030303030303,268487.45447022276,326787.65975390363,0.7954028708470806,0.9520760386080886,False,False,False,False,147703.80656209885,49685.09589096971
Ibaji,215,191700.618328,1375.8637173692957,139.3311095480728,0.23598435462842243,0.2303760426524073,0.7696239573475927,147537.38850357584,0.08249147956025575,0.9175085204397443,175886.95068950742,0.23078187426857152,268487.45447022276,326787.65975390363,0.7954028708470806,0.9520760386080886,False,False,False,False,147537.38850357584,175886.95068950742
Damban,139,222919.99394800002,983.7898178635921,226.593109524243,0.3754889178617992,0.3391184903461705,0.6608815096538295,147323.70213237678,0.06622040839125615,0.9337795916087439,208158.14091018712,0.3394221934630186,268487.45447022276,326787.65975390363,0.7954028708470806,0.9520760386080886,False,False,False,False,147323.70213237678,208158.14091018712
YagbaEast,121,214686.37381900003,1511.8270710573734,142.00458367824316,0.242503259452412,0.3151839872707408,0.6848160127292592,147020.66650603083,0.14929550751661294,0.8507044924833871,182634.66268279115,0.31567661180582646,268487.45447022276,326787.65975390363,0.7954028708470806,0.9520760386080886,False,False,False,False,147020.66650603083,182634.66268279115
Abaji,122,193754.27206,995.0204102270662,194.72391728706828,0.33116036505867014,0.24178123406380145,0.7582187659361985,146908.12505619967,0.10356181428379443,0.8964381857162056,173688.7281202305,0.2418019071750847,268487.45447022276,326787.65975390363,0.7954028708470806,0.9520760386080886,False,False,False,False,146908.12505619967,173688.7281202305
Askira/Uba,224,204773.27437899998,2188.805726656057,93.55479651994602,0.13559322033898305,0.2836292473868865,0.7163707526131136,146693.5846819358,0.08625748624430818,0.9137425137556918,187110.04648105145,0.2857788580482978,268487.45447022276,326787.65975390363,0.7954028708470806,0.9520760386080886,False,False,False,False,146693.5846819358,187110.04648105145
Katsina,23,451996.778452,144.82033590456197,3121.086383544023,0.9322033898305084,0.6762917610457723,0.32370823895422773,146315.08116568116,0.3898590908826097,0.6101409091173903,275781.7253228349,0.6806453658091873,268487.45447022276,326787.65975390363,0.7954028708470806,0.9520760386080886,False,False,False,False,146315.08116568116,275781.7253228349
Shanga,165,192458.852488,1496.2277875132863,128.62937989399626,0.21642764015645372,0.24047627457481363,0.7595237254251863,146177.06463274214,0.044176156691731756,0.9558238433082682,183956.76006377922,0.24680526746676337,268487.45447022276,326787.65975390363,0.7954028708470806,0.9520760386080886,False,True,False,False,146177.06463274214,183956.76006377922
KadunaNorth,13,447801.87043800007,87.80870151527606,5099.7436781375945,0.9582790091264668,0.6736307145055921,0.3263692854944079,146148.7764979095,0.44711051915074773,0.5528894808492523,247584.94366979,0.6784841503265501,268487.45447022276,326787.65975390363,0.7954028708470806,0.9520760386080886,False,False,False,False,146148.7764979095,247584.94366979
EzinihitteMbaise,17,265981.97042100003,98.18492077747383,2708.9900191886004,0.9230769230769231,0.4518299569667051,0.548170043033295,145803.34817176018,0.23294248695990818,0.7670575130400918,204023.46874463555,0.4518299569667051,268487.45447022276,326787.65975390363,0.7954028708470806,0.9520760386080886,False,False,False,False,145803.34817176018,204023.46874463555
Okehi,69,306931.18935600005,726.0475351545115,422.7425540266884,0.576271186440678,0.5249772711275669,0.47502272887243313,145799.29114394865,0.18713424649125257,0.8128657535087475,249493.85251120102,0.5250447922677691,268487.45447022276,326787.65975390363,0.7954028708470806,0.9520760386080886,False,False,False,False,145799.29114394865,249493.85251120102
Obudu,45,218526.38616799997,379.5574740518211,575.7399105732391,0.666232073011734,0.3328449427440192,0.6671550572559808,145790.9836758546,0.22263025728858563,0.7773697427114143,169875.80059107332,0.3406553359897671,268487.45447022276,326787.65975390363,0.7954028708470806,0.9520760386080886,False,False,False,False,145790.9836758546,169875.80059107332
Bosso,244,256979.39554100006,1582.3704429343009,162.40153921509372,0.2633637548891786,0.43286700431500047,0.5671329956849995,145741.49442248777,0.1939911230370592,0.8060088769629408,207127.6740026168,0.43379262461733964,268487.45447022276,326787.65975390363,0.7954028708470806,0.9520760386080886,False,False,False,False,145741.49442248777,207127.6740026168
Ese-Odo,93,213986.073987,717.8967277324451,298.07361660903274,0.46936114732724904,0.3190827781187,0.6809172218813,145706.80302051437,0.23848371165669255,0.7615162883433074,162953.88081973663,0.3402990823573628,268487.45447022276,326787.65975390363,0.7954028708470806,0.9520760386080886,False,False,False,False,145706.80302051437,162953.88081973663
Shomgom,100,227094.04620199997,847.904474092503,267.8297533988775,0.42503259452411996,0.35987222850286815,0.6401277714971318,145369.20571555293,0.10960259824800184,0.8903974017519982,202203.94869160902,0.3633627601614865,268487.45447022276,326787.65975390363,0.7954028708470806,0.9520760386080886,False,False,False,False,145369.20571555293,202203.94869160902
EssienUdim,47,280835.39941499993,297.753080886711,943.1821782621691,0.7913950456323338,0.4824304518310273,0.5175695481689727,145351.8507850745,0.2172365377102101,0.7827634622897899,219827.6895796214,0.4824304518310273,268487.45447022276,326787.65975390363,0.7954028708470806,0.9520760386080886,False,False,False,False,145351.8507850745,219827.6895796214
Oriade,85,217137.07773800002,596.9697528634391,363.7321266219523,0.5267275097783573,0.33092166827365715,0.6690783317263429,145281.71372887428,0.3648125295036496,0.6351874704963504,137922.75115936963,0.4478398630655169,268487.45447022276,326787.65975390363,0.7954028708470806,0.9520760386080886,False,False,False,False,145281.71372887428,137922.75115936963
Dandume,68,207066.761904,427.2679243386396,484.6297840506398,0.6179921773142112,0.2984843351070544,0.7015156648929456,145260.57715431383,0.12560883103965198,0.8743911689603481,181057.34799407265,0.30307936849576467,268487.45447022276,326787.65975390363,0.7954028708470806,0.9520760386080886,False,False,False,False,145260.57715431383,181057.34799407265
Ogbadibo,79,198789.494164,513.6490929047968,387.0142027114316,0.546284224250326,0.27460798053458024,0.7253920194654198,144200.31262013325,0.18562793857779067,0.8143720614222093,161888.61015141493,0.2838014148365802,268487.45447022276,326787.65975390363,0.7954028708470806,0.9520760386080886,False,False,False,False,144200.31262013325,161888.61015141493
AbeokutaSouth,10,320998.829851,69.53190672897776,4616.56878046208,0.9517601043024772,0.5508146456248668,0.4491853543751332,144187.9731406245,0.6690837984810108,0.33091620151898915,106223.71346633323,0.7405626416666291,268487.45447022276,326787.65975390363,0.7954028708470806,0.9520760386080886,False,False,False,False,144187.9731406245,106223.71346633323
Riyom,109,185678.36283700002,803.6229327750757,231.0515980371719,0.3820078226857888,0.22358172845113233,0.7764182715488677,144164.07353792706,0.06189411009998895,0.9381058899000111,174185.96580438106,0.2257669417369644,268487.45447022276,326787.65975390363,0.7954028708470806,0.9520760386080886,False,False,False,False,144164.07353792706,174185.96580438106
Kware,100,202949.561729,699.3747887606481,290.1871285475474,0.45632333767926986,0.29068035837247,0.70931964162753,143956.11039407857,0.03410586382589754,0.9658941361741025,196027.79161314515,0.2917341724071993,268487.45447022276,326787.65975390363,0.7954028708470806,0.9520760386080886,False,True,False,False,143956.11039407857,196027.79161314515
ObiNgwa,60,289800.916296,373.37334675727305,776.1692654628538,0.757496740547588,0.503553861966101,0.49644613803389903,143870.54569383443,0.32025146577332364,0.6797485342266764,196991.74806975372,0.5271865744353634,268487.45447022276,326787.65975390363,0.7954028708470806,0.9520760386080886,False,False,False,False,143870.54569383443,196991.74806975372
Abakaliki,86,213905.56268300003,536.6167460710634,398.6188732445424,0.5567144719687093,0.32742025552947807,0.6725797444705219,143868.54869015538,0.1337023023159419,0.8662976976840581,185305.89647409588,0.3281402936669386,268487.45447022276,326787.65975390363,0.7954028708470806,0.9520760386080886,False,False,False,False,143868.54869015538,185305.89647409588
OwanEast,127,207620.069646,1232.2260721752916,168.4918655222747,0.27509778357235987,0.308704704160492,0.691295295839508,143526.77746815083,0.30918364993550507,0.6908163500644949,143427.33871298595,0.39386880449978157,268487.45447022276,326787.65975390363,0.7954028708470806,0.9520760386080886,False,False,False,False,143526.77746815083,143427.33871298595
EsanSouth-East,148,214530.63418099997,1270.297540994212,168.8821927602058,0.2816166883963494,0.3326328709411305,0.6673671290588695,143170.69342855253,0.2135009099564554,0.7864990900435446,168728.14856982103,0.3414806510514368,268487.45447022276,326787.65975390363,0.7954028708470806,0.9520760386080886,False,False,False,False,143170.69342855253,168728.14856982103
Oluyole,106,290456.16234,761.3488072083204,381.50209153808436,0.5397653194263363,0.507491022414966,0.492508977585034,143052.26754734604,0.2911347599648892,0.7088652400351108,205894.2772368212,0.5229370625412764,268487.45447022276,326787.65975390363,0.7954028708470806,0.9520760386080886,False,False,False,False,143052.26754734604,205894.2772368212
Dandi,182,208642.28454800003,2184.2283527722598,95.52219404312177,0.1395045632333768,0.31509979404171395,0.684900205958286,142899.14365853253,0.06850023644226623,0.9314997635577338,194350.23872460745,0.3152136337478368,268487.45447022276,326787.65975390363,0.7954028708470806,0.9520760386080886,False,False,False,False,142899.14365853253,194350.23872460745
AbeokutaNorth,118,316061.99922399997,798.1487162240043,395.99387031438346,0.5554106910039114,0.5490882379861153,0.4509117620138847,142516.07297572488,0.37531069033159026,0.6246893096684097,197440.552107658,0.5539256143869576,268487.45447022276,326787.65975390363,0.7954028708470806,0.9520760386080886,False,False,False,False,142516.07297572488,197440.552107658
Dutsi,46,170516.481937,286.99491986828804,594.1446002432933,0.6766623207301173,0.16445217146551114,0.8355478285344888,142474.67621180075,0.19684270525426542,0.8031572947457346,136951.55634208085,0.26628216260339277,268487.45447022276,326787.65975390363,0.7954028708470806,0.9520760386080886,True,False,False,False,142474.67621180075,136951.55634208085
Geidam,471,240017.478185,4286.831327829669,55.98948496686379,0.04432855280312908,0.4073964090034602,0.5926035909965398,142235.21947436465,0.06937804449201655,0.9306219555079834,223365.53490461948,0.407409858516269,268487.45447022276,326787.65975390363,0.7954028708470806,0.9520760386080886,False,False,False,False,142235.21947436465,223365.53490461948
SuleTankarkar,230,200686.99203199998,1469.055445308098,136.6095423239188,0.22946544980443284,0.2915672868636375,0.7084327131363626,142173.23025640534,0.04024917383056441,0.9597508261694356,192609.50640417094,0.29530502120410373,268487.45447022276,326787.65975390363,0.7954028708470806,0.9520760386080886,False,True,False,False,142173.23025640534,192609.50640417094
EkitiWest,43,209835.47779,275.6258581529074,761.3054856180828,0.7496740547588006,0.32260194817803783,0.6773980518219622,142142.14385807663,0.28277096183812667,0.7172290381618733,150500.09790755884,0.3928988164592425,268487.45447022276,326787.65975390363,0.7954028708470806,0.9520760386080886,False,False,False,False,142142.14385807663,150500.09790755884
Lapai,373,178660.72246499997,3032.696484726971,58.91150775053064,0.05084745762711865,0.2053609601808096,0.7946390398191904,141970.78495299042,0.06166606574935318,0.9383339342506468,167643.41860664633,0.20543075615079867,268487.45447022276,326787.65975390363,0.7954028708470806,0.9520760386080886,False,False,False,False,141970.78495299042,167643.41860664633
Aninri,44,197656.24968999997,291.69183561803186,677.6200961237367,0.7092568448500652,0.2819020756043581,0.7180979243956419,141936.5426462157,0.14515133209365716,0.8548486679063428,168966.18175085995,0.2876506948220482,268487.45447022276,326787.65975390363,0.7954028708470806,0.9520760386080886,False,False,False,False,141936.5426462157,168966.18175085995
Eti-Osa,31,459687.890357,180.40263835337663,2548.121771127057,0.9217731421121251,0.691979615526182,0.30802038447381797,141593.2407257214,0.5036788266004136,0.49632117339958637,228152.83313956665,0.7223264604185671,268487.45447022276,326787.65975390363,0.7954028708470806,0.9520760386080886,False,False,False,False,141593.2407257214,228152.83313956665
Kurfi,85,161336.266158,555.7596108163025,290.2986525433694,0.4589308996088657,0.1240931749383292,0.8759068250616708,141315.5366577585,0.1513911922820427,0.8486088077179573,136911.3764660074,0.21766314647078247,268487.45447022276,326787.65975390363,0.7954028708470806,0.9520760386080886,True,False,False,False,141315.5366577585,136911.3764660074
Kudan,60,187657.11393799997,394.0233802390323,476.25882967695657,0.6114732724902217,0.2476552905104197,0.7523447094895803,141182.83686933765,0.08945508209818999,0.91054491790181,170870.2314043668,0.2616166530887817,268487.45447022276,326787.65975390363,0.7954028708470806,0.9520760386080886,False,False,False,False,141182.83686933765,170870.2314043668
Aboh-Mbaise,23,233465.602782,167.42482558146193,1394.45032701202,0.8435462842242504,0.39683634887544594,0.6031636511245541,140817.96538598597,0.20613597201705539,0.7938640279829446,185339.94381998468,0.39683634887544594,268487.45447022276,326787.65975390363,0.7954028708470806,0.9520760386080886,False,False,False,False,140817.96538598597,185339.94381998468
Nafada,213,209344.12876099994,1887.1055673345895,110.93397867332061,0.1681877444589309,0.32882460352851184,0.6711753964714882,140506.6286201424,0.06979483329737306,0.930205166702627,194732.99019234217,0.32941840759251945,268487.45447022276,326787.65975390363,0.7954028708470806,0.9520760386080886,False,False,False,False,140506.6286201424,194732.99019234217
Gujba,238,200754.19327400002,3337.758667877646,60.14640758963319,0.0560625814863103,0.3002877951344421,0.699712204865558,140470.15921175692,0.06358770798076453,0.9364122920192355,187988.69425617895,0.30086058252699777,268487.45447022276,326787.65975390363,0.7954028708470806,0.9520760386080886,False,False,False,False,140470.15921175692,187988.69425617895
Kirfi,277,214312.73967500002,2514.905128252496,85.21702757985034,0.11082138200782268,0.3457716008883256,0.6542283991116744,140209.48058681228,0.03113650214469784,0.9688634978553021,207639.7905964733,0.3463230739282912,268487.45447022276,326787.65975390363,0.7954028708470806,0.9520760386080886,False,True,False,False,140209.48058681228,207639.7905964733
Mafa,162,202108.371606,2921.2670748922865,69.18517424958557,0.07822685788787484,0.30647436663831107,0.6935256333616889,140167.33642575075,0.09235734012929447,0.9076426598707055,183442.17998660682,0.30647436663831107,268487.45447022276,326787.65975390363,0.7954028708470806,0.9520760386080886,False,False,False,False,140167.33642575075,183442.17998660682
AfikpoSouth,46,214976.255206,330.42952039664755,650.596396314538,0.6988265971316818,0.3485372910239778,0.6514627089760222,140049.01358202146,0.18844440183311129,0.8115555981668887,174465.18338538305,0.348591526466677,268487.45447022276,326787.65975390363,0.7954028708470806,0.9520760386080886,False,False,False,False,140049.01358202146,174465.18338538305
Zing,133,179041.86949299998,888.5456460426477,201.49991200835444,0.3376792698826597,0.21795923434631603,0.782040765653684,140018.04070237267,0.13036715104628957,0.8696328489537104,155700.69104919597,0.22919017796329028,268487.45447022276,326787.65975390363,0.7954028708470806,0.9520760386080886,False,False,False,False,140018.04070237267,155700.69104919597
Ose,194,210864.86228499998,1536.784991347737,137.2116876935886,0.2320730117340287,0.33640027917228643,0.6635997208277136,139929.86374470027,0.24098507750053677,0.7590149224994632,160049.57710510926,0.39496544666443556,268487.45447022276,326787.65975390363,0.7954028708470806,0.9520760386080886,False,False,False,False,139929.86374470027,160049.57710510926
Danja,75,185383.73102399995,464.3530236104598,399.2301580866116,0.5580182529335072,0.24759834375503345,0.7524016562449666,139483.02626332897,0.08445035763587351,0.9155496423641265,169728.0086391506,0.25004436720863027,268487.45447022276,326787.65975390363,0.7954028708470806,0.9520760386080886,False,False,False,False,139483.02626332897,169728.0086391506
Kazaure,57,198617.382001,365.63334812581843,543.2146247575141,0.6492829204693612,0.29786743501424073,0.7021325649857593,139455.7318751185,0.07314690648302205,0.926853093516978,184089.13493387017,0.3089003630644128,268487.45447022276,326787.65975390363,0.7954028708470806,0.9520760386080886,False,False,False,False,139455.7318751185,184089.13493387017
Ohaozara,46,206541.950371,300.5851438855731,687.1329291298126,0.711864406779661,0.32507016810132533,0.6749298318986747,139401.32384392346,0.11072592505287983,0.8892740749471202,183672.40185394505,0.3264284710711154,268487.45447022276,326787.65975390363,0.7954028708470806,0.9520760386080886,False,False,False,False,139401.32384392346,183672.40185394505
IkaSouth,61,239704.96929700003,541.2434742101859,442.8782622216213,0.5880052151238592,0.4201022063266643,0.5798977936733357,139004.382827865,0.2793732383979715,0.7206267616020285,172737.8157644108,0.4504880038161257,268487.45447022276,326787.65975390363,0.7954028708470806,0.9520760386080886,False,False,False,False,139004.382827865,172737.8157644108
Matazu,75,159831.3246,515.1579067464028,310.2569571521306,0.47979139504563234,0.13245972625320324,0.8675402737467968,138660.11109679713,0.17529027826549207,0.824709721734508,131814.4472353238,0.24459671493086657,268487.45447022276,326787.65975390363,0.7954028708470806,0.9520760386080886,True,False,False,False,138660.11109679713,131814.4472353238
Oyi,24,309624.24701100006,131.16753995276247,2360.5249219624416,0.9126466753585397,0.5522964880301166,0.44770351196988345,138619.86277785542,0.29111781991819313,0.7088821800818068,219487.11122734557,0.5627803543054283,268487.45447022276,326787.65975390363,0.7954028708470806,0.9520760386080886,False,False,False,False,138619.86277785542,219487.11122734557
Uzo-Uwani,101,174861.2199,898.4167680008006,194.63263167840182,0.32985658409387225,0.20740736138261606,0.7925926386173839,138593.7156723956,0.09948802910213139,0.9005119708978686,157464.6217657546,0.20759770456758425,268487.45447022276,326787.65975390363,0.7954028708470806,0.9520760386080886,False,False,False,False,138593.7156723956,157464.6217657546
Brass,247,223401.455737,1701.9270099433693,131.2638288433025,0.22294654498044328,0.3818061045729162,0.6181938954270838,138105.41616613726,0.2038527330277779,0.796147266972222,177860.4584226284,0.3900029767913214,268487.45447022276,326787.65975390363,0.7954028708470806,0.9520760386080886,False,False,False,False,138105.41616613726,177860.4584226284
Nwangele,10,225967.83948200004,54.57538163757556,4140.4719985763595,0.9465449804432855,0.38914449677851026,0.6108555032214897,138033.69829864995,0.22461522289084723,0.7753847771091528,175212.0228505874,0.38914449677851026,268487.45447022276,326787.65975390363,0.7954028708470806,0.9520760386080886,False,False,False,False,138033.69829864995,175212.0228505874
SakiEast,198,206530.558257,1650.7286065780893,125.11478715155462,0.20860495436766624,0.33274351408366687,0.6672564859163331,137808.85453690434,0.21808731966218667,0.7819126803378134,161488.86237839577,0.37354685085263545,268487.45447022276,326787.65975390363,0.7954028708470806,0.9520760386080886,False,False,False,False,137808.85453690434,161488.86237839577
Ngaski,284,180405.20588000002,2585.947012845198,69.76369004618873,0.07953063885267275,0.23627291946253784,0.7637270805374622,137780.34120049223,0.07128018104428811,0.9287198189557119,167545.89014354156,0.23975031165195362,268487.45447022276,326787.65975390363,0.7954028708470806,0.9520760386080886,False,False,False,False,137780.34120049223,167545.89014354156
OrumbaNorth,52,222526.697046,363.18239524512836,612.71333621721,0.6844850065189049,0.382080526049019,0.617919473950981,137503.57957871363,0.22647814202548608,0.7735218579745139,172129.26414795368,0.382080526049019,268487.45447022276,326787.65975390363,0.7954028708470806,0.9520760386080886,False,False,False,False,137503.57957871363,172129.26414795368
Fakai,257,169535.52679300003,1950.83168752021,86.90423057896106,0.11473272490221642,0.19098107947164933,0.8090189205283507,137157.44887727816,0.06847775102302908,0.9315222489769709,157926.11519971088,0.20015323015673384,268487.45447022276,326787.65975390363,0.7954028708470806,0.9520760386080886,True,False,False,False,137157.44887727816,157926.11519971088
AbaNorth,5,283532.831503,17.948588015811147,15796.943539694164,0.9856584093872229,0.5177684297779448,0.4822315702220552,136728.4825451971,0.5049591673873588,0.4950408326126412,140360.32898026484,0.5806173274394768,268487.45447022276,326787.65975390363,0.7954028708470806,0.9520760386080886,False,False,False,False,136728.4825451971,140360.32898026484
Danmusa,107,160195.46832899997,792.3680747519564,202.1730473923343,0.3389830508474576,0.1469027279528415,0.8530972720471585,136662.31702578685,0.12811245140023272,0.8718875485997672,139672.43417816344,0.21735909747550733,268487.45447022276,326787.65975390363,0.7954028708470806,0.9520760386080886,True,False,False,False,136662.31702578685,139672.43417816344
Kajuru,279,156464.03341,2225.935649875196,70.2913551965317,0.08083441981747067,0.12704565429848025,0.8729543457015198,136585.95791124727,0.037437836072069484,0.9625621639279305,150606.35857602162,0.12926300688116352,268487.45447022276,326787.65975390363,0.7954028708470806,0.9520760386080886,True,True,False,False,136585.95791124727,150606.35857602162
Ido-Osi,34,244473.668383,261.6586716951258,934.3228214039508,0.788787483702738,0.4436410765814076,0.5563589234185924,136015.10694575985,0.413308627497627,0.586691372502373,143430.59204431227,0.5197571300168178,268487.45447022276,326787.65975390363,0.7954028708470806,0.9520760386080886,False,False,False,False,136015.10694575985,143430.59204431227
Ikere,32,213647.821029,203.75408085547792,1048.557261439783,0.8096479791395046,0.36409692903922447,0.6359030709607756,135859.30549641929,0.44015292509711706,0.559847074902883,119610.10766246032,0.5061695888848408,268487.45447022276,326787.65975390363,0.7954028708470806,0.9520760386080886,False,False,False,False,135859.30549641929,119610.10766246032
IdeatoSouth,13,210213.821403,84.65639996136336,2483.1415167540817,0.9204693611473272,0.3546020060402248,0.6453979939597752,135671.57863611466,0.20953419463368372,0.7904658053663163,166166.83763445338,0.3546020060402248,268487.45447022276,326787.65975390363,0.7954028708470806,0.9520760386080886,False,False,False,False,135671.57863611466,166166.83763445338
Muya,327,155090.39642900001,2255.1739239614335,68.77092484138366,0.07561929595827901,0.12568153320257186,0.8743184667974282,135598.39762080862,0.024183397588288812,0.9758166024117112,151339.78371003218,0.12595351289679999,268487.45447022276,326787.65975390363,0.7954028708470806,0.9520760386080886,True,True,False,False,135598.39762080862,151339.78371003218
Gokana,13,302420.0857790001,90.56277512710174,3339.3420790668556,0.9374185136897001,0.5518421317814781,0.4481578682185219,135531.9409491792,0.3217863508481513,0.6782136491518487,205105.42995299073,0.5518421317814781,268487.45447022276,326787.65975390363,0.7954028708470806,0.9520760386080886,False,False,False,False,135531.9409491792,205105.42995299073
Agatu,125,166706.09496100002,1245.4797189561482,133.84890369850297,0.22685788787483702,0.1882989575436544,0.8117010424563456,135315.51106367024,0.07072159343595892,0.929278406564041,154916.3742898718,0.1891286553305917,268487.45447022276,326787.65975390363,0.7954028708470806,0.9520760386080886,True,False,False,False,135315.51106367024,154916.3742898718
EkitiEast,17,211815.999654,218.9696215564643,967.3305280814051,0.7992177314211213,0.3612736523235737,0.6387263476764262,135292.4598384306,0.5403495180000488,0.4596504819999512,97361.3263362626,0.549024261421588,268487.45447022276,326787.65975390363,0.7954028708470806,0.9520760386080886,False,False,False,False,135292.4598384306,97361.3263362626
Bade,86,198826.07196399997,813.2534134996538,244.48230854438904,0.4002607561929596,0.3206311852158869,0.679368814784113,135076.23285836342,0.03419001002845425,0.9658099899715458,192028.20656963266,0.3206311852158869,268487.45447022276,326787.65975390363,0.7954028708470806,0.9520760386080886,False,True,False,False,135076.23285836342,192028.20656963266
OviaSouth-West,371,195304.235315,2828.246955069717,69.05487336065592,0.07692307692307693,0.3095523464147699,0.6904476535852301,134847.3510084994,0.21708972833650167,0.7829102716634984,152905.69192749847,0.3255842275280588,268487.45447022276,326787.65975390363,0.7954028708470806,0.9520760386080886,False,False,False,False,134847.3510084994,152905.69192749847
AniochaSouth,118,214052.654823,864.4965660714657,247.60382310796223,0.4028683181225554,0.37007415510572794,0.6299258448942721,134837.29944124023,0.22851577302752119,0.7714842269724789,165138.246937529,0.39037407333861296,268487.45447022276,326787.65975390363,0.7954028708470806,0.9520760386080886,False,False,False,False,134837.29944124023,165138.246937529
Gombi,148,209992.914542,1079.3560934215557,194.55387876333108,0.3285528031290743,0.3618033272013129,0.6381966727986871,134016.77937200345,0.14166149416676352,0.8583385058332365,180245.0045035468,0.36659804135767654,268487.45447022276,326787.65975390363,0.7954028708470806,0.9520760386080886,False,False,False,False,134016.77937200345,180245.0045035468
Toto,250,167570.577728,2725.8552338788145,61.47449638752526,0.05997392438070404,0.20034220558427807,0.7996577944157219,133999.11859494078,0.0703654986868279,0.9296345013131722,155779.39046092943,0.2005686917468567,268487.45447022276,326787.65975390363,0.7954028708470806,0.9520760386080886,True,False,False,False,133999.11859494078,155779.39046092943
EzzaSouth,51,181136.161782,327.9814964773256,552.2755512962985,0.6544980443285529,0.2624589713661857,0.7375410286338143,133595.3510834773,0.13121887616566938,0.8687811238343306,157367.67820000308,0.26399876833444424,268487.45447022276,326787.65975390363,0.7954028708470806,0.9520760386080886,False,False,False,False,133595.3510834773,157367.67820000308
Okigwe,43,200575.20384200002,265.7333081364322,754.7988818135706,0.7457627118644068,0.33498822225566444,0.6650117777443356,133384.87287840093,0.2817353250243287,0.7182646749756714,144066.08359575318,0.37824713094117507,268487.45447022276,326787.65975390363,0.7954028708470806,0.9520760386080886,False,False,False,False,133384.87287840093,144066.08359575318
LangtangNorth,122,202772.23773999998,799.2441498565629,253.70500087662913,0.41590612777053454,0.3423479646513913,0.6576520353486087,133353.57486190295,0.11374723579998718,0.8862527642000129,179707.45620009716,0.34688800613267107,268487.45447022276,326787.65975390363,0.7954028708470806,0.9520760386080886,False,False,False,False,133353.57486190295,179707.45620009716
Kabba/Bunu,156,206702.45932899998,2690.11290436403,76.83783791887595,0.0938722294654498,0.3555247440677625,0.6444752559322375,133214.62037788017,0.26660583632062496,0.733394163679375,151594.37729006197,0.3923853003114811,268487.45447022276,326787.65975390363,0.7954028708470806,0.9520760386080886,False,False,False,False,133214.62037788017,151594.37729006197
Takum,228,186865.105177,1546.8645320221767,120.80250164680936,0.20078226857887874,0.2872906206370907,0.7127093793629093,133180.51313528445,0.08875944088527442,0.9112405591147256,170279.06292052148,0.2881696144951803,268487.45447022276,326787.65975390363,0.7954028708470806,0.9520760386080886,False,False,False,False,133180.51313528445,170279.06292052148
Kebbe,179,173190.53995,2746.996217083494,63.04724370311572,0.06258148631029987,0.23109716700630967,0.7689028329936903,133166.6968152619,0.06968141451551012,0.9303185854844899,161122.37814557904,0.2427586640275933,268487.45447022276,326787.65975390363,0.7954028708470806,0.9520760386080886,False,False,False,False,133166.6968152619,161122.37814557904
Irepo,94,180782.37883400006,1052.4402812262042,171.77447695499595,0.2907431551499348,0.2644233173555051,0.7355766826444949,132979.3025032941,0.1975342451962381,0.8024657548037619,145071.66808624548,0.27341609925238225,268487.45447022276,326787.65975390363,0.7954028708470806,0.9520760386080886,False,False,False,False,132979.3025032941,145071.66808624548
Fika,255,198450.69298,2108.8953032485524,94.10172836665035,0.13820078226857888,0.33002875650398966,0.6699712434960103,132956.25754845556,0.060256338541856164,0.9397436614581438,186492.78083993116,0.33002875650398966,268487.45447022276,326787.65975390363,0.7954028708470806,0.9520760386080886,False,False,False,False,132956.25754845556,186492.78083993116
Auyo,78,183809.07127400005,498.23141320434524,368.9230875505081,0.5319426336375489,0.27759335964674314,0.7224066403532569,132784.8936455027,0.046647214005455864,0.9533527859945441,175234.89019013767,0.2776851112344084,268487.45447022276,326787.65975390363,0.7954028708470806,0.9520760386080886,False,True,False,False,132784.8936455027,175234.89019013767
Doma,172,196836.93377199996,2594.2948524984768,75.87300016512503,0.08865710560625815,0.32644800323873757,0.6735519967612624,132579.90977849494,0.13126419120266156,0.8687358087973385,170999.29286160655,0.32649601620150903,268487.45447022276,326787.65975390363,0.7954028708470806,0.9520760386080886,False,False,False,False,132579.90977849494,170999.29286160655
Etinan,26,235112.795694,171.16373811263273,1373.6133499216182,0.8422425032594524,0.43625048409365574,0.5637495159063443,132544.72475587972,0.20206501305715646,0.7979349869428436,187604.72556218735,0.43625048409365574,268487.45447022276,326787.65975390363,0.7954028708470806,0.9520760386080886,False,False,False,False,132544.72475587972,187604.72556218735
Hawul,228,183297.81232899998,2070.329776759364,88.53556297485684,0.11994784876140809,0.27859480803880826,0.7214051919611917,132231.99348926873,0.11347211261356287,0.8865278873864372,162498.62232658398,0.27937865402077494,268487.45447022276,326787.65975390363,0.7954028708470806,0.9520760386080886,False,False,False,False,132231.99348926873,162498.62232658398
Akamkpa,419,207433.27576699998,4377.535293532267,47.385860274725616,0.02607561929595828,0.3630585492480065,0.6369414507519935,132122.8516012713,0.19384702557610234,0.8061529744238977,167222.95225405964,0.37244846371032997,268487.45447022276,326787.65975390363,0.7954028708470806,0.9520760386080886,False,False,False,False,132122.8516012713,167222.95225405964
Arochukwu,54,216291.68228100002,384.4530205599515,562.5958718336342,0.6610169491525424,0.389779685719197,0.6102203142808029,131985.5783378354,0.3172029522152697,0.6827970477847303,147683.32212185967,0.40858077898860684,268487.45447022276,326787.65975390363,0.7954028708470806,0.9520760386080886,False,False,False,False,131985.5783378354,147683.32212185967
Kogi,175,160822.261341,1527.40649885069,105.29106787355695,0.15384615384615385,0.17972946336069823,0.8202705366393017,131917.7626137281,0.05340232209471123,0.9465976779052888,152233.9791408681,0.1797569262583867,268487.45447022276,326787.65975390363,0.7954028708470806,0.9520760386080886,True,False,False,False,131917.7626137281,152233.9791408681
Kunchi,109,166873.113019,704.9201127029581,236.72627580328046,0.3898305084745763,0.21003305203561998,0.78996694796438,131824.2437889345,0.31061188200693673,0.6893881179930632,115040.34132781216,0.3547344049107222,268487.45447022276,326787.65975390363,0.7954028708470806,0.9520760386080886,False,False,False,False,131824.2437889345,115040.34132781216
IsialaNgwaNorth,40,223526.21552599999,253.0335853322201,883.3855601916305,0.7822685788787483,0.41060251418032656,0.5893974858196734,131745.78944581083,0.19303121002411244,0.8069687899758875,180378.67967090564,0.41060251418032656,268487.45447022276,326787.65975390363,0.7954028708470806,0.9520760386080886,False,False,False,False,131745.78944581083,180378.67967090564
Miga,92,182898.79552,615.8917117662065,296.96583348312487,0.4680573663624511,0.2807590325733266,0.7192409674266734,131548.30663097813,0.052759886327410264,0.9472401136725898,173249.07585894456,0.28881555484422594,268487.45447022276,326787.65975390363,0.7954028708470806,0.9520760386080886,False,False,False,False,131548.30663097813,173249.07585894456
Nguru,136,231678.97040500003,942.861742759656,245.71892134142632,0.4015645371577575,0.4338936149849226,0.5661063850150774,131154.94441998965,0.17396041999104817,0.8260395800089518,191375.9994102526,0.4338936149849226,268487.45447022276,326787.65975390363,0.7954028708470806,0.9520760386080886,False,False,False,False,131154.94441998965,191375.9994102526
AfikpoNorth,31,238008.76698000007,198.65050109912883,1198.1281983337713,0.8252933507170795,0.45274243004595605,0.547257569954044,130252.09944523314,0.24264652301522757,0.7573534769847724,180256.76722516154,0.45694695790217593,268487.45447022276,326787.65975390363,0.7954028708470806,0.9520760386080886,False,False,False,False,130252.09944523314,180256.76722516154
GarumMallam,40,187699.45930200003,239.39550872991487,784.0558926849453,0.7614080834419817,0.3073952194279697,0.6926047805720303,130001.54282335048,0.15535293433086178,0.8446470656691383,158539.79752711818,0.3312197516097241,268487.45447022276,326787.65975390363,0.7954028708470806,0.9520760386080886,False,False,False,False,130001.54282335048,158539.79752711818
Kura,37,204712.678975,239.3395146547943,855.3233646782584,0.7783572359843546,0.36689811624636376,0.6331018837536362,129603.98268732589,0.16679822129481509,0.8332017787051849,170566.9682454735,0.36777628138413687,268487.45447022276,326787.65975390363,0.7954028708470806,0.9520760386080886,False,False,False,False,129603.98268732589,170566.9682454735
Ipokia,75,220189.71251800001,472.6487892141931,465.8632742592626,0.6049543676662321,0.41284078712844097,0.587159212871559,129286.41828448376,0.32560440759013615,0.6743955924098639,148494.97161613425,0.44512611432059596,268487.45447022276,326787.65975390363,0.7954028708470806,0.9520760386080886,False,False,False,False,129286.41828448376,148494.97161613425
IbarapaEast,114,173579.16751900004,818.3204184413164,212.1163832739532,0.35071707953063885,0.25522974775087415,0.7447702522491259,129276.60037831894,0.22920511126338985,0.7707948887366102,133793.93511480105,0.3168124240316868,268487.45447022276,326787.65975390363,0.7954028708470806,0.9520760386080886,False,False,False,False,129276.60037831894,133793.93511480105
Ikeduru,28,225497.324388,178.54650569630675,1262.9612856806775,0.8292046936114733,0.4272803579934534,0.5727196420065466,129146.74689692947,0.2252022000168218,0.7747977999831782,174714.83083791548,0.4272803579934534,268487.45447022276,326787.65975390363,0.7954028708470806,0.9520760386080886,False,False,False,False,129146.74689692947,174714.83083791548
Borsari,536,187154.27865900003,3874.7674971585448,48.30077644561758,0.027379400260756193,0.31072810399705164,0.6892718960029484,129000.18449635309,0.06156664707132959,0.9384333529286704,175631.8172369121,0.3109534920746996,268487.45447022276,326787.65975390363,0.7954028708470806,0.9520760386080886,False,False,False,False,129000.18449635309,175631.8172369121
Ini,73,185690.425686,471.33326213187115,393.96843084256363,0.5514993481095176,0.309566273861406,0.690433726138594,128206.93251464667,0.18270998073668826,0.8172900192633117,151762.93158592348,0.3097492938363428,268487.45447022276,326787.65975390363,0.7954028708470806,0.9520760386080886,False,False,False,False,128206.93251464667,151762.93158592348
GwerWest,177,170861.296026,1240.1931111223018,137.7699121964809,0.2333767926988266,0.24999638842556093,0.7500036115744391,128146.58909778936,0.060919607812912425,0.9390803921870876,160452.49288169015,0.2514019577086251,268487.45447022276,326787.65975390363,0.7954028708470806,0.9520760386080886,False,False,False,False,128146.58909778936,160452.49288169015
Kokona,229,159020.27008400002,1786.3984909305823,89.01724385199304,0.12255541069100391,0.19419119419799727,0.8058088058020028,128139.9339347,0.07881612613140979,0.9211838738685902,146486.90841960863,0.1943319711639813,268487.45447022276,326787.65975390363,0.7954028708470806,0.9520760386080886,True,False,False,False,128139.9339347,146486.90841960863
Girie,242,182965.932873,1859.193899241861,98.41143139917229,0.14471968709256844,0.3010359273747504,0.6989640726252496,127886.61359259013,0.12627656817213612,0.8737234318278639,159861.62277738415,0.3029006946022945,268487.45447022276,326787.65975390363,0.7954028708470806,0.9520760386080886,False,False,False,False,127886.61359259013,159861.62277738415
Kaugama,131,186650.21500999999,853.8963081538851,218.58651129846876,0.35853976531942633,0.31502146770274636,0.6849785322972537,127851.39033051662,0.054679762744310516,0.9453202372556895,176444.22553707863,0.31558936247928276,268487.45447022276,326787.65975390363,0.7954028708470806,0.9520760386080886,False,False,False,False,127851.39033051662,176444.22553707863
AwkaSouth,26,238169.955758,170.61249598181078,1395.970174326455,0.8448500651890483,0.4636522824000512,0.5363477175999488,127741.91217168409,0.20793791389105654,0.7920620861089435,188645.39200615624,0.46416532206232175,268487.45447022276,326787.65975390363,0.7954028708470806,0.9520760386080886,False,False,False,False,127741.91217168409,188645.39200615624
Epe,165,268691.99447000003,1195.9842383290886,224.66181899302455,0.36766623207301175,0.5256181769469481,0.4743818230530519,127462.59817643915,0.44016966818676545,0.5598303318132345,150421.9284196999,0.5670044879300468,268487.45447022276,326787.65975390363,0.7954028708470806,0.9520760386080886,False,False,False,False,127462.59817643915,150421.9284196999
Michika,82,179209.22200799998,493.5454109946041,363.10584196670663,0.5254237288135594,0.2887878827677038,0.7112121172322963,127455.7702118623,0.0905074303369712,0.9094925696630288,162989.45583136813,0.2915540355922618,268487.45447022276,326787.65975390363,0.7954028708470806,0.9520760386080886,False,False,False,False,127455.7702118623,162989.45583136813
Abi,44,185842.52683200003,285.03866896910324,651.9905790471693,0.7001303780964798,0.31571011821734357,0.6842898817826564,127170.16071605944,0.16291095421165375,0.8370890457883462,155566.74345269403,0.31956856081224577,268487.45447022276,326787.65975390363,0.7954028708470806,0.9520760386080886,False,False,False,False,127170.16071605944,155566.74345269403
Demsa,289,269398.585556,2280.3862761322634,118.13725962819062,0.19426336375488917,0.5281527818812886,0.47184721811871144,127114.97315971428,0.2634679283773981,0.7365320716226019,198420.69831175945,0.5298869243635644,268487.45447022276,326787.65975390363,0.7954028708470806,0.9520760386080886,False,False,False,False,127114.97315971428,198420.69831175945
Ejigbo,56,193164.46632399998,390.9238903933155,494.12295096534973,0.6232073011734028,0.34233090404690114,0.6576690959530989,127038.29993756788,0.4171902060775072,0.5828097939224928,112578.14281143872,0.4784412515562004,268487.45447022276,326787.65975390363,0.7954028708470806,0.9520760386080886,False,False,False,False,127038.29993756788,112578.14281143872
Obokun,74,199479.571489,519.2201328422321,384.1907485309568,0.5436766623207301,0.3643739726141289,0.6356260273858712,126794.40757018895,0.45963600146723865,0.5403639985327613,107791.57887539784,0.522670232646724,268487.45447022276,326787.65975390363,0.7954028708470806,0.9520760386080886,False,False,False,False,126794.40757018895,107791.57887539784
Oji-River,49,179272.606212,371.61261344335634,482.41797970973863,0.6140808344198174,0.2934076714838341,0.7065923285161659,126672.64826249877,0.20686226868340438,0.7931377313165956,142187.8681781991,0.2935150492158169,268487.45447022276,326787.65975390363,0.7954028708470806,0.9520760386080886,False,False,False,False,126672.64826249877,142187.8681781991
Isu,6,214967.292097,34.96543348889306,6147.994480471274,0.9621903520208605,0.41185337665732497,0.5881466233426751,126432.28697596908,0.22095317774596054,0.7790468222540394,167469.58579672372,0.41185337665732497,268487.45447022276,326787.65975390363,0.7954028708470806,0.9520760386080886,False,False,False,False,126432.28697596908,167469.58579672372
NdokwaWest,133,214987.25621000002,858.9343132058879,250.29534028927222,0.4067796610169492,0.4144276686899203,0.5855723313100797,125890.58882084712,0.25897486272427106,0.7410251372757289,159310.96104554756,0.438817977515971,268487.45447022276,326787.65975390363,0.7954028708470806,0.9520760386080886,False,False,False,False,125890.58882084712,159310.96104554756
Jama'are,89,172219.042639,546.7215579211914,315.003204362073,0.4863102998696219,0.2690623830117215,0.7309376169882785,125881.37662655338,0.11865849387243828,0.8813415061275617,151783.79042330303,0.29742740194606304,268487.45447022276,326787.65975390363,0.7954028708470806,0.9520760386080886,False,False,False,False,125881.37662655338,151783.79042330303
Okrika,31,256099.27161099997,194.19334755345486,1318.784988453348,0.8370273794002607,0.5088344395033438,0.49116556049665616,125787.14228360218,0.3835515630292207,0.6164484369707792,157871.99569395598,0.510928162382765,268487.45447022276,326787.65975390363,0.7954028708470806,0.9520760386080886,False,False,False,False,125787.14228360218,157871.99569395598
ObotAkara,34,212203.30982700002,230.94527896967952,918.8467102410866,0.78748370273794,0.40864226451211494,0.5913577354878851,125488.0687623288,0.18671352410059172,0.8132864758994083,172582.08202339112,0.40864226451211494,268487.45447022276,326787.65975390363,0.7954028708470806,0.9520760386080886,False,False,False,False,125488.0687623288,172582.08202339112
Irele,122,203105.21491599997,811.095813141163,250.40841245305697,0.40808344198174706,0.38249286282239847,0.6175071371776015,125418.91980862063,0.22832878564614625,0.7716712143538538,156730.44783583016,0.39132587980997624,268487.45447022276,326787.65975390363,0.7954028708470806,0.9520760386080886,False,False,False,False,125418.91980862063,156730.44783583016
Ahiazu-Mbaise,18,246445.53272999998,102.00433931817655,2416.029890270412,0.9152542372881356,0.4921844551074643,0.5078155448925357,125148.87248961617,0.23786212224495515,0.7621378777550448,187825.4752970536,0.4921844551074643,268487.45447022276,326787.65975390363,0.7954028708470806,0.9520760386080886,False,False,False,False,125148.87248961617,187825.4752970536
YewaSouth,101,233520.619381,656.9971643022404,355.43626680490934,0.5215123859191656,0.46416928004715713,0.5358307199528429,125127.52160675504,0.3350040858418558,0.6649959141581442,155290.25776004413,0.4855294390209832,268487.45447022276,326787.65975390363,0.7954028708470806,0.9520760386080886,False,False,False,False,125127.52160675504,155290.25776004413
Warawa,54,197514.87247,344.3589372849521,573.5726623716441,0.6649282920469362,0.36736643250627865,0.6326335674937213,124954.53840376351,0.24665894362387006,0.7533410563761299,148796.06267654637,0.39060594546689636,268487.45447022276,326787.65975390363,0.7954028708470806,0.9520760386080886,False,False,False,False,124954.53840376351,148796.06267654637
Kanke,175,177786.233832,1273.9605375184628,139.5539568111806,0.23728813559322035,0.29760335860682785,0.7023966413931721,124876.45352953795,0.10585604718723474,0.8941439528127653,158966.48587423906,0.30388906229539175,268487.45447022276,326787.65975390363,0.7954028708470806,0.9520760386080886,False,False,False,False,124876.45352953795,158966.48587423906
IdemiliSouth,15,254292.65088300002,110.61111863102526,2298.9791083414066,0.9087353324641461,0.509387881729021,0.49061211827097895,124759.05611045117,0.25525492299633523,0.7447450770036648,189383.1998633259,0.509432631586103,268487.45447022276,326787.65975390363,0.7954028708470806,0.9520760386080886,False,False,False,False,124759.05611045117,189383.1998633259
Boki,278,244378.28729900002,2317.7741033635284,105.43662859308029,0.15514993481095177,0.4897819759842228,0.5102180240157772,124686.2068580557,0.2008030394901723,0.7991969605098277,195306.38442395825,0.4918198469305071,268487.45447022276,326787.65975390363,0.7954028708470806,0.9520760386080886,False,False,False,False,124686.2068580557,195306.38442395825
Jere,91,242512.91996800003,869.9908656640977,278.753409419857,0.4380704041720991,0.4863298721790198,0.5136701278209802,124571.64259820172,0.11318889537961471,0.8868111046203853,215063.1504415372,0.4874379185572193,268487.45447022276,326787.65975390363,0.7954028708470806,0.9520760386080886,False,False,False,False,124571.64259820172,215063.1504415372
Afijio,113,207796.603164,722.3735388557501,287.6581048264209,0.4511082138200782,0.4008417479425333,0.5991582520574668,124503.0495352213,0.30122427005685093,0.6987757299431491,145203.22305563098,0.45030136874635085,268487.45447022276,326787.65975390363,0.7954028708470806,0.9520760386080886,False,False,False,False,124503.0495352213,145203.22305563098
Awe,289,155926.312879,2616.1629795298522,59.60114644960741,0.054758800521512385,0.20326377645049623,0.7967362235495038,124232.14167521281,0.04418156909594984,0.9558184309040502,149037.24371265978,0.20437206271877742,268487.45447022276,326787.65975390363,0.7954028708470806,0.9520760386080886,True,True,False,False,124232.14167521281,149037.24371265978
IdeatoNorth,27,220147.886281,185.58448801006966,1186.2407717451847,0.8226857887874837,0.43853207785442505,0.561467922145575,123605.9762749334,0.23128292466971037,0.7687170753302897,169231.43928207553,0.43853207785442505,268487.45447022276,326787.65975390363,0.7954028708470806,0.9520760386080886,False,False,False,False,123605.9762749334,169231.43928207553
IsokoNorth,79,203095.76788499998,483.9504582382169,419.6623113538397,0.5749674054758801,0.3921802668579736,0.6078197331420264,123445.61543813563,0.32135060996243586,0.6786493900375641,137830.81899436592,0.4078268488841185,268487.45447022276,326787.65975390363,0.7954028708470806,0.9520760386080886,False,False,False,False,123445.61543813563,137830.81899436592
Oye,50,207789.206114,466.63373235341584,445.29401049949394,0.590612777053455,0.40747413733562016,0.5925258626643799,123120.4786050445,0.45720482558909215,0.5427951744109079,112786.97837335271,0.5201815709304686,268487.45447022276,326787.65975390363,0.7954028708470806,0.9520760386080886,False,False,False,False,123120.4786050445,112786.97837335271
Warji,96,163309.931008,647.9822280437577,252.0284105646364,0.4132985658409387,0.24629875622492786,0.7537012437750721,123086.89812155082,0.09391727699168123,0.9060827230083188,147972.30698202935,0.25804916330916494,268487.45447022276,326787.65975390363,0.7954028708470806,0.9520760386080886,False,False,False,False,123086.89812155082,147972.30698202935
Konduga,297,349413.781194,5866.754729423343,59.55827323777428,0.05345501955671447,0.6479535558998479,0.35204644410015207,123009.87918893628,0.2102686943860546,0.7897313056139454,275943.0016218431,0.6479562383084427,268487.45447022276,326787.65975390363,0.7954028708470806,0.9520760386080886,False,False,False,False,123009.87918893628,275943.0016218431
Eket,24,239688.26571100001,161.3947883268054,1485.1053630409647,0.8552803129074316,0.48707594862464637,0.5129240513753537,122941.8763156184,0.25930150968383603,0.740698490316164,177536.7365586373,0.4909185380147504,268487.45447022276,326787.65975390363,0.7954028708470806,0.9520760386080886,False,False,False,False,122941.8763156184,177536.7365586373
Augie,192,188991.559258,1514.0692378399467,124.82359097898693,0.20599739243807041,0.3504869791348915,0.6495130208651085,122752.47857167074,0.09941096022492489,0.9005890397750751,170203.72687775642,0.350729874624841,268487.45447022276,326787.65975390363,0.7954028708470806,0.9520760386080886,False,False,False,False,122752.47857167074,170203.72687775642
Guri,154,171327.464137,1069.598406665753,160.1792439753881,0.2607561929595828,0.28480133781428113,0.7151986621857189,122533.17314645414,0.044834791222067745,0.9551652087779322,163646.0330518113,0.28490096775868945,268487.45447022276,326787.65975390363,0.7954028708470806,0.9520760386080886,False,True,False,False,122533.17314645414,163646.0330518113
Illela,140,188077.31309,1008.1647080208996,186.5541529014732,0.31421121251629724,0.35252384340173765,0.6474761565982623,121775.57582284126,0.038681993328003185,0.9613180066719968,180802.10771990387,0.35252384340173765,268487.45447022276,326787.65975390363,0.7954028708470806,0.9520760386080886,False,True,False,False,121775.57582284126,180802.10771990387
SokotoNorth,6,340440.123442,39.5655008730629,8604.468942127798,0.9674054758800521,0.6423842773701633,0.35761572262983665,121746.74075690162,0.3191948795573641,0.680805120442636,231773.37924343668,0.6423842773701633,268487.45447022276,326787.65975390363,0.7954028708470806,0.9520760386080886,False,False,False,False,121746.74075690162,231773.37924343668
Kusada,64,146030.47733000002,398.32855040866593,366.6081107673045,0.529335071707953,0.16661175572520293,0.8333882442747971,121700.08311265928,0.24001472024509557,0.7599852797549045,110981.01316638231,0.2841931345613104,268487.45447022276,326787.65975390363,0.7954028708470806,0.9520760386080886,True,False,False,False,121700.08311265928,110981.01316638231
Atisbo,230,154012.03325799998,2700.915452090187,57.02216007495274,0.048239895697522815,0.21136063408516936,0.7886393659148306,121459.95225184291,0.10325599603303845,0.8967440039669615,138109.36736287174,0.2114630588431605,268487.45447022276,326787.65975390363,0.7954028708470806,0.9520760386080886,False,False,False,False,121459.95225184291,138109.36736287174
Yunusari,474,169792.012466,3513.25790720274,48.3289348379176,0.028683181225554105,0.287692035029303,0.7123079649706969,120944.20286793566,0.02956435606658372,0.9704356439334163,164772.22095219334,0.287692035029303,268487.45447022276,326787.65975390363,0.7954028708470806,0.9520760386080886,False,True,False,False,120944.20286793566,164772.22095219334
SabonBirni,188,173052.36402799998,1610.0934266509146,107.47970345295968,0.16166883963494133,0.30166339473883347,0.6983366052611666,120848.80042773313,0.03292733885590045,0.9670726611440995,167354.21019783537,0.30243342682953545,268487.45447022276,326787.65975390363,0.7954028708470806,0.9520760386080886,False,True,False,False,120848.80042773313,167354.21019783537
Pategi,204,157537.924189,2939.5005310092015,53.59343280503285,0.03389830508474576,0.23521083709167587,0.7647891629083241,120483.29716682034,0.08904939584026304,0.9109506041597369,143509.2672180404,0.2356469880766927,268487.45447022276,326787.65975390363,0.7954028708470806,0.9520760386080886,False,False,False,False,120483.29716682034,143509.2672180404
Sapele,68,280811.52895699994,432.7122016202255,648.9568075629566,0.6975228161668839,0.5712091643971943,0.42879083560280573,120409.41014837348,0.5138976278724966,0.4861023721275034,136503.1503467488,0.6197538492626209,268487.45447022276,326787.65975390363,0.7954028708470806,0.9520760386080886,False,False,False,False,120409.41014837348,136503.1503467488
Irepodun/Ifelodun,55,221290.63217100003,378.52428921521346,584.6140881204673,0.6714471968709257,0.4568090795126339,0.5431909204873662,120203.06218419668,0.4939629547163689,0.5060370452836311,111981.25765275971,0.577111896747308,268487.45447022276,326787.65975390363,0.7954028708470806,0.9520760386080886,False,False,False,False,120203.06218419668,111981.25765275971
WarriNorth,235,174210.08960200002,1631.7242849000927,106.7644155413588,0.1577574967405476,0.31606531502630875,0.6839346849736913,119148.32275118241,0.2165654591815077,0.7834345408184923,136482.2015532913,0.319183184605101,268487.45447022276,326787.65975390363,0.7954028708470806,0.9520760386080886,False,False,False,False,119148.32275118241,136482.2015532913
EnuguSouth,10,250960.16179100002,70.16996227678489,3576.461403828173,0.9413298565840938,0.5255573905047121,0.47444260949528794,119066.1940394817,0.4943976609462273,0.5056023390537727,126886.04481084285,0.6740130622622872,268487.45447022276,326787.65975390363,0.7954028708470806,0.9520760386080886,False,False,False,False,119066.1940394817,126886.04481084285
Taura,91,173971.391274,675.3105094245742,257.61688711499454,0.4198174706649283,0.32011684368251264,0.6798831563174874,118280.2186083117,0.05387871141894776,0.9461212885810523,164598.03688839532,0.320461453129993,268487.45447022276,326787.65975390363,0.7954028708470806,0.9520760386080886,False,False,False,False,118280.2186083117,164598.03688839532
Yabo,101,180444.62769599995,825.6658389686178,218.54437858468594,0.35723598435462844,0.34471377379867574,0.6552862262013243,118242.87912121476,0.036095051141795564,0.9639049488582044,173931.46963105057,0.34471377379867574,268487.45447022276,326787.65975390363,0.7954028708470806,0.9520760386080886,False,True,False,False,118242.87912121476,173931.46963105057
Uruan,46,188460.88284100004,290.69173003714116,648.3186942295218,0.6962190352020861,0.3726148519278814,0.6273851480721186,118237.55888700302,0.19404453191059148,0.8059554680894085,151891.07904666138,0.3726206900522313,268487.45447022276,326787.65975390363,0.7954028708470806,0.9520760386080886,False,False,False,False,118237.55888700302,151891.07904666138
Lagelu,41,256496.917336,266.2566840959775,963.3445192442215,0.7979139504563233,0.5390298432497859,0.46097015675021413,118237.42419032264,0.4924702806393362,0.5075297193606638,130179.80847241548,0.7200875315520567,268487.45447022276,326787.65975390363,0.7954028708470806,0.9520760386080886,False,False,False,False,118237.42419032264,130179.80847241548
Njaba,14,223738.07116300002,80.30005036182627,2786.2756020058805,0.9256844850065189,0.4726063860210715,0.5273936139789285,117998.02993532926,0.23170265212247343,0.7682973478775266,171897.3666937662,0.4726063860210715,268487.45447022276,326787.65975390363,0.7954028708470806,0.9520760386080886,False,False,False,False,117998.02993532926,171897.3666937662
Oguta,74,199560.78564400002,477.7210652733456,417.73495068678625,0.5710560625814863,0.4096390547327745,0.5903609452672255,117812.89405106202,0.21116751216560622,0.7888324878343937,157420.0310137427,0.41206872707473574,268487.45447022276,326787.65975390363,0.7954028708470806,0.9520760386080886,False,False,False,False,117812.89405106202,157420.0310137427
Ikono,39,189294.367239,269.11409502668954,703.3981896051437,0.7209908735332464,0.377754201870641,0.622245798129359,117787.62462402355,0.1938934497529998,0.8061065502470002,152591.42935621907,0.377754201870641,268487.45447022276,326787.65975390363,0.7954028708470806,0.9520760386080886,False,False,False,False,117787.62462402355,152591.42935621907
IlorinEast,59,361764.127142,433.2666332189367,834.9688145941178,0.7731421121251629,0.6745922641745761,0.3254077358254239,117720.84551613902,0.31762672816456766,0.6823732718354323,246858.17107057586,0.6775169653758322,268487.45447022276,326787.65975390363,0.7954028708470806,0.9520760386080886,False,False,False,False,117720.84551613902,246858.17107057586
IkotAbasi,54,200935.63909000004,333.11781829709344,603.1969112825847,0.6792698826597132,0.41487591843640714,0.5851240815635929,117572.28127592984,0.21881297454800203,0.7811870254519979,156968.31420801333,0.41487591843640714,268487.45447022276,326787.65975390363,0.7954028708470806,0.9520760386080886,False,False,False,False,117572.28127592984,156968.31420801333
Mai'Adua,61,176184.371661,386.41932944779586,455.94088658238826,0.5932203389830508,0.3331034134514882,0.6668965865485118,117496.75606391527,0.21438147713763234,0.7856185228623677,138413.7058157492,0.36541310058185367,268487.45447022276,326787.65975390363,0.7954028708470806,0.9520760386080886,False,False,False,False,117496.75606391527,138413.7058157492
Shani,163,156143.914083,1192.7297302924512,130.9130728591081,0.22164276401564537,0.24755681048183228,0.7524431895181677,117489.42473646328,0.06346232153662656,0.9365376784633734,146234.65880147726,0.2509669825530005,268487.45447022276,326787.65975390363,0.7954028708470806,0.9520760386080886,False,False,False,False,117489.42473646328,146234.65880147726
Omala,154,146487.302462,1745.5406433741327,83.92087747601214,0.10560625814863103,0.1984175353836553,0.8015824646163447,117421.6529424899,0.13091825746945515,0.8690817425305448,127309.44008227393,0.1987760004883462,268487.45447022276,326787.65975390363,0.7954028708470806,0.9520760386080886,True,False,False,False,117421.6529424899,127309.44008227393
Idanre,180,187705.28869199997,1891.1238563779132,99.25594670013504,0.14732724902216426,0.37493254312647245,0.6250674568735275,117328.46744441972,0.26941977719572907,0.7305802228042709,137133.77163414133,0.4252820826677001,268487.45447022276,326787.65975390363,0.7954028708470806,0.9520760386080886,False,False,False,False,117328.46744441972,137133.77163414133
Bunza,97,176607.60648599998,805.2548219732213,219.31890585049246,0.35984354628422427,0.3372680961161544,0.6627319038838456,117043.49528683577,0.054641004930484786,0.9453589950695153,166957.58938923734,0.3372680961161544,268487.45447022276,326787.65975390363,0.7954028708470806,0.9520760386080886,False,False,False,False,117043.49528683577,166957.58938923734
Marte,125,163543.23864,2264.0178091054227,72.23584460434105,0.08344198174706649,0.2857249589891594,0.7142750410108406,116814.85348663169,0.058008415374432326,0.9419915846255676,154056.35452129095,0.2872543597797162,268487.45447022276,326787.65975390363,0.7954028708470806,0.9520760386080886,False,False,False,False,116814.85348663169,154056.35452129095
RiminGado,34,160234.549302,209.20222282230225,765.9313899265032,0.7522816166883963,0.2710315194422307,0.7289684805577693,116805.93593753791,0.25956721860633064,0.7404327813936693,118642.91301504089,0.3831673519284754,268487.45447022276,326787.65975390363,0.7954028708470806,0.9520760386080886,False,False,False,False,116805.93593753791,118642.91301504089
Ijumu,78,174835.776849,911.2374878478306,191.86631276762856,0.3220338983050847,0.332509112409159,0.667490887590841,116701.28787157321,0.20958514451952046,0.7904148554804795,138192.7952909197,0.33265351363653256,268487.45447022276,326787.65975390363,0.7954028708470806,0.9520760386080886,False,False,False,False,116701.28787157321,138192.7952909197
OwerriNorth,31,262757.25022800005,197.97163349451148,1327.246967608037,0.8383311603650587,0.5588051963037025,0.4411948036962975,115927.1334341214,0.3279461763667615,0.6720538236332385,176587.01470308306,0.5608694063903008,268487.45447022276,326787.65975390363,0.7954028708470806,0.9520760386080886,False,False,False,False,115927.1334341214,176587.01470308306
Tangaza,212,176165.838026,2451.3374177957858,71.86519356621508,0.08213820078226858,0.34207334736312306,0.657926652636877,115904.20012141645,0.03244155593077514,0.9675584440692249,170450.74413858767,0.34207334736312306,268487.45447022276,326787.65975390363,0.7954028708470806,0.9520760386080886,False,True,False,False,115904.20012141645,170450.74413858767
Moro,353,154873.634418,3170.5349238329295,48.84779323949848,0.02998696219035202,0.25343586172142735,0.7465641382785726,115623.10142134485,0.11196922496541095,0.888030775034589,137532.55360464015,0.2537642020809948,268487.45447022276,326787.65975390363,0.7954028708470806,0.9520760386080886,False,False,False,False,115623.10142134485,137532.55360464015
Dunukofia,10,166866.956875,58.480231584514065,2853.390835736489,0.9282920469361148,0.30977352195239294,0.6902264780476071,115175.99194635318,0.15375701086951532,0.8462429891304847,141209.99237300767,0.30977352195239294,268487.45447022276,326787.65975390363,0.7954028708470806,0.9520760386080886,False,False,False,False,115175.99194635318,141209.99237300767
AkokoNorth-East,49,233628.744819,428.5614609112028,545.1464168575986,0.6505867014341591,0.507265813478152,0.49273418652184797,115116.86952651037,0.4013308271074434,0.5986691728925566,139866.3274247169,0.565463033144195,268487.45447022276,326787.65975390363,0.7954028708470806,0.9520760386080886,False,False,False,False,115116.86952651037,139866.3274247169
Akuku-Toru,65,180913.965642,484.29113049392737,373.56448270585975,0.5345501955671447,0.36433241164732516,0.6356675883526748,115001.1442389688,0.1694720276676809,0.8305279723323191,150254.1090512491,0.37206516852765364,268487.45447022276,326787.65975390363,0.7954028708470806,0.9520760386080886,False,False,False,False,115001.1442389688,150254.1090512491
Shinkafi,110,180597.731487,916.5197680966232,197.04728449235222,0.3350717079530639,0.3638046497837187,0.6361953502162814,114895.43703163792,0.08509356561788724,0.9149064343821127,165230.0265722694,0.3638046497837187,268487.45447022276,326787.65975390363,0.7954028708470806,0.9520760386080886,False,False,False,False,114895.43703163792,165230.0265722694
Sardauna,414,148196.82003799998,3601.6661565409054,41.14673975789317,0.024771838331160364,0.2298587792616038,0.7701412207383962,114132.47989361371,0.08181668795402598,0.918183312045974,136071.84705717198,0.23071973543245985,268487.45447022276,326787.65975390363,0.7954028708470806,0.9520760386080886,False,False,False,False,114132.47989361371,136071.84705717198
Gulani,248,158173.5958,2319.6523186650566,68.18849295959483,0.07170795306388526,0.27894463837940725,0.7210553616205928,114051.91931839849,0.040684253662067585,0.9593157463379324,151738.42110583145,0.2791307279753677,268487.45447022276,326787.65975390363,0.7954028708470806,0.9520760386080886,False,True,False,False,114051.91931839849,151738.42110583145
NsitUbium,33,194332.861819,202.5695028944862,959.3391850313398,0.7966101694915254,0.4150109009668057,0.5849890990331943,113682.60574803906,0.2065160284417882,0.7934839715582118,154200.0110004133,0.4151208042777349,268487.45447022276,326787.65975390363,0.7954028708470806,0.9520760386080886,False,False,False,False,113682.60574803906,154200.0110004133
Olorunda,16,226483.814599,92.34864795953757,2452.486523660136,0.9178617992177314,0.4988413272934906,0.5011586727065094,113504.32791394199,0.6670050799995543,0.3329949200004457,75417.95972378978,0.7811304504906192,268487.45447022276,326787.65975390363,0.7954028708470806,0.9520760386080886,False,False,False,False,113504.32791394199,75417.95972378978
Yusufari,528,153901.69117099998,3856.2679758115482,39.90949076577374,0.02216427640156454,0.26341845747714293,0.736581542522857,113361.14507961154,0.02433874449793266,0.9756612555020674,150155.9172317893,0.2634969093498846,268487.45447022276,326787.65975390363,0.7954028708470806,0.9520760386080886,False,True,False,False,113361.14507961154,150155.9172317893
Wamako,80,318082.132498,569.912215436851,558.1247846287741,0.6584093872229465,0.6449209673016474,0.3550790326983526,112944.29592601907,0.3207762795862327,0.6792237204137672,216048.92943243642,0.6449209673016474,268487.45447022276,326787.65975390363,0.7954028708470806,0.9520760386080886,False,False,False,False,112944.29592601907,216048.92943243642
Nembe,124,178546.030565,864.4791772966296,206.53595280726503,0.3428943937418514,0.3683960723075223,0.6316039276924776,112770.37417875516,0.2127247553937834,0.7872752446062166,140564.8698865294,0.3730746375573305,268487.45447022276,326787.65975390363,0.7954028708470806,0.9520760386080886,False,False,False,False,112770.37417875516,140564.8698865294
Onna,24,182768.71033600002,144.27923988343292,1266.7706766660524,0.8305084745762712,0.38343891706765965,0.6165610829323404,112688.0739709114,0.21200768895717417,0.7879923110428259,144020.33844398145,0.38343891706765965,268487.45447022276,326787.65975390363,0.7954028708470806,0.9520760386080886,False,False,False,False,112688.0739709114,144020.33844398145
Bekwarra,48,140757.68835,313.6118956656689,448.82764428061444,0.5919165580182529,0.19987927122613164,0.8001207287738683,112623.14418312703,0.15514982812755387,0.8448501718724462,118919.15719486572,0.20971747253573317,268487.45447022276,326787.65975390363,0.7954028708470806,0.9520760386080886,True,False,False,False,112623.14418312703,118919.15719486572
NdokwaEast,255,157318.837115,1707.5688843194287,92.13030206842943,0.1290743155149935,0.2868023902152377,0.7131976097847623,112199.41860453636,0.16844779841785307,0.8315522015821469,130818.82535332142,0.29221790752302396,268487.45447022276,326787.65975390363,0.7954028708470806,0.9520760386080886,False,False,False,False,112199.41860453636,130818.82535332142
LangtangSouth,138,145230.60041599997,1356.8394939509274,107.0359471871715,0.1590612777053455,0.22843749063796856,0.7715625093620314,112054.48649312342,0.039384491569378045,0.9606155084306219,139510.76705830032,0.2285294985057165,268487.45447022276,326787.65975390363,0.7954028708470806,0.9520760386080886,False,True,False,False,112054.48649312342,139510.76705830032
Ikwuano,33,178518.58818299999,237.09670238039476,752.9357700495858,0.7431551499348109,0.37383760693020146,0.6261623930697986,111781.62638410914,0.249148859267904,0.750851140732096,134040.88557908882,0.3740603675618709,268487.45447022276,326787.65975390363,0.7954028708470806,0.9520760386080886,False,False,False,False,111781.62638410914,134040.88557908882
Binji,66,149859.040421,525.7547017515478,285.036044226986,0.4445893089960887,0.254088542533638,0.745911457466362,111781.57525493858,0.023639180534882898,0.9763608194651171,146316.49550970367,0.254088542533638,268487.45447022276,326787.65975390363,0.7954028708470806,0.9520760386080886,False,True,False,False,111781.57525493858,146316.49550970367
Abak,28,225256.19766900002,177.19413793786524,1271.2395584327298,0.833116036505867,0.5040910382054812,0.4959089617945188,111706.5671238147,0.24107492594871283,0.7589250740512872,170952.57649645722,0.5040910382054812,268487.45447022276,326787.65975390363,0.7954028708470806,0.9520760386080886,False,False,False,False,111706.5671238147,170952.57649645722
Orlu,20,225942.77762500002,129.5815875043085,1743.6333508222192,0.8865710560625815,0.5070065553532674,0.49299344464673256,111388.30823439945,0.2284426073198165,0.7715573926801835,174327.82039926352,0.5070065553532674,268487.45447022276,326787.65975390363,0.7954028708470806,0.9520760386080886,False,False,False,False,111388.30823439945,174327.82039926352
Akwanga,124,160401.327277,844.5186178079841,189.93225713997228,0.3194263363754889,0.306747232559915,0.693252767440085,111198.66403584304,0.16470836516722182,0.8352916348327781,133981.88689055282,0.306747232559915,268487.45447022276,326787.65975390363,0.7954028708470806,0.9520760386080886,False,False,False,False,111198.66403584304,133981.88689055282
Obanliku,83,157179.293092,698.9054322095556,224.8935061143899,0.37027379400260757,0.29357629781133154,0.7064237021886685,111035.17813344844,0.18382530273767392,0.816174697262326,128285.76195526953,0.29695457440864087,268487.45447022276,326787.65975390363,0.7954028708470806,0.9520760386080886,False,False,False,False,111035.17813344844,128285.76195526953
Uvwie,17,343847.060941,99.37007332470945,3460.2677590608023,0.9387222946544981,0.6773170151275604,0.3226829848724396,110953.59596405753,0.45488263078272073,0.5451173692172793,187437.00527325142,0.7100073416165767,268487.45447022276,326787.65975390363,0.7954028708470806,0.9520760386080886,False,False,False,False,110953.59596405753,187437.00527325142
AnambraEast,59,223286.51867599998,378.43819068303986,590.0211029785129,0.6740547588005215,0.5036407277302071,0.49635927226979293,110830.33391767487,0.3599493259547693,0.6400506740452307,142914.68678378678,0.5401425028495637,268487.45447022276,326787.65975390363,0.7954028708470806,0.9520760386080886,False,False,False,False,110830.33391767487,142914.68678378678
Sakaba,198,131809.717833,1354.166139780334,97.33644488731751,0.14341590612777053,0.16076358764106163,0.8392364123589384,110619.5147082109,0.07810932605549656,0.9218906739445034,121514.1496054992,0.17794993147955093,268487.45447022276,326787.65975390363,0.7954028708470806,0.9520760386080886,True,False,False,False,110619.5147082109,121514.1496054992
Tofa,33,149666.40215400004,203.431727734943,735.7082585908363,0.7314211212516297,0.2616221368482796,0.7383778631517204,110510.35820807659,0.23426739690192364,0.7657326030980763,114604.44371770599,0.3287638450669629,268487.45447022276,326787.65975390363,0.7954028708470806,0.9520760386080886,False,False,False,False,110510.35820807659,114604.44371770599
Ukanafun,43,199763.45266100002,278.34022006509633,717.6952458192377,0.7235984354628422,0.4480733360518297,0.5519266639481704,110254.776005954,0.17471590510261134,0.8252840948973886,164861.60022291075,0.4480733360518297,268487.45447022276,326787.65975390363,0.7954028708470806,0.9520760386080886,False,False,False,False,110254.776005954,164861.60022291075
NnewiNorth,11,241081.780242,64.40326405600054,3743.31617776969,0.9426336375488917,0.5434309648306913,0.4565690351693087,110070.47580198925,0.26052340503806815,0.7394765949619319,178274.3339607149,0.5434309648306913,268487.45447022276,326787.65975390363,0.7954028708470806,0.9520760386080886,False,False,False,False,110070.47580198925,178274.3339607149
Mobbar,484,173535.78020600002,3213.285210529889,54.00571964086033,0.035202086049543675,0.3669082024956126,0.6330917975043874,109864.07902194285,0.037199835745570245,0.9628001642544297,167080.27768635744,0.36707677967784247,268487.45447022276,326787.65975390363,0.7954028708470806,0.9520760386080886,False,True,False,False,109864.07902194285,167080.27768635744
Boripe,20,162043.63974299998,137.5640787048285,1177.9502415793975,0.8213820078226858,0.32253287212813003,0.67746712787187,109779.23920659421,0.4135889869879926,0.5864110130120074,95024.1749338454,0.47817631843574676,268487.45447022276,326787.65975390363,0.7954028708470806,0.9520760386080886,False,False,False,False,109779.23920659421,95024.1749338454
Ekwusigo,17,202478.76367400002,106.70307842245022,1897.5906475009317,0.894393741851369,0.45840140338694724,0.5415985966130528,109662.21424978437,0.17938926604742272,0.8206107339525772,166156.2468683316,0.4584579134842449,268487.45447022276,326787.65975390363,0.7954028708470806,0.9520760386080886,False,False,False,False,109662.21424978437,166156.2468683316
Calabar,27,314329.95664600004,158.83930831862247,1978.917938974352,0.8996088657105606,0.6512111207151215,0.34878887928487845,109634.79330422278,0.4940045161057546,0.5059954838942454,159049.53851554997,0.6733832571427962,268487.45447022276,326787.65975390363,0.7954028708470806,0.9520760386080886,False,False,False,False,109634.79330422278,159049.53851554997
Itu,40,210289.976195,254.23051836463569,827.1625985255909,0.7692307692307693,0.4788003367400235,0.5211996632599765,109603.06477978246,0.2440998939542108,0.7559001060457892,158958.21530616697,0.4808477825549005,268487.45447022276,326787.65975390363,0.7954028708470806,0.9520760386080886,False,False,False,False,109603.06477978246,158958.21530616697
Irewole,27,208511.59712700002,308.5905420279665,675.6901742896039,0.7066492829204694,0.47490996073257774,0.5250900392674223,109487.36272312936,0.5519514704975285,0.44804852950247154,93423.31447696412,0.6671873500123707,268487.45447022276,326787.65975390363,0.7954028708470806,0.9520760386080886,False,False,False,False,109487.36272312936,93423.31447696412
Mikang,116,134135.04127600003,744.856801079902,180.08164936069525,0.3050847457627119,0.18384318979670883,0.8161568102032912,109475.227424307,0.06569853035735293,0.934301469642647,125322.56619474395,0.1943971745047997,268487.45447022276,326787.65975390363,0.7954028708470806,0.9520760386080886,True,False,False,False,109475.227424307,125322.56619474395
Obowo,11,183018.18693400003,75.52773185776707,2423.191885050351,0.9165580182529335,0.40273552012032104,0.5972644798796789,109310.26222765737,0.21871517125232304,0.781284828747677,142989.33283644056,0.40273552012032104,268487.45447022276,326787.65975390363,0.7954028708470806,0.9520760386080886,False,False,False,False,109310.26222765737,142989.33283644056
Yankwashi,67,156042.96689900002,446.5366046661087,349.4516804858112,0.5149934810951761,0.3049605031458993,0.6950394968541007,108456.02520110206,0.07890827888714623,0.9210917211128538,143729.884948556,0.3281488560239626,268487.45447022276,326787.65975390363,0.7954028708470806,0.9520760386080886,False,False,False,False,108456.02520110206,143729.884948556
Ise/Orun,21,148577.615372,334.9874950637988,443.531825997574,0.5893089960886571,0.27131767792088274,0.7286823220791172,108265.8817782469,0.5219760541874465,0.4780239458125535,71023.65795954334,0.5737173408184614,268487.45447022276,326787.65975390363,0.7954028708470806,0.9520760386080886,False,False,False,False,108265.8817782469,71023.65795954334
IsialaNgwaSouth,40,190680.84178199997,260.0743063754079,733.1783152264147,0.7288135593220338,0.4327107811739708,0.5672892188260292,108171.18577960043,0.18933821048312846,0.8106617895168715,154577.67242557954,0.4327107811739708,268487.45447022276,326787.65975390363,0.7954028708470806,0.9520760386080886,False,False,False,False,108171.18577960043,154577.67242557954
Ikwerre,90,245259.01930800002,670.5431802993262,365.7617085875334,0.5280312907431551,0.5592309580599526,0.4407690419400474,108102.58296754275,0.45489423393674694,0.545105766063253,133692.1056038095,0.5857715792604433,268487.45447022276,326787.65975390363,0.7954028708470806,0.9520760386080886,False,False,False,False,108102.58296754275,133692.1056038095
Lamurde,131,153366.272029,1162.905046203338,131.88202470159663,0.2242503259452412,0.29539468257081236,0.7046053174291876,108062.6907859247,0.08038774747850919,0.9196122525214908,141037.50288141242,0.2960605975979026,268487.45447022276,326787.65975390363,0.7954028708470806,0.9520760386080886,False,False,False,False,108062.6907859247,141037.50288141242
Gurara,153,134150.923813,1137.112900433366,117.97502584121035,0.19295958279009126,0.19562717728864934,0.8043728227113507,107907.35725679816,0.08544531625552369,0.9145546837444763,122688.35570182756,0.20405758221241577,268487.45447022276,326787.65975390363,0.7954028708470806,0.9520760386080886,True,False,False,False,107907.35725679816,122688.35570182756
Nganzai,261,170978.47244800001,2491.720643797127,68.6186362318074,0.07301173402868318,0.36950641161438774,0.6304935883856122,107800.83063043006,0.036197927701861775,0.9638020722981382,164789.40606375254,0.37004671089637525,268487.45447022276,326787.65975390363,0.7954028708470806,0.9520760386080886,False,True,False,False,107800.83063043006,164789.40606375254
Gboyin,36,211534.08673,418.7605978406759,505.1432437071873,0.6271186440677966,0.4905680926736756,0.5094319073263244,107762.21326739603,0.3651956056342676,0.6348043943657324,134282.76781434598,0.5182253553777572,268487.45447022276,326787.65975390363,0.7954028708470806,0.9520760386080886,False,False,False,False,107762.21326739603,134282.76781434598
IkotEkpene,19,212509.81391400003,132.9405074192901,1598.533193827453,0.8683181225554107,0.4958296837267829,0.5041703162732172,107141.14009218392,0.2476991968623401,0.7523008031376599,159871.30368213687,0.4958296837267829,268487.45447022276,326787.65975390363,0.7954028708470806,0.9520760386080886,False,False,False,False,107141.14009218392,159871.30368213687
Ehime-Mbano,22,187698.805004,149.70303556286586,1253.8076084982144,0.8279009126466753,0.42932408395641164,0.5706759160435884,107115.18748594457,0.2264983116724188,0.7735016883275811,145185.34256766344,0.42932408395641164,268487.45447022276,326787.65975390363,0.7954028708470806,0.9520760386080886,False,False,False,False,107115.18748594457,145185.34256766344
AwkaNorth,61,197330.53133299996,388.04432711230425,508.52574704922915,0.6323337679269883,0.45739785193213384,0.5426021480678662,107071.97018065916,0.23156520124502414,0.7684347987549759,151635.64713308628,0.45739785193213384,268487.45447022276,326787.65975390363,0.7954028708470806,0.9520760386080886,False,False,False,False,107071.97018065916,151635.64713308628
Ajaokuta,135,164428.67045199996,1369.6716823830147,120.04969699447956,0.1981747066492829,0.3519301069438125,0.6480698930561875,106561.27087519871,0.17311885006344757,0.8268811499365525,135962.96810588817,0.3527384991035416,268487.45447022276,326787.65975390363,0.7954028708470806,0.9520760386080886,False,False,False,False,106561.27087519871,135962.96810588817
UmuahiaSouth,20,167713.270314,130.38101503176225,1286.3319883891318,0.834419817470665,0.3672390208595518,0.6327609791404483,106122.41313873332,0.22480197104984445,0.7751980289501555,130010.99657619743,0.3672390208595518,268487.45447022276,326787.65975390363,0.7954028708470806,0.9520760386080886,False,False,False,False,106122.41313873332,130010.99657619743
Monguno,182,145809.63815100002,1508.9638761315093,96.628978637188,0.1408083441981747,0.273909019488558,0.7260909805114419,105871.06313307816,0.05018504103183424,0.9498149589681657,138492.17547755517,0.273909019488558,268487.45447022276,326787.65975390363,0.7954028708470806,0.9520760386080886,False,False,False,False,105871.06313307816,138492.17547755517
Apa,100,135151.043312,889.357969722712,151.96472951621269,0.2503259452411995,0.21785303813116125,0.7821469618688388,105707.97791988464,0.0995281663302244,0.9004718336697756,121699.7077935399,0.2180174356099584,268487.45447022276,326787.65975390363,0.7954028708470806,0.9520760386080886,False,False,False,False,105707.97791988464,121699.7077935399
Omumma,47,157297.107616,301.25181505829374,522.1449291037871,0.6401564537157758,0.32875901519176626,0.6712409848082337,105584.26542365055,0.20556383950724968,0.7944361604927503,124962.51023106999,0.33211829063052517,268487.45447022276,326787.65975390363,0.7954028708470806,0.9520760386080886,False,False,False,False,105584.26542365055,124962.51023106999
IbarapaNorth,133,148896.727846,1241.7097467612969,119.91266738008744,0.196870925684485,0.2934662693705593,0.7065337306294407,105200.5606035509,0.1879636376654002,0.8120363623345999,120909.55724359075,0.2934662693705593,268487.45447022276,326787.65975390363,0.7954028708470806,0.9520760386080886,False,False,False,False,105200.5606035509,120909.55724359075
SokotoSouth,4,209128.39980199997,30.146043122334397,6937.175766429603,0.9634941329856584,0.49718442655797934,0.5028155734420207,105153.01626945478,0.14643580252264465,0.8535641974773553,178504.5147467176,0.49718442655797934,268487.45447022276,326787.65975390363,0.7954028708470806,0.9520760386080886,False,False,False,False,105153.01626945478,178504.5147467176
Udu,20,202410.870834,134.57612541769805,1504.0622562564952,0.8565840938722294,0.4808301755407398,0.5191698244592602,105085.61627953377,0.4402787970279266,0.5597212029720734,113293.65611783144,0.522520717512142,268487.45447022276,326787.65975390363,0.7954028708470806,0.9520760386080886,False,False,False,False,105085.61627953377,113293.65611783144
EnuguNorth,24,339764.074828,157.376110137545,2158.9304407832287,0.9022164276401564,0.6910813085676084,0.3089186914323916,104959.47339160294,0.3484008164386721,0.651599183561328,221389.99376139473,0.7147543885713648,268487.45447022276,326787.65975390363,0.7954028708470806,0.9520760386080886,False,False,False,False,104959.47339160294,221389.99376139473
Iwajowa,223,148926.80527899996,2252.1147631947624,66.12753830881077,0.06649282920469361,0.29666701232889486,0.7033329876711052,104745.13490119197,0.1895925644436855,0.8104074355563144,120691.39035174895,0.302547538328771,268487.45447022276,326787.65975390363,0.7954028708470806,0.9520760386080886,False,False,False,False,104745.13490119197,120691.39035174895
Dass,78,133674.83045399998,526.6742743156406,253.80930296566464,0.4172099087353325,0.21683936961963626,0.7831606303803638,104688.86448434288,0.08428196493970545,0.9157180350602946,122408.45308035488,0.2193896333798178,268487.45447022276,326787.65975390363,0.7954028708470806,0.9520760386080886,False,False,False,False,104688.86448434288,122408.45308035488
IbesikpoAsutan,28,188513.62656900004,175.06080246994458,1076.84658078364,0.8122555410691004,0.4469868013318951,0.5530131986681048,104250.52362144734,0.20767868646808876,0.7923213135319113,149363.36422181432,0.4469868013318951,268487.45447022276,326787.65975390363,0.7954028708470806,0.9520760386080886,False,False,False,False,104250.52362144734,149363.36422181432
OviaNorth-East,304,217060.66376900004,2358.5650982832594,92.03081311047681,0.12777053455019557,0.5214245171260607,0.47857548287393925,103879.91197618697,0.2943726111398963,0.7056273888601037,153163.9493995604,0.5247512905993161,268487.45447022276,326787.65975390363,0.7954028708470806,0.9520760386080886,False,False,False,False,103879.91197618697,153163.9493995604
Isuikwuato,40,154431.270704,335.4625857229751,460.3531877367966,0.6036505867014341,0.3273656297373587,0.6726343702626413,103875.78051884452,0.21962517920102753,0.7803748207989725,120514.2752013916,0.327893322364891,268487.45447022276,326787.65975390363,0.7954028708470806,0.9520760386080886,False,False,False,False,103875.78051884452,120514.2752013916
Orsu,23,200685.12949,136.3530282550685,1471.805445454345,0.8526727509778357,0.4828411526063402,0.5171588473936598,103786.09025609576,0.2919634438470464,0.7080365561529536,142092.40795520914,0.4828411526063402,268487.45447022276,326787.65975390363,0.7954028708470806,0.9520760386080886,False,False,False,False,103786.09025609576,142092.40795520914
Okobo,43,166139.54626099998,273.9662812102099,606.4233362116697,0.681877444589309,0.3759156422679596,0.6240843577320404,103685.0920221888,0.20862639263634503,0.791373607363655,131478.4520503284,0.3759201836059836,268487.45447022276,326787.65975390363,0.7954028708470806,0.9520760386080886,False,False,False,False,103685.0920221888,131478.4520503284
Lau,218,136234.444554,1810.8649093301874,75.23169942278639,0.08735332464146023,0.23954343921955573,0.7604565607804443,103600.37716536896,0.0903003522402862,0.9096996477597138,123932.42622351405,0.24094716571160546,268487.45447022276,326787.65975390363,0.7954028708470806,0.9520760386080886,False,False,False,False,103600.37716536896,123932.42622351405
Ebonyi,73,189346.80737500003,454.96070048505976,416.18277616753824,0.5697522816166884,0.4556540416621282,0.5443459583378718,103070.1693187608,0.24342383519939947,0.7565761648006005,143255.2813410156,0.4665100334088813,268487.45447022276,326787.65975390363,0.7954028708470806,0.9520760386080886,False,False,False,False,103070.1693187608,143255.2813410156
Isokan,13,149466.371558,195.79648653673235,763.3761677840905,0.7509778357235984,0.3115755242630669,0.6884244757369331,102896.3084801178,0.11248495454731147,0.8875150454526886,132653.65354694682,0.3115755242630669,268487.45447022276,326787.65975390363,0.7954028708470806,0.9520760386080886,False,False,False,False,102896.3084801178,132653.65354694682
Ikenne,22,173493.51483300002,141.73719804215574,1224.050688383153,0.8265971316818774,0.41073196796560435,0.5892680320343957,102234.18205637217,0.4025634406420268,0.5974365593579731,103651.36857274901,0.47547594590731435,268487.45447022276,326787.65975390363,0.7954028708470806,0.9520760386080886,False,False,False,False,102234.18205637217,103651.36857274901
Okpe,68,187868.02564099996,436.22710795454094,430.6656377268916,0.5814863102998696,0.45699193101412955,0.5430080689858705,102013.8538275074,0.3377931360719668,0.6622068639280332,124407.49609207791,0.47481121294602585,268487.45447022276,326787.65975390363,0.7954028708470806,0.9520760386080886,False,False,False,False,102013.8538275074,124407.49609207791
OyoEast,22,173614.980615,131.71844051192102,1318.0764966564207,0.8357235984354628,0.41364045826837376,0.5863595417316263,101800.80047115659,0.4365132735258749,0.5634867264741251,97829.73709361504,0.5000445674441303,268487.45447022276,326787.65975390363,0.7954028708470806,0.9520760386080886,False,False,False,False,101800.80047115659,97829.73709361504
Yorro,183,124756.05906399999,1331.318463377498,93.70865235918025,0.13689700130378096,0.18760484660645776,0.8123951533935423,101351.2177400721,0.0773467224586566,0.9226532775413434,115106.58678854101,0.19461575908036474,268487.45447022276,326787.65975390363,0.7954028708470806,0.9520760386080886,True,False,False,False,101351.2177400721,115106.58678854101
Bogoro,92,125481.59233299998,651.1538078430177,192.70653234550613,0.3259452411994785,0.1939209958876329,0.8060790041123671,101148.07698221866,0.05529030981230315,0.9447096901876968,118543.67621716727,0.20181715199477562,268487.45447022276,326787.65975390363,0.7954028708470806,0.9520760386080886,True,False,False,False,101148.07698221866,118543.67621716727
OyoWest,78,216735.02324200002,524.8518621744728,412.945135307441,0.5658409387222947,0.5373350964966667,0.46266490350333334,100275.68861405265,0.47578656841000344,0.5242134315899966,113615.41027942649,0.6613805797440807,268487.45447022276,326787.65975390363,0.7954028708470806,0.9520760386080886,False,False,False,False,100275.68861405265,113615.41027942649
Ukwuani,57,178118.682287,415.17327983246753,429.0225092493313,0.5801825293350718,0.44057015396246885,0.5594298460375311,99644.90700822433,0.20629623666177774,0.7937037633382222,141373.46845203705,0.4407559135006687,268487.45447022276,326787.65975390363,0.7954028708470806,0.9520760386080886,False,False,False,False,99644.90700822433,141373.46845203705
IleshaEast,13,161251.64164,82.86331222756391,1945.9956077686302,0.8970013037809648,0.3828874669452622,0.6171125330547378,99510.40903169522,0.5478493099877535,0.4521506900122465,72910.0410331335,0.5786563434471383,268487.45447022276,326787.65975390363,0.7954028708470806,0.9520760386080886,False,False,False,False,99510.40903169522,72910.0410331335
JosEast,100,125010.680894,799.4223111731275,156.3762721490106,0.25684485006518903,0.20665802333374336,0.7933419766662566,99176.2206848406,0.07046502985909936,0.9295349701409006,116201.79953209794,0.21126800213539143,268487.45447022276,326787.65975390363,0.7954028708470806,0.9520760386080886,False,False,False,False,99176.2206848406,116201.79953209794
AkureNorth,97,199548.16577400002,678.5815372727861,294.06660042061054,0.4641460234680574,0.5039135788326677,0.49608642116733226,98993.13540932922,0.503644297228957,0.496355702771043,99046.87005942638,0.6223130053424621,268487.45447022276,326787.65975390363,0.7954028708470806,0.9520760386080886,False,False,False,False,98993.13540932922,99046.87005942638
Ihitte/Uboma,11,161796.770014,70.85110763701333,2283.61666331206,0.9074315514993481,0.3909995331475604,0.6090004668524396,98534.3084737428,0.22720800015562306,0.772791999844377,125035.24946747979,0.3909995331475604,268487.45447022276,326787.65975390363,0.7954028708470806,0.9520760386080886,False,False,False,False,98534.3084737428,125035.24946747979
Buji,85,131571.475622,544.1411361543019,241.7965981250319,0.39765319426336376,0.25368761210463797,0.746312387895362,98193.42215037123,0.08735974045106408,0.9126402595489359,120077.42566089857,0.28049604802360745,268487.45447022276,326787.65975390363,0.7954028708470806,0.9520760386080886,False,False,False,False,98193.42215037123,120077.42566089857
YolaNorth,21,239351.10996300002,139.63298351155683,1714.1444946866006,0.8826597131681877,0.5912215247434498,0.4087784752565502,97841.58178163803,0.3141307509368001,0.6858692490631999,164163.56605276623,0.5912215247434498,268487.45447022276,326787.65975390363,0.7954028708470806,0.9520760386080886,False,False,False,False,97841.58178163803,164163.56605276623
IjebuEast,275,170904.37065300002,2197.4799017810806,77.77289362896117,0.09647979139504563,0.4279364108344096,0.5720635891655904,97768.16767984159,0.33809206202012226,0.6619079379798778,113122.95957067599,0.4828675841689484,268487.45447022276,326787.65975390363,0.7954028708470806,0.9520760386080886,False,False,False,False,97768.16767984159,113122.95957067599
EsanNorth-East,53,178039.50697699998,345.2463370928259,515.6883298927825,0.6375488917861799,0.45234610898690125,0.5476538910130988,97504.0287500078,0.31793379898763113,0.6820662010123688,121434.73015391751,0.5086861109683324,268487.45447022276,326787.65975390363,0.7954028708470806,0.9520760386080886,False,False,False,False,97504.0287500078,121434.73015391751
Ohimini,76,120718.65386600001,629.3817043382633,191.80515263455985,0.32073011734028684,0.1940416735017177,0.8059583264982824,97294.20424696676,0.129838699216839,0.870161300783161,105044.70087683074,0.2018603049720332,268487.45447022276,326787.65975390363,0.7954028708470806,0.9520760386080886,True,False,False,False,97294.20424696676,105044.70087683074
Oyigbo,57,216701.84756,341.74352794744976,634.1066613946891,0.6936114732724902,0.5516845471348025,0.4483154528651975,97150.78692558639,0.3381384756182109,0.6618615243817891,143426.61516241168,0.5519960192353953,268487.45447022276,326787.65975390363,0.7954028708470806,0.9520760386080886,False,False,False,False,97150.78692558639,143426.61516241168
Igbo-ezeSouth,25,174475.80935300002,183.9515722477652,948.4877308795044,0.7926988265971316,0.44390660271958143,0.5560933972804185,97024.8455663604,0.20954756365035004,0.7904524363496499,137914.8285871559,0.44428371166699565,268487.45447022276,326787.65975390363,0.7954028708470806,0.9520760386080886,False,False,False,False,97024.8455663604,137914.8285871559
Madagali,49,148290.20138299998,410.8759637004964,360.91232995828034,0.5241199478487614,0.3474970688704221,0.6525029311295779,96759.79106020287,0.05188665870774935,0.9481133412922507,140595.91831413683,0.3478381230899657,268487.45447022276,326787.65975390363,0.7954028708470806,0.9520760386080886,False,False,False,False,96759.79106020287,140595.91831413683
Jalingo,29,190535.10472799998,189.5711515148839,1005.0849151118882,0.8057366362451108,0.49366445852460733,0.5063355414753927,96474.69542252253,0.24614787610287361,0.7538521238971264,143635.2933761642,0.49452218942479875,268487.45447022276,326787.65975390363,0.7954028708470806,0.9520760386080886,False,False,False,False,96474.69542252253,143635.2933761642
Ijebu-Ode,27,249533.620581,177.19827984206884,1408.216946594523,0.848761408083442,0.6140743036804908,0.38592569631950924,96301.43627785065,0.5232614922076435,0.4767385077923565,118962.28591980999,0.6816032691197176,268487.45447022276,326787.65975390363,0.7954028708470806,0.9520760386080886,False,False,False,False,96301.43627785065,118962.28591980999
Wushishi,247,122266.55645799999,1878.3027334886121,65.09416947443381,0.0651890482398957,0.2159630610185377,0.7840369389814623,95861.49666513446,0.05134936305000399,0.948650636949996,115988.24666156434,0.2161405096869677,268487.45447022276,326787.65975390363,0.7954028708470806,0.9520760386080886,False,False,False,False,95861.49666513446,115988.24666156434
IleshaWest,8,140715.796038,64.77486863208338,2172.382576910432,0.9035202086049544,0.3201219135042157,0.6798780864957843,95669.58615004651,0.6627622067865733,0.33723779321342673,47454.68452612578,0.663269406008012,268487.45447022276,326787.65975390363,0.7954028708470806,0.9520760386080886,False,False,False,False,95669.58615004651,47454.68452612578
Odogbolu,78,179721.423869,541.7271267210128,331.7563677433413,0.5019556714471969,0.46941808092467396,0.530581919075326,95356.93797536413,0.4050456977544922,0.5949543022455078,106926.03433655004,0.5488200514661425,268487.45447022276,326787.65975390363,0.7954028708470806,0.9520760386080886,False,False,False,False,95356.93797536413,106926.03433655004
Tai,17,172383.152506,101.15595739633025,1704.132479618583,0.8800521512385919,0.44702540280742153,0.5529745971925785,95323.50431979218,0.207044127314443,0.792955872685557,136692.2331316827,0.44702540280742153,268487.45447022276,326787.65975390363,0.7954028708470806,0.9520760386080886,False,False,False,False,95323.50431979218,136692.2331316827
Gudu,169,133495.727051,3991.73602775512,33.44302481997427,0.011734028683181226,0.2873729686660026,0.7126270313339974,95132.66366412774,0.030893005207192525,0.9691069947928075,129371.6428600755,0.2873729686660026,268487.45447022276,326787.65975390363,0.7954028708470806,0.9520760386080886,False,True,False,False,95132.66366412774,129371.6428600755
Chanchaga,11,273917.837812,72.981704814752,3753.2397812202407,0.9439374185136897,0.6527555975802032,0.3472444024197968,95116.43590315076,0.43252306009889363,0.5674769399011064,155442.05638588133,0.6527555975802032,268487.45447022276,326787.65975390363,0.7954028708470806,0.9520760386080886,False,False,False,False,95116.43590315076,155442.05638588133
Tarmuwa,445,121487.774091,4488.450337594752,27.066752431999113,0.010430247718383311,0.2233075759282221,0.7766924240717779,94358.63375382332,0.028655376315815023,0.971344623684185,118006.49620665167,0.2233075759282221,268487.45447022276,326787.65975390363,0.7954028708470806,0.9520760386080886,False,True,False,False,94358.63375382332,118006.49620665167
Oyun,73,137533.70209399998,476.3313903139113,288.73533193637036,0.45371577574967403,0.31811010032000586,0.6818898996799941,93782.84232349585,0.31178365265970676,0.6882163473402932,94652.9420913207,0.38911398885042553,268487.45447022276,326787.65975390363,0.7954028708470806,0.9520760386080886,False,False,False,False,93782.84232349585,94652.9420913207
Ussa,248,126608.59174000002,2244.5685048706487,56.406650750584376,0.0469361147327249,0.2613443583795614,0.7386556416204386,93520.15056636988,0.09304627922689139,0.9069537207731087,114828.13336043649,0.2620130472827906,268487.45447022276,326787.65975390363,0.7954028708470806,0.9520760386080886,False,False,False,False,93520.15056636988,114828.13336043649
Yauri,97,123543.14220700001,948.9858920024114,130.18438234768414,0.21773142112125163,0.24448157218577032,0.7555184278142297,93339.12056746245,0.03721247609789219,0.9627875239021078,118945.79598056352,0.2446502835039368,268487.45447022276,326787.65975390363,0.7954028708470806,0.9520760386080886,False,True,False,False,93339.12056746245,118945.79598056352
Asa,223,194285.72011300002,1563.7467865210588,124.24372141811823,0.2033898305084746,0.5201048447078629,0.4798951552921371,93236.77582467283,0.24456425264739223,0.7554357473526078,146770.37817350373,0.5259224099829155,268487.45447022276,326787.65975390363,0.7954028708470806,0.9520760386080886,False,False,False,False,93236.77582467283,146770.37817350373
Keana,110,117487.43420899998,1052.3817596615352,111.63955772740307,0.17209908735332463,0.20716422549929445,0.7928357745007055,93148.24089519319,0.07442290671550533,0.9255770932844947,108743.67785261951,0.21586281871488996,268487.45447022276,326787.65975390363,0.7954028708470806,0.9520760386080886,False,False,False,False,93148.24089519319,108743.67785261951
IbarapaCentral,57,153151.22130799998,455.00273159536516,336.59407004219406,0.5058670143415906,0.39194168176360855,0.6080583182363914,93124.87406439187,0.4652890439766706,0.5347109560233294,81891.63596174117,0.5105562256566096,268487.45447022276,326787.65975390363,0.7954028708470806,0.9520760386080886,False,False,False,False,93124.87406439187,81891.63596174117
Unuimo,14,138704.664441,85.07019443557525,1630.473109427801,0.8709256844850065,0.32919548618614225,0.6708045138138578,93043.7149940593,0.22271684491166435,0.7772831550883357,107812.79920216936,0.32919548618614225,268487.45447022276,326787.65975390363,0.7954028708470806,0.9520760386080886,False,False,False,False,93043.7149940593,107812.79920216936
Olorunsogo,96,119448.86325299999,1033.102252478562,115.62153016937565,0.18122555410691005,0.22386154998462313,0.7761384500153768,92708.85558128211,0.0968742878576474,0.9031257121423526,107877.3396899601,0.22482581198657958,268487.45447022276,326787.65975390363,0.7954028708470806,0.9520760386080886,False,False,False,False,92708.85558128211,107877.3396899601
OwanWest,71,136259.220032,703.1959023830725,193.77135101360636,0.3272490221642764,0.32077504646136096,0.679224953538639,92550.6623954464,0.39179223102711797,0.608207768972882,82873.91621764775,0.44363954170102493,268487.45447022276,326787.65975390363,0.7954028708470806,0.9520760386080886,False,False,False,False,92550.6623954464,82873.91621764775
Tarka,60,110993.407901,382.43492379863216,290.22822183322,0.4576271186440678,0.16652527075742998,0.83347472924257,92510.20059799611,0.07231877005920324,0.9276812299407967,102966.50115692022,0.1688924316970957,268487.45447022276,326787.65975390363,0.7954028708470806,0.9520760386080886,True,False,False,False,92510.20059799611,102966.50115692022
Kaga,176,135741.965508,2763.2940975052375,49.12324230365158,0.03129074315514994,0.3199692747241781,0.680030725275822,92308.70725477085,0.027798007812621744,0.9722019921873782,131968.60929030797,0.3199692747241781,268487.45447022276,326787.65975390363,0.7954028708470806,0.9520760386080886,False,True,False,False,92308.70725477085,131968.60929030797
AniochaNorth,62,139160.696393,466.33435430469393,298.4139922534531,0.4706649282920469,0.34151614338219843,0.6584838566178015,91635.07205048161,0.2987953425667864,0.7012046574332136,97580.128442421,0.3911489312617418,268487.45447022276,326787.65975390363,0.7954028708470806,0.9520760386080886,False,False,False,False,91635.07205048161,97580.128442421
Orelope,78,154708.47842399997,916.1945959752171,168.85984604539712,0.2803129074315515,0.40979773066759295,0.590202269332407,91309.29505080852,0.2041243762169842,0.7958756237830158,123128.70677022221,0.40979773066759295,268487.45447022276,326787.65975390363,0.7954028708470806,0.9520760386080886,False,False,False,False,91309.29505080852,123128.70677022221
MubiNorth,54,168179.48834900002,360.2302079272458,466.86669981593144,0.60625814863103,0.458305700705254,0.541694299294746,91101.87009696047,0.1887452271426316,0.8112547728573685,136436.41261983645,0.4596788556335757,268487.45447022276,326787.65975390363,0.7954028708470806,0.9520760386080886,False,False,False,False,91101.87009696047,136436.41261983645
IfeCentral,10,155796.098718,69.94748599585206,2227.3294958340434,0.9061277705345502,0.4169128546502989,0.5830871453497011,90842.70245809884,0.323027786954534,0.6769722130454661,105469.62973297435,0.4369856810719935,268487.45447022276,326787.65975390363,0.7954028708470806,0.9520760386080886,False,False,False,False,90842.70245809884,105469.62973297435
Asari-Toru,12,213212.55926,91.38106344098631,2333.2247539195273,0.9113428943937418,0.5757482891661139,0.42425171083388613,90455.79303732634,0.2317898888605869,0.7682101111394131,163792.0438454433,0.5801429260530687,268487.45447022276,326787.65975390363,0.7954028708470806,0.9520760386080886,False,False,False,False,90455.79303732634,163792.0438454433
AtakumosaEast,87,137690.62708000003,574.4441799788393,239.69365845968204,0.39504563233376794,0.34348555901551503,0.656514440984485,90395.88506622941,0.5166502299841377,0.4833497700158623,66552.73293245787,0.5682844996536243,268487.45447022276,326787.65975390363,0.7954028708470806,0.9520760386080886,False,False,False,False,90395.88506622941,66552.73293245787
Gashaka,310,123716.78009,8113.9138837961455,15.247484982194354,0.002607561929595828,0.2697533718517154,0.7302466281482847,90343.76150608534,0.1176365231017326,0.8823634768982674,109163.16823087075,0.27214177546743845,268487.45447022276,326787.65975390363,0.7954028708470806,0.9520760386080886,False,False,False,False,90343.76150608534,109163.16823087075
Ivo,42,162849.314405,287.6857595299971,566.0666508869017,0.6636245110821382,0.4486950650307616,0.5513049349692384,89779.63068783359,0.24435056047011974,0.7556494395298803,123056.99315796352,0.44956416554629075,268487.45447022276,326787.65975390363,0.7954028708470806,0.9520760386080886,False,False,False,False,89779.63068783359,123056.99315796352
Kalgo,83,129096.87207799999,694.4998096650672,185.88467596594282,0.31029986962190353,0.3047766660517099,0.6952233339482901,89751.15780836306,0.04194561192049143,0.9580543880795086,123681.82478166687,0.3047766660517099,268487.45447022276,326787.65975390363,0.7954028708470806,0.9520760386080886,False,True,False,False,89751.15780836306,123681.82478166687
Bayo,141,117954.16689,1061.4623340552528,111.12421336644441,0.1694915254237288,0.23975049793893113,0.7602495020610689,89674.59664415072,0.08377661166343642,0.9162233883365636,108072.3664563723,0.24875534282570366,268487.45447022276,326787.65975390363,0.7954028708470806,0.9520760386080886,False,False,False,False,89674.59664415072,108072.3664563723
Orolu,13,147402.66462199998,86.92141349932622,1695.8153196984376,0.877444589308996,0.3925731051693265,0.6074268948306736,89536.34286110863,0.6779904479141565,0.3220095520858435,47465.06601119002,0.6847690574260091,268487.45447022276,326787.65975390363,0.7954028708470806,0.9520760386080886,False,False,False,False,89536.34286110863,47465.06601119002
Moba,18,195195.53458099999,139.72912425924378,1396.9566875610533,0.847457627118644,0.5437903266836507,0.4562096733163493,89050.09106400817,0.49486786440174074,0.5051321355982592,98599.53724214438,0.6034165236502292,268487.45447022276,326787.65975390363,0.7954028708470806,0.9520760386080886,False,False,False,False,89050.09106400817,98599.53724214438
Guzamala,312,140434.071237,2305.771330592023,60.905463336185456,0.05867014341590613,0.3700709054565707,0.6299290945434293,88463.50733737086,0.1014829330139903,0.8985170669860096,126182.40979277357,0.3700731310556424,268487.45447022276,326787.65975390363,0.7954028708470806,0.9520760386080886,False,False,False,False,88463.50733737086,126182.40979277357
Karasuwa,165,151025.96729,1157.7358593314555,130.44941648193506,0.21903520208604954,0.4147203056639079,0.5852796943360921,88392.43197230384,0.0919238183860577,0.9080761816139423,137143.08370125535,0.4147203056639079,268487.45447022276,326787.65975390363,0.7954028708470806,0.9520760386080886,False,False,False,False,88392.43197230384,137143.08370125535
OnitshaSouth,4,165704.015817,16.941688460197977,9780.844229682147,0.9713168187744459,0.4682837522021208,0.5317162477978792,88107.51753525567,0.3729351157000088,0.6270648842999912,103907.16950633102,0.5125962095460104,268487.45447022276,326787.65975390363,0.7954028708470806,0.9520760386080886,False,False,False,False,88107.51753525567,103907.16950633102
Uhunmwonde,214,171850.05965299997,2018.808617371628,85.1244928193039,0.10951760104302477,0.48815498374658417,0.5118450162534158,87960.59657624025,0.2436641523895467,0.7563358476104534,129976.3605295587,0.4901944314395558,268487.45447022276,326787.65975390363,0.7954028708470806,0.9520760386080886,False,False,False,False,87960.59657624025,129976.3605295587
Silame,67,136753.063728,608.5106760108473,224.73404184869594,0.36897001303780963,0.3571158534182065,0.6428841465817935,87916.3766672209,0.05590168727953676,0.9440983127204632,129108.33672495878,0.3571158534182065,268487.45447022276,326787.65975390363,0.7954028708470806,0.9520760386080886,False,False,False,False,87916.3766672209,129108.33672495878
EsanCentral,31,142146.07057,254.5735843734529,558.3692861136582,0.6597131681877445,0.38400462705129607,0.615995372948704,87561.32175395996,0.32019538392801455,0.6798046160719855,96631.55492998021,0.41968359535440247,268487.45447022276,326787.65975390363,0.7954028708470806,0.9520760386080886,False,False,False,False,87561.32175395996,96631.55492998021
Imeko-Afon,186,124559.05659600001,1457.3192218421932,85.47136051533394,0.1121251629726206,0.3001668824381992,0.6998331175618008,87170.55289813547,0.20886095517680028,0.7911390448231997,98543.53305943833,0.3056483790795379,268487.45447022276,326787.65975390363,0.7954028708470806,0.9520760386080886,False,False,False,False,87170.55289813547,98543.53305943833
Ibi,262,115162.438664,2836.096649196052,40.60596407976614,0.02346805736636245,0.24459425970956847,0.7554057402904315,86994.36723263033,0.07927484145796175,0.9207251585420383,106032.95459699916,0.24632500890492,268487.45447022276,326787.65975390363,0.7954028708470806,0.9520760386080886,False,False,False,False,86994.36723263033,106032.95459699916
Odeda,203,164960.41516399998,1392.600005792178,118.45498669961769,0.19556714471968709,0.48274266611597066,0.5172573338840294,85326.98454413324,0.2859233501713787,0.7140766498286213,117794.3806146476,0.5114417490706987,268487.45447022276,326787.65975390363,0.7954028708470806,0.9520760386080886,False,False,False,False,85326.98454413324,117794.3806146476
AtakumosaWest,91,121982.29572800001,576.4401556406319,211.6131128866862,0.3494132985658409,0.304875407585248,0.695124592414752,84792.89359974176,0.3354386710979889,0.6645613289020111,81064.7165515178,0.4219823330344268,268487.45447022276,326787.65975390363,0.7954028708470806,0.9520760386080886,False,False,False,False,84792.89359974176,81064.7165515178
EsanWest,52,174598.765573,503.2705409924842,346.9282450522123,0.5110821382007823,0.5170179884624652,0.48298201153753484,84328.06300841803,0.40445553569609843,0.5955444643039016,103981.3283112948,0.5987594261057184,268487.45447022276,326787.65975390363,0.7954028708470806,0.9520760386080886,False,False,False,False,84328.06300841803,103981.3283112948
Wamba,127,102670.272536,1178.7844433851365,87.09842848040982,0.11603650586701435,0.17879045737972876,0.8212095426202712,84313.80754998716,0.05810494561979163,0.9418950543802084,96704.62193352653,0.17915605675547575,268487.45447022276,326787.65975390363,0.7954028708470806,0.9520760386080886,True,False,False,False,84313.80754998716,96704.62193352653
Dikwa,122,108365.30680499999,1783.6927112391595,60.753349566426664,0.05736636245110821,0.22307534145047284,0.7769246585495272,84191.67898808936,0.056280204936237976,0.943719795063762,102266.48513003628,0.2235698338984428,268487.45447022276,326787.65975390363,0.7954028708470806,0.9520760386080886,False,False,False,False,84191.67898808936,102266.48513003628
OwerriWest,43,175296.72398400004,302.7366154336622,579.0403771704064,0.6675358539765319,0.5201234232998009,0.4798765767001991,84120.79181220163,0.38987935356040504,0.610120646439595,106952.15055586136,0.5419278696613228,268487.45447022276,326787.65975390363,0.7954028708470806,0.9520760386080886,False,False,False,False,84120.79181220163,106952.15055586136
OruEast,21,165341.96907599998,142.7679685928069,1158.1167029670157,0.8200782268578879,0.4918942429195829,0.508105757080417,84011.20637452787,0.24441870311142674,0.7555812968885732,124929.29942455444,0.4918942429195829,268487.45447022276,326787.65975390363,0.7954028708470806,0.9520760386080886,False,False,False,False,84011.20637452787,124929.29942455444
IlorinSouth,17,258799.82438900002,164.42590688126649,1573.9601459268936,0.864406779661017,0.6761896274364999,0.3238103725635001,83802.06755477049,0.325914625536161,0.674085374463839,174453.17653443484,0.6761896274364999,268487.45447022276,326787.65975390363,0.7954028708470806,0.9520760386080886,False,False,False,False,83802.06755477049,174453.17653443484
Opobo/Nkoro,22,161022.491049,141.6583860264295,1136.6957902439867,0.8161668839634941,0.4812022924855181,0.5187977075144818,83538.09921449238,0.23013575804816125,0.7698642419518388,123965.45800863513,0.48155155335480715,268487.45447022276,326787.65975390363,0.7954028708470806,0.9520760386080886,False,False,False,False,83538.09921449238,123965.45800863513
OruWest,13,146974.35542900002,91.37234117675806,1608.5212826568702,0.8696219035202086,0.43329455757403,0.56670544242597,83291.16711866322,0.21602954651826767,0.7839704534817323,115223.55207585845,0.43329455757403,268487.45447022276,326787.65975390363,0.7954028708470806,0.9520760386080886,False,False,False,False,83291.16711866322,115223.55207585845
Chibok,131,105985.997168,1393.8012500985794,76.04096865353215,0.09126466753585398,0.21775834435952296,0.782241655640477,82906.66189940323,0.04572614946493435,0.9542738505350656,101139.66562030592,0.21788802946094912,268487.45447022276,326787.65975390363,0.7954028708470806,0.9520760386080886,False,True,False,False,82906.66189940323,101139.66562030592
Kurmi,217,107665.909032,4308.846147974772,24.987178779313048,0.007822685788787484,0.23150418789364527,0.7684958121063548,82740.80019771575,0.14515799121249306,0.8548420087875069,92037.34195484786,0.2495467665786717,268487.45447022276,326787.65975390363,0.7954028708470806,0.9520760386080886,False,False,False,False,82740.80019771575,92037.34195484786
OnitshaNorth,4,198377.468664,28.305702120615887,7008.3924369258375,0.9647979139504563,0.5832403344992467,0.4167596655007533,82675.72748329482,0.4993326378645883,0.5006673621354116,99321.12394310517,0.6339707112631378,268487.45447022276,326787.65975390363,0.7954028708470806,0.9520760386080886,False,False,False,False,82675.72748329482,99321.12394310517
Fagge,4,288969.456594,27.500498940945537,10507.789593728166,0.9752281616688396,0.714467441161981,0.285532558838019,82510.18836731667,0.3885171472291947,0.6114828527708053,176699.8676817285,0.714467441161981,268487.45447022276,326787.65975390363,0.7954028708470806,0.9520760386080886,False,False,False,False,82510.18836731667,176699.8676817285
Kukawa,104,143986.515054,1592.595639061653,90.4099644143418,0.12385919165580182,0.4273787967075324,0.5726212032924676,82449.73150811048,0.07070150784295048,0.9292984921570495,133806.4513306305,0.4273787967075324,268487.45447022276,326787.65975390363,0.7954028708470806,0.9520760386080886,False,False,False,False,82449.73150811048,133806.4513306305
WarriSouth-West,225,134164.673864,1444.2248986782508,92.89735552045046,0.1316818774445893,0.3897923802956841,0.6102076197043159,81868.30628695729,0.2632564955240842,0.7367435044759159,98844.95199943168,0.3953268836560152,268487.45447022276,326787.65975390363,0.7954028708470806,0.9520760386080886,False,False,False,False,81868.30628695729,98844.95199943168
OshimiliNorth,76,182730.71332600003,496.89974660910644,367.74161100498173,0.530638852672751,0.5524590880185609,0.4475409119814391,81779.47008893696,0.25071490890623693,0.7492850910937631,136917.39918010024,0.5580952997774818,268487.45447022276,326787.65975390363,0.7954028708470806,0.9520760386080886,False,False,False,False,81779.47008893696,136917.39918010024
Gagarawa,106,110689.377554,721.277529418777,153.46295016731798,0.2542372881355932,0.2698888002885615,0.7301111997114385,80815.55424126331,0.02554462865026586,0.9744553713497341,107861.858508854,0.2698888002885615,268487.45447022276,326787.65975390363,0.7954028708470806,0.9520760386080886,False,True,False,False,80815.55424126331,107861.858508854
Nangere,150,138206.96355500002,994.0013881688973,139.04101664243993,0.23468057366362452,0.41747200263875545,0.5825279973612445,80509.42570107267,0.19328970280092048,0.8067102971990795,111492.98064443642,0.4177101528886611,268487.45447022276,326787.65975390363,0.7954028708470806,0.9520760386080886,False,False,False,False,80509.42570107267,111492.98064443642
Tarauni,4,316435.74434200005,23.794865350113724,13298.488547256591,0.9791395045632334,0.7459546820305634,0.25404531796943663,80389.01928825876,0.6603860404405072,0.3396139595594928,107465.99608214201,0.7530029781045711,268487.45447022276,326787.65975390363,0.7954028708470806,0.9520760386080886,False,False,False,False,80389.01928825876,107465.99608214201
Ido,164,229349.508771,1067.0681973944163,214.93425568396583,0.3533246414602347,0.6509399729435189,0.3490600270564811,80056.7457369959,0.3846424594501148,0.6153575405498852,141131.9496436469,0.6620173889270243,268487.45447022276,326787.65975390363,0.7954028708470806,0.9520760386080886,False,False,False,False,80056.7457369959,141131.9496436469
Offa,14,122978.83306800002,96.90416672175884,1269.0768336217104,0.8318122555410691,0.35478048556181535,0.6452195144381847,79348.34295830954,0.3964726519942008,0.6035273480057992,74221.08898237794,0.43273053415363605,268487.45447022276,326787.65975390363,0.7954028708470806,0.9520760386080886,False,False,False,False,79348.34295830954,74221.08898237794
Njikoka,13,170844.744102,93.82060928712058,1820.9724430499202,0.8904823989569752,0.5366024847648014,0.46339751523519856,79169.02990786014,0.2015463830443296,0.7984536169556704,136411.60386610785,0.5366024847648014,268487.45447022276,326787.65975390363,0.7954028708470806,0.9520760386080886,False,False,False,False,79169.02990786014,136411.60386610785
Ayedire,40,117385.26681600002,280.64849394935413,418.26437464219345,0.5723598435462842,0.3270096714835474,0.6729903285164526,78999.14927749129,0.16081103578022407,0.839188964219776,98508.4204739811,0.3522365509443907,268487.45447022276,326787.65975390363,0.7954028708470806,0.9520760386080886,False,False,False,False,78999.14927749129,98508.4204739811
Emure/Ise/Orun,25,121898.954757,285.8364996847083,426.4639221774005,0.5788787483702738,0.3600732849807261,0.6399267150192739,78006.3976819301,0.3189961073992658,0.6810038926007342,83013.66269347779,0.3912862445820366,268487.45447022276,326787.65975390363,0.7954028708470806,0.9520760386080886,False,False,False,False,78006.3976819301,83013.66269347779
NsitIbom,18,142955.37164300002,119.58167266054605,1195.462218100966,0.8239895697522817,0.4560494486374839,0.543950551362516,77760.65322544325,0.20328320124747315,0.7967167987525269,113894.94605988874,0.4560494486374839,268487.45447022276,326787.65975390363,0.7954028708470806,0.9520760386080886,False,False,False,False,77760.65322544325,113894.94605988874
EtsakoCentral,93,112607.669829,679.8815939519811,165.6283547469492,0.26988265971316816,0.3142946173394412,0.6857053826605588,77215.6853306083,0.14726633144952156,0.8527336685504785,96024.3514002042,0.31437565811312934,268487.45447022276,326787.65975390363,0.7954028708470806,0.9520760386080886,False,False,False,False,77215.6853306083,96024.3514002042
UkwaWest,44,118863.891483,291.63467290578467,407.57805064351896,0.560625814863103,0.35671435823351133,0.6432856417664887,76463.43471550393,0.248981835940107,0.751018164059893,89268.941554577,0.36631659868439265,268487.45447022276,326787.65975390363,0.7954028708470806,0.9520760386080886,False,False,False,False,76463.43471550393,89268.941554577
OshimiliSouth,46,229451.785122,306.65845178777374,748.2323861753354,0.7392438070404173,0.6669757756637862,0.3330242243362138,76413.00276281366,0.2857929315674962,0.7142070684325038,163876.08679858843,0.6670074382504146,268487.45447022276,326787.65975390363,0.7954028708470806,0.9520760386080886,False,False,False,False,76413.00276281366,163876.08679858843
EtimEkpo,30,141312.452348,192.94839543925545,732.3846981276835,0.727509778357236,0.4610095141373138,0.5389904858626862,76166.0673494962,0.18668184494836057,0.8133181550516394,114931.98302949806,0.4610095141373138,268487.45447022276,326787.65975390363,0.7954028708470806,0.9520760386080886,False,False,False,False,76166.0673494962,114931.98302949806
Roni,37,97219.61352,236.49809379341139,411.0799032694294,0.5632333767926988,0.21831036505447787,0.7816896349455221,75995.56420199355,0.22606273025564014,0.7739372697443598,75241.88225327065,0.30929456416365064,268487.45447022276,326787.65975390363,0.7954028708470806,0.9520760386080886,False,False,False,False,75995.56420199355,75241.88225327065
UrueOffong,20,105830.596011,125.95181816753211,840.2466717092699,0.7744458930899609,0.2857826731734159,0.7142173268265841,75586.04537944058,0.2198129105694182,0.7801870894305818,82567.66467452583,0.2864629368765396,268487.45447022276,326787.65975390363,0.7954028708470806,0.9520760386080886,False,False,False,False,75586.04537944058,82567.66467452583
Ardo-Kola,254,134097.409976,2408.8305973525808,55.669091103118426,0.041720990873533245,0.4378888540592501,0.56211114594075,75377.64878929591,0.1895978049701936,0.8104021950298064,108672.83539236225,0.43816995831048783,268487.45447022276,326787.65975390363,0.7954028708470806,0.9520760386080886,False,False,False,False,75377.64878929591,108672.83539236225
Boluwaduro,25,114773.41314599999,149.1992430192529,769.2627041759821,0.7548891786179922,0.3433170788451076,0.6566829211548924,75369.7402156326,0.4326129164917661,0.567387083508234,65120.952149194534,0.474318950220837,268487.45447022276,326787.65975390363,0.7954028708470806,0.9520760386080886,False,False,False,False,75369.7402156326,65120.952149194534
Idah,8,94533.30251500002,47.85408026073637,1975.449157102771,0.8983050847457628,0.22249987386151535,0.7775001261384846,73499.65462970005,0.05484925466649827,0.9451507453335017,89348.22133088966,0.22249987386151535,268487.45447022276,326787.65975390363,0.7954028708470806,0.9520760386080886,False,False,False,False,73499.65462970005,89348.22133088966
Nkwerre,6,108009.763407,39.16936844989194,2757.5058695463335,0.924380704041721,0.3248821680744877,0.6751178319255122,72919.31729812137,0.22028539847562803,0.779714601524372,84216.7896356307,0.3248821680744877,268487.45447022276,326787.65975390363,0.7954028708470806,0.9520760386080886,False,False,False,False,72919.31729812137,84216.7896356307
Ila,49,109591.60590399998,332.32026420019974,329.77707864958455,0.500651890482399,0.3375816306705246,0.6624183693294754,72595.49287512618,0.41106788976911995,0.58893211023088,64542.015728633676,0.45869563682395187,268487.45447022276,326787.65975390363,0.7954028708470806,0.9520760386080886,False,False,False,False,72595.49287512618,64542.015728633676
Numan,78,128995.283792,810.0284448093395,159.24784446595856,0.25945241199478486,0.4412118044376958,0.5587881955623042,72081.04186617903,0.14407868281600683,0.8559213171839932,110409.81321377166,0.4421986175126485,268487.45447022276,326787.65975390363,0.7954028708470806,0.9520760386080886,False,False,False,False,72081.04186617903,110409.81321377166
Machina,172,94526.101903,1238.5903947425325,76.31748341036447,0.09256844850065189,0.23823747524847408,0.761762524751526,72006.4420405493,0.016740774849416114,0.9832592251505838,92943.66171364891,0.23908782468820855,268487.45447022276,326787.65975390363,0.7954028708470806,0.9520760386080886,False,True,False,False,72006.4420405493,92943.66171364891
Efon,24,124971.67371999999,177.45288626639623,704.2526968673236,0.7222946544980443,0.42408888302723013,0.5759111169727699,71972.57620204175,0.22254815527757843,0.7774518447224216,97159.45827166256,0.4392755142433223,268487.45447022276,326787.65975390363,0.7954028708470806,0.9520760386080886,False,False,False,False,71972.57620204175,97159.45827166256
Gombe,1,160719.249062,15.340759760524977,10476.615993659236,0.9739243807040417,0.554585152838428,0.445414847161572,71586.73975687334,0.06624605678233439,0.9337539432176656,150072.2325626246,0.554585152838428,268487.45447022276,326787.65975390363,0.7954028708470806,0.9520760386080886,False,False,False,False,71586.73975687334,150072.2325626246
Osogbo,8,192313.352461,55.200773630267626,3483.8887177398356,0.940026075619296,0.6313241134111247,0.3686758865888753,70901.29572143804,0.4537839047581808,0.5462160952418191,105044.64844411111,0.6678334206787846,268487.45447022276,326787.65975390363,0.7954028708470806,0.9520760386080886,False,False,False,False,70901.29572143804,105044.64844411111
Maiha,52,93730.492959,316.25625117914694,296.37514708256407,0.4654498044328553,0.2502117776912212,0.7497882223087788,70278.01969185412,0.07120085413905063,0.9287991458609494,87056.80180144492,0.25023949644730825,268487.45447022276,326787.65975390363,0.7954028708470806,0.9520760386080886,False,False,False,False,70278.01969185412,87056.80180144492
Tureta,79,97807.14270699998,1287.7514088591943,75.95188173286203,0.08996088657105607,0.286636734142012,0.713363265857988,69772.0227457038,0.0365068587251141,0.963493141274886,94236.51116588846,0.286636734142012,268487.45447022276,326787.65975390363,0.7954028708470806,0.9520760386080886,False,True,False,False,69772.0227457038,94236.51116588846
KwayaKusar,106,91554.95077200001,732.5538936897572,124.98049844613114,0.20730117340286833,0.23841427199685422,0.7615857280031457,69726.9438359858,0.08465817238835269,0.9153418276116473,83804.07596653688,0.24778776445683467,268487.45447022276,326787.65975390363,0.7954028708470806,0.9520760386080886,False,False,False,False,69726.9438359858,83804.07596653688
Gumel,38,150407.007157,236.98754672108677,634.6620708049932,0.6949152542372882,0.5402826116154694,0.4597173883845306,69144.71652494943,0.2589341712881642,0.7410658287118358,111461.49340286921,0.5512889319068628,268487.45447022276,326787.65975390363,0.7954028708470806,0.9520760386080886,False,False,False,False,69144.71652494943,111461.49340286921
Bomadi,21,110497.05735399999,123.88638810368879,891.9225029106316,0.7835723598435462,0.3809704108454342,0.6190295891545659,68400.94801663511,0.4261228257528068,0.5738771742471932,63411.73903694355,0.46358973143206383,268487.45447022276,326787.65975390363,0.7954028708470806,0.9520760386080886,False,False,False,False,68400.94801663511,63411.73903694355
Igueben,40,108927.56149200001,395.9295572308153,275.11853940345867,0.43546284224250326,0.3735927249027534,0.6264072750972466,68233.0169771915,0.32905333486584587,0.6709466651341541,73084.58412425291,0.43442737263426734,268487.45447022276,326787.65975390363,0.7954028708470806,0.9520760386080886,False,False,False,False,68233.0169771915,73084.58412425291
OgoOluwa,69,92290.13124199997,471.8680739171441,195.58460583244567,0.3324641460234681,0.2736192205150562,0.7263807794849437,67037.7774703317,0.1362273813534678,0.8637726186465322,79717.68833813445,0.2748576404168751,268487.45447022276,326787.65975390363,0.7954028708470806,0.9520760386080886,False,False,False,False,67037.7774703317,79717.68833813445
Etung,126,108485.81416100002,929.3828222196983,116.72887809772202,0.18383311603650587,0.3821515659480049,0.6178484340519951,67027.79039622961,0.2022770242008935,0.7977229757991064,86541.62650450178,0.38846541651714706,268487.45447022276,326787.65975390363,0.7954028708470806,0.9520760386080886,False,False,False,False,67027.79039622961,86541.62650450178
IbadanNorth-West,4,204477.725822,28.60077195372328,7149.377861298631,0.9661016949152542,0.6746808902719854,0.3253191097280146,66520.5117236221,0.6538349590896291,0.3461650409103709,70783.04032443224,0.825699017038562,268487.45447022276,326787.65975390363,0.7954028708470806,0.9520760386080886,False,False,False,False,66520.5117236221,70783.04032443224
OgunWaterside,145,112156.63700399999,953.5537057566604,117.61963309135469,0.18904823989569752,0.40779359335484844,0.5922064066451516,66419.87898154347,0.2742800311228621,0.7257199688771379,81394.31111590732,0.4207609159261173,268487.45447022276,326787.65975390363,0.7954028708470806,0.9520760386080886,False,False,False,False,66419.87898154347,81394.31111590732
OndoEast,53,108124.22907299998,337.7835820007605,320.0991251041815,0.49022164276401564,0.38863488347257863,0.6113651165274214,66103.38190665224,0.3390927667729915,0.6609072332270085,71460.0850814397,0.47245215420913456,268487.45447022276,326787.65975390363,0.7954028708470806,0.9520760386080886,False,False,False,False,66103.38190665224,71460.0850814397
OlaOluwa,51,95967.23644200001,351.27741590187145,273.19500798425435,0.4315514993481095,0.31204698081720084,0.6879530191827992,66020.95005290346,0.24748579921549785,0.7525142007845022,72216.70823264899,0.3688803536475726,268487.45447022276,326787.65975390363,0.7954028708470806,0.9520760386080886,False,False,False,False,66020.95005290346,72216.70823264899
Agwara,199,100416.34069400001,1795.0338367091529,55.94119656156117,0.04302477183833116,0.35509753093277113,0.6449024690672289,64758.74604825667,0.1331399516278905,0.8668600483721095,87046.91395135107,0.35688218218056594,268487.45447022276,326787.65975390363,0.7954028708470806,0.9520760386080886,False,False,False,False,64758.74604825667,87046.91395135107
Ugwunagbo,18,108391.230934,105.81920967314231,1024.3058067509883,0.8083441981747066,0.4107346754599465,0.5892653245400534,63871.19387361939,0.23257075684839623,0.7674292431516038,83182.60031995033,0.4107346754599465,268487.45447022276,326787.65975390363,0.7954028708470806,0.9520760386080886,False,False,False,False,63871.19387361939,83182.60031995033
EdeSouth,35,105075.22835499998,229.84000474171611,457.16683861488264,0.5971316818774446,0.39817359166578814,0.6018264083342119,63237.04728578678,0.2382819596737265,0.7617180403262735,80037.69702940628,0.4250494511946613,268487.45447022276,326787.65975390363,0.7954028708470806,0.9520760386080886,False,False,False,False,63237.04728578678,80037.69702940628
Ibeju-Lekki,74,165320.60231800002,459.4280793349962,359.84000489760007,0.5228161668839635,0.6235785665540462,0.3764214334459538,62230.21810269004,0.4774990537419515,0.5225009462580485,86380.17114710555,0.6264176834928318,268487.45447022276,326787.65975390363,0.7954028708470806,0.9520760386080886,False,False,False,False,62230.21810269004,86380.17114710555
Oke-Ero,46,94609.69125500001,417.511643658559,226.60371918243268,0.3767926988265971,0.343901128071587,0.656098871928413,62073.311705900946,0.28407662675164513,0.7159233732483549,67733.28930526499,0.3768081608203234,268487.45447022276,326787.65975390363,0.7954028708470806,0.9520760386080886,False,False,False,False,62073.311705900946,67733.28930526499
EdeNorth,13,119525.84812000001,85.5718205035115,1396.7898242283532,0.8461538461538461,0.4813546450955056,0.5186453549044945,61991.52591845811,0.41916050890249085,0.5808394910975092,69425.33279501899,0.534587659564725,268487.45447022276,326787.65975390363,0.7954028708470806,0.9520760386080886,False,False,False,False,61991.52591845811,69425.33279501899
AkokoSouth-East,24,105966.86128299999,232.02006020634641,456.7142219890756,0.5958279009126467,0.42317406808050045,0.5768259319194995,61124.4335121508,0.26768966432485897,0.732310335675141,77600.62775659483,0.4292563128981265,268487.45447022276,326787.65975390363,0.7954028708470806,0.9520760386080886,False,False,False,False,61124.4335121508,77600.62775659483
Aleiro,46,92650.241473,365.5191667532,253.47574053635827,0.41460234680573665,0.34420272200004626,0.6557972779999537,60759.77616403182,0.12161478766761187,0.8783852123323881,81382.60202890814,0.3450213863549532,268487.45447022276,326787.65975390363,0.7954028708470806,0.9520760386080886,False,False,False,False,60759.77616403182,81382.60202890814
Patani,31,96774.32204600002,210.38546126433855,459.9857873468169,0.6023468057366362,0.3733714714532607,0.6266285285467392,60641.551024793254,0.27726298321321774,0.7227370167867823,69942.38481708939,0.38937807443438693,268487.45447022276,326787.65975390363,0.7954028708470806,0.9520760386080886,False,False,False,False,60641.551024793254,69942.38481708939
OgbomoshoSouth,11,111032.67405400002,71.71798292737172,1548.1845629490444,0.8604954367666232,0.45983859512097147,0.5401614048790285,59975.56520448391,0.23434364112344586,0.7656563588765541,85012.8729325129,0.45983859512097147,268487.45447022276,326787.65975390363,0.7954028708470806,0.9520760386080886,False,False,False,False,59975.56520448391,85012.8729325129
Kolokuma/Opokuma,69,104164.55557099999,441.2576845869404,236.0628703124072,0.3859191655801825,0.4246232534087809,0.5753767465912192,59933.86309456223,0.32542317426086925,0.6745768257391307,70266.99525161246,0.4335293832128567,268487.45447022276,326787.65975390363,0.7954028708470806,0.9520760386080886,False,False,False,False,59933.86309456223,70266.99525161246
NsitAtai,20,112046.868892,131.6476990423793,851.1114869993322,0.7757496740547588,0.47874915621751907,0.521250843782481,58404.52495314002,0.21708090496619636,0.7829190950338036,87723.63319429588,0.47874915621751907,268487.45447022276,326787.65975390363,0.7954028708470806,0.9520760386080886,False,False,False,False,58404.52495314002,87723.63319429588
Keffi,26,118805.65422800001,157.7669996119328,753.0450253870081,0.7444589308996089,0.5119572562471476,0.4880427437528524,57982.23746278579,0.31339900324000086,0.6866009967599991,81572.08061366862,0.5264490144989321,268487.45447022276,326787.65975390363,0.7954028708470806,0.9520760386080886,False,False,False,False,57982.23746278579,81572.08061366862
UkwaEast,34,92404.22867600001,245.64504860310112,376.16971806055557,0.5384615384615384,0.3769959005854437,0.6230040994145563,57568.2132683881,0.28559710988475717,0.7144028901152428,66013.8480250042,0.38153433891709115,268487.45447022276,326787.65975390363,0.7954028708470806,0.9520760386080886,False,False,False,False,57568.2132683881,66013.8480250042
Ika,22,97748.511633,129.9108163783096,752.4278143888292,0.741851368970013,0.41119227910904954,0.5888077208909505,57555.07835510929,0.19135356741255402,0.808646432587446,79043.98522275791,0.41119227910904954,268487.45447022276,326787.65975390363,0.7954028708470806,0.9520760386080886,False,False,False,False,57555.07835510929,79043.98522275791
Abadam,147,79622.406093,2172.461702542391,36.65077547733956,0.01694915254237288,0.2804135867758059,0.719586413224194,57295.20161274208,0.045777549912719734,0.9542224500872802,75977.48742390684,0.2804135867758059,268487.45447022276,326787.65975390363,0.7954028708470806,0.9520760386080886,False,True,False,False,57295.20161274208,75977.48742390684
Tafa,20,118007.323634,138.088151929033,854.5796434052284,0.7770534550195567,0.5195411171724346,0.48045888282756544,56697.6668786626,0.2302996733089031,0.7697003266910969,90830.2755530318,0.5196348392057193,268487.45447022276,326787.65975390363,0.7954028708470806,0.9520760386080886,False,False,False,False,56697.6668786626,90830.2755530318
UdungUko,9,78362.44407800001,53.60173674018795,1461.9385274366996,0.8513689700130378,0.28398967152258225,0.7160103284774177,56108.31932458207,0.20489401599032567,0.7951059840096744,62306.44820804128,0.28493850603924037,268487.45447022276,326787.65975390363,0.7954028708470806,0.9520760386080886,False,False,False,False,56108.31932458207,62306.44820804128
Teungo,166,66909.779684,4020.6123614242942,16.6416887949619,0.003911342894393742,0.166152978092115,0.8338470219078851,55792.52052601611,0.04473824607693042,0.9552617539230696,63916.353495544,0.16730564661879482,268487.45447022276,326787.65975390363,0.7954028708470806,0.9520760386080886,True,True,False,False,55792.52052601611,63916.353495544
Egbedore,45,123788.24638899999,300.7973728992609,411.53366864828814,0.5645371577574967,0.5561637646827089,0.4438362353172911,54941.70925382301,0.44548402700940193,0.5545159729905981,68642.55989119622,0.6132989301364412,268487.45447022276,326787.65975390363,0.7954028708470806,0.9520760386080886,False,False,False,False,54941.70925382301,68642.55989119622
Hadejia,7,140821.834647,47.20741265915904,2983.0449650724117,0.9308996088657105,0.6145055506015574,0.3854944493984426,54286.035610523795,0.23662060892106931,0.7633793910789307,107500.48638344473,0.6145055506015574,268487.45447022276,326787.65975390363,0.7954028708470806,0.9520760386080886,False,False,False,False,54286.035610523795,107500.48638344473
Damaturu,194,132981.580015,2440.463406087332,54.49029872084928,0.03780964797913951,0.5962289621045838,0.40377103789541624,53694.1105836289,0.2554650647748406,0.7445349352251593,99009.43206260737,0.5962497570293042,268487.45447022276,326787.65975390363,0.7954028708470806,0.9520760386080886,False,False,False,False,53694.1105836289,99009.43206260737
Ogu/Bolo,8,80989.148194,51.92825829130844,1559.6353673112826,0.8617992177314211,0.3605075309577146,0.6394924690422854,51791.95034421261,0.22256104641986413,0.7774389535801358,62964.118623289905,0.3605075309577146,268487.45447022276,326787.65975390363,0.7954028708470806,0.9520760386080886,False,False,False,False,51791.95034421261,62964.118623289905
IjebuNorth-East,19,84641.297488,127.04487576001925,666.2314948292974,0.7040417209908736,0.3896520921140291,0.6103479078859708,51660.63884255487,0.2742526472460695,0.7257473527539304,61428.1975855739,0.4186975765155365,268487.45447022276,326787.65975390363,0.7954028708470806,0.9520760386080886,False,False,False,False,51660.63884255487,61428.1975855739
OwerriMunicipal,5,158299.34881500003,34.13768292914336,4637.08533304877,0.954367666232073,0.6778130677858025,0.3221869322141975,51001.981566210015,0.6186000701621015,0.3813999298378985,60375.360531426035,0.7223347818761886,268487.45447022276,326787.65975390363,0.7954028708470806,0.9520760386080886,False,False,False,False,51001.981566210015,60375.360531426035
Bida,6,165568.3498,50.63874949372389,3269.5979157328984,0.9361147327249022,0.6997431317611463,0.30025686823885367,49713.03419042303,0.44946861523954246,0.5505313847604576,91150.57288789783,0.6997431317611463,268487.45447022276,326787.65975390363,0.7954028708470806,0.9520760386080886,False,False,False,False,49713.03419042303,91150.57288789783
Remo-North,24,89064.554401,163.26848391929568,545.5097779007061,0.651890482398957,0.4469208922036203,0.5530791077963797,49259.744284387205,0.4232209139541139,0.5767790860458861,51370.57228649288,0.5031569735564049,268487.45447022276,326787.65975390363,0.7954028708470806,0.9520760386080886,False,False,False,False,49259.744284387205,51370.57228649288
EasternObolo,15,83239.1182,87.49513150062943,951.3571415045097,0.7940026075619296,0.40979238031528953,0.5902076196847105,49128.36181747626,0.2190414842010263,0.7809585157989737,65006.29820588734,0.40979238031528953,268487.45447022276,326787.65975390363,0.7954028708470806,0.9520760386080886,False,False,False,False,49128.36181747626,65006.29820588734
Bonny,58,94062.54424,397.72358630536695,236.5023033051402,0.38722294654498046,0.4793775534130041,0.520622446586996,48971.07191442635,0.24894523687736736,0.7510547631226326,70646.12188288536,0.47999665181169965,268487.45447022276,326787.65975390363,0.7954028708470806,0.9520760386080886,False,False,False,False,48971.07191442635,70646.12188288536
Oron,12,106742.87054999999,75.70529038193041,1409.9790121864157,0.8500651890482399,0.5610422693886042,0.43895773061139576,46855.608215573986,0.35627880927796635,0.6437211907220337,68712.6477315339,0.5664098137203513,268487.45447022276,326787.65975390363,0.7954028708470806,0.9520760386080886,False,False,False,False,46855.608215573986,68712.6477315339
Ifedayo,19,70739.174147,114.26723999921876,619.0678461078052,0.6870925684485006,0.34760719122609396,0.652392808773906,46149.72851210781,0.35191458205484755,0.6480854179451525,45845.02724215342,0.4238047172562582,268487.45447022276,326787.65975390363,0.7954028708470806,0.9520760386080886,False,False,False,False,46149.72851210781,45845.02724215342
Ekiti,45,72068.471723,544.9131543662156,132.2568030254698,0.2255541069100391,0.38245802457843536,0.6175419754215646,44505.30639343459,0.3256411957245416,0.6743588042754585,48600.00841708197,0.41304434469870094,268487.45447022276,326787.65975390363,0.7954028708470806,0.9520760386080886,False,False,False,False,44505.30639343459,48600.00841708197
Ewekoro,90,78263.52504600001,612.2594041869119,127.82739556272712,0.2151238591916558,0.45534106308244193,0.5446589369175581,42626.928350975046,0.2552532351032878,0.7447467648967122,58286.50708742132,0.45534106308244193,268487.45447022276,326787.65975390363,0.7954028708470806,0.9520760386080886,False,False,False,False,42626.928350975046,58286.50708742132
Isin,74,79212.116951,630.9533597325893,125.54353777365047,0.20990873533246415,0.4676817711944862,0.5323182288055138,42166.05379529154,0.23049203991024503,0.769507960089755,60954.354529355114,0.46777386360545903,268487.45447022276,326787.65975390363,0.7954028708470806,0.9520760386080886,False,False,False,False,42166.05379529154,60954.354529355114
EsitEket,14,84669.117563,85.36283450217994,991.8733141509938,0.8044328552803129,0.5166359499427917,0.4833640500572083,40926.007580021585,0.26357457956559543,0.7364254204344045,62352.4904991423,0.5166359499427917,268487.45447022276,326787.65975390363,0.7954028708470806,0.9520760386080886,False,False,False,False,40926.007580021585,62352.4904991423
Mopa-Muro,75,58913.75994600001,875.909491882394,67.26009992127155,0.07040417209908735,0.32607638551881396,0.673923614481186,39703.37404548525,0.21242925034348334,0.7875707496565166,46398.754085755296,0.3295279801312471,268487.45447022276,326787.65975390363,0.7954028708470806,0.9520760386080886,False,False,False,False,39703.37404548525,46398.754085755296
Ogori/Magongo,10,50522.37408,74.75163878036079,675.8697856571079,0.7079530638852672,0.22443714919647553,0.7755628508035245,39183.2764708469,0.1560609236014085,0.8439390763985914,42637.80571853934,0.22443714919647553,268487.45447022276,326787.65975390363,0.7954028708470806,0.9520760386080886,False,False,False,False,39183.2764708469,42637.80571853934
Ilejemeje,13,48931.084999,99.98516411279289,489.3834543673002,0.6192959582790091,0.5412591497755518,0.4587408502244482,22446.687534846,0.26145043419072156,0.7385495658092784,36138.031580588344,0.5412591497755518,268487.45447022276,326787.65975390363,0.7954028708470806,0.9520760386080886,False,False,False,False,22446.687534846,36138.031580588344
Mbo,6,29524.56414,40.0174491786231,737.7922567781184,0.7327249022164276,0.33095638119011567,0.6690436188098843,19753.221236010137,0.19945357055625118,0.8005464294437488,23635.784403159945,0.33095638119011567,268487.45447022276,326787.65975390363,0.7954028708470806,0.9520760386080886,False,False,False,False,19753.221236010137,23635.784403159945
Kala/Balge,25,25849.159314,412.9138472868215,62.60182235071533,0.061277705345501955,0.26254196244167344,0.7374580375583266,19062.670300234982,0.055069090392733465,0.9449309096072666,24425.669623161168,0.26254196244167344,268487.45447022276,326787.65975390363,0.7954028708470806,0.9520760386080886,False,False,False,False,19062.670300234982,24425.669623161168
LakeChad,9,5229.976552,150.62997200353658,34.720689929340274,0.014341590612777053,0.22288254901756258,0.7771174509824375,4064.3060467881573,0.0358726555010812,0.9641273444989188,5042.363404871371,0.22288254901756258,268487.45447022276,326787.65975390363,0.7954028708470806,0.9520760386080886,False,True,False,False,4064.3060467881573,5042.363404871371
Bakassi,1,32.67872,4.580244761062458,7.134710414999671,0.001303780964797914,0.24954462659380697,0.7504553734061931,24.52392102003643,0.30244530244530254,0.6975546975546975,22.79519464607464,0.30244530244530254,268487.45447022276,326787.65975390363,0.7954028708470806,0.9520760386080886,False,False,False,False,24.52392102003643,22.79519464607464
